[2026-06-08 17:17:19] ========== Song Change Detected ==========
[2026-06-08 17:17:19] File: unknown
[2026-06-08 17:17:19] Artist: unknown
[2026-06-08 17:17:19] Title: unknown
[2026-06-08 17:21:31] ========== Song Change Detected ==========
[2026-06-08 17:21:31] File: /home/vlvin/Music/April Rain - 2014 - One Is Glad To Be Of Service/04 - You Are Playing On A Golden String.mp3
[2026-06-08 17:21:31] Artist: unknown
[2026-06-08 17:21:31] Title: unknown
[2026-06-08 17:21:31] Extracting album art...
[2026-06-08 17:21:31] Album art extracted successfully
[2026-06-08 17:21:31] Generating theme (format: image/jpeg)...
Theme written to: /home/vlvin/.config/rmpc/themes/current-song.ron
{
  "version": "1.0.0",
  "clusters": [
    {
      "rgb": {
        "r": 248,
        "g": 249,
        "b": 250
      },
      "hsv": [
        210.0,
        0.007999999,
        0.98039216
      ],
      "lab": [
        97.877205,
        -0.15357137,
        -0.5944133
      ],
      "count": 6103,
      "share": 0.19928163265306123
    },
    {
      "rgb": {
        "r": 237,
        "g": 240,
        "b": 244
      },
      "hsv": [
        214.2857,
        0.028688522,
        0.95686275
      ],
      "lab": [
        94.67719,
        -0.27525425,
        -2.2744536
      ],
      "count": 2477,
      "share": 0.08088163265306123
    },
    {
      "rgb": {
        "r": 224,
        "g": 231,
        "b": 239
      },
      "hsv": [
        212.0,
        0.0627615,
        0.9372549
      ],
      "lab": [
        91.33852,
        -0.84736943,
        -4.6879888
      ],
      "count": 2080,
      "share": 0.06791836734693878
    },
    {
      "rgb": {
        "r": 212,
        "g": 222,
        "b": 234
      },
      "hsv": [
        212.72726,
        0.09401709,
        0.91764706
      ],
      "lab": [
        88.054855,
        -1.0562539,
        -7.010603
      ],
      "count": 1629,
      "share": 0.053191836734693874
    },
    {
      "rgb": {
        "r": 199,
        "g": 211,
        "b": 227
      },
      "hsv": [
        214.2857,
        0.12334801,
        0.8901961
      ],
      "lab": [
        84.10918,
        -0.9031594,
        -9.261155
      ],
      "count": 1557,
      "share": 0.05084081632653061
    },
    {
      "rgb": {
        "r": 188,
        "g": 200,
        "b": 218
      },
      "hsv": [
        216.0,
        0.13761467,
        0.85490197
      ],
      "lab": [
        80.21391,
        -0.4836321,
        -10.336518
      ],
      "count": 1325,
      "share": 0.04326530612244898
    },
    {
      "rgb": {
        "r": 178,
        "g": 189,
        "b": 209
      },
      "hsv": [
        218.70969,
        0.14832535,
        0.81960785
      ],
      "lab": [
        76.352486,
        0.2770424,
        -11.320257
      ],
      "count": 1257,
      "share": 0.041044897959183674
    },
    {
      "rgb": {
        "r": 103,
        "g": 115,
        "b": 138
      },
      "hsv": [
        219.42857,
        0.25362322,
        0.5411765
      ],
      "lab": [
        48.234253,
        0.97966194,
        -14.055204
      ],
      "count": 1254,
      "share": 0.04094693877551021
    },
    {
      "rgb": {
        "r": 167,
        "g": 177,
        "b": 197
      },
      "hsv": [
        220.0,
        0.15228425,
        0.77254903
      ],
      "lab": [
        72.02102,
        0.63192844,
        -11.335171
      ],
      "count": 1160,
      "share": 0.037877551020408164
    },
    {
      "rgb": {
        "r": 114,
        "g": 127,
        "b": 152
      },
      "hsv": [
        219.4737,
        0.25000003,
        0.59607846
      ],
      "lab": [
        52.97419,
        1.0549128,
        -15.0045395
      ],
      "count": 1106,
      "share": 0.03611428571428572
    },
    {
      "rgb": {
        "r": 136,
        "g": 149,
        "b": 168
      },
      "hsv": [
        215.625,
        0.19047618,
        0.65882355
      ],
      "lab": [
        61.268936,
        -0.49427152,
        -11.517012
      ],
      "count": 969,
      "share": 0.03164081632653061
    },
    {
      "rgb": {
        "r": 154,
        "g": 164,
        "b": 183
      },
      "hsv": [
        219.31033,
        0.15846993,
        0.7176471
      ],
      "lab": [
        67.15625,
        0.4515946,
        -10.978329
      ],
      "count": 905,
      "share": 0.029551020408163264
    },
    {
      "rgb": {
        "r": 126,
        "g": 140,
        "b": 164
      },
      "hsv": [
        217.89473,
        0.23170733,
        0.6431373
      ],
      "lab": [
        57.91485,
        0.3937781,
        -14.363146
      ],
      "count": 877,
      "share": 0.02863673469387755
    },
    {
      "rgb": {
        "r": 118,
        "g": 132,
        "b": 149
      },
      "hsv": [
        212.90323,
        0.20805372,
        0.58431375
      ],
      "lab": [
        54.57807,
        -1.2461543,
        -10.814798
      ],
      "count": 776,
      "share": 0.02533877551020408
    },
    {
      "rgb": {
        "r": 66,
        "g": 69,
        "b": 79
      },
      "hsv": [
        226.15385,
        0.16455695,
        0.30980393
      ],
      "lab": [
        29.359234,
        1.1748224,
        -6.4074874
      ],
      "count": 744,
      "share": 0.02429387755102041
    },
    {
      "rgb": {
        "r": 78,
        "g": 79,
        "b": 81
      },
      "hsv": [
        220.0,
        0.037037034,
        0.31764707
      ],
      "lab": [
        33.57496,
        0.035449862,
        -1.318723
      ],
      "count": 717,
      "share": 0.023412244897959185
    },
    {
      "rgb": {
        "r": 55,
        "g": 58,
        "b": 70
      },
      "hsv": [
        228.0,
        0.21428575,
        0.27450982
      ],
      "lab": [
        24.577755,
        1.7785877,
        -7.7944098
      ],
      "count": 700,
      "share": 0.022857142857142857
    },
    {
      "rgb": {
        "r": 45,
        "g": 48,
        "b": 58
      },
      "hsv": [
        226.15385,
        0.22413792,
        0.22745098
      ],
      "lab": [
        19.952457,
        1.3196766,
        -6.7691803
      ],
      "count": 650,
      "share": 0.02122448979591837
    },
    {
      "rgb": {
        "r": 59,
        "g": 60,
        "b": 60
      },
      "hsv": [
        180.0,
        0.016666666,
        0.23529412
      ],
      "lab": [
        25.222515,
        -0.4248023,
        -0.14900565
      ],
      "count": 628,
      "share": 0.02050612244897959
    },
    {
      "rgb": {
        "r": 91,
        "g": 100,
        "b": 121
      },
      "hsv": [
        222.0,
        0.24793386,
        0.4745098
      ],
      "lab": [
        42.336212,
        1.6062558,
        -12.903177
      ],
      "count": 611,
      "share": 0.019951020408163267
    },
    {
      "rgb": {
        "r": 76,
        "g": 80,
        "b": 92
      },
      "hsv": [
        225.0,
        0.17391303,
        0.36078432
      ],
      "lab": [
        34.07934,
        1.2403876,
        -7.5502396
      ],
      "count": 558,
      "share": 0.018220408163265304
    },
    {
      "rgb": {
        "r": 89,
        "g": 93,
        "b": 103
      },
      "hsv": [
        222.85713,
        0.13592231,
        0.40392157
      ],
      "lab": [
        39.465176,
        0.70026517,
        -6.237668
      ],
      "count": 504,
      "share": 0.016457142857142858
    },
    {
      "rgb": {
        "r": 97,
        "g": 98,
        "b": 98
      },
      "hsv": [
        180.0,
        0.0102040805,
        0.38431373
      ],
      "lab": [
        41.467052,
        -0.3913641,
        -0.13748407
      ],
      "count": 425,
      "share": 0.013877551020408163
    },
    {
      "rgb": {
        "r": 38,
        "g": 39,
        "b": 38
      },
      "hsv": [
        120.0,
        0.025641022,
        0.15294118
      ],
      "lab": [
        15.503208,
        -0.69765747,
        0.50072074
      ],
      "count": 414,
      "share": 0.013518367346938776
    },
    {
      "rgb": {
        "r": 34,
        "g": 36,
        "b": 45
      },
      "hsv": [
        229.09091,
        0.24444443,
        0.1764706
      ],
      "lab": [
        14.351326,
        1.5581697,
        -6.242317
      ],
      "count": 333,
      "share": 0.010873469387755103
    },
    {
      "rgb": {
        "r": 108,
        "g": 111,
        "b": 122
      },
      "hsv": [
        227.14287,
        0.11475409,
        0.47843137
      ],
      "lab": [
        46.92461,
        1.242578,
        -6.4714074
      ],
      "count": 316,
      "share": 0.010318367346938775
    },
    {
      "rgb": {
        "r": 25,
        "g": 17,
        "b": 20
      },
      "hsv": [
        337.5,
        0.31999996,
        0.09803922
      ],
      "lab": [
        5.9446297,
        4.182786,
        -0.48374236
      ],
      "count": 254,
      "share": 0.008293877551020408
    },
    {
      "rgb": {
        "r": 192,
        "g": 194,
        "b": 200
      },
      "hsv": [
        225.0,
        0.039999995,
        0.78431374
      ],
      "lab": [
        78.43841,
        0.4388392,
        -3.245449
      ],
      "count": 132,
      "share": 0.004310204081632653
    },
    {
      "rgb": {
        "r": 160,
        "g": 153,
        "b": 157
      },
      "hsv": [
        325.7143,
        0.043749996,
        0.627451
      ],
      "lab": [
        63.909576,
        3.301084,
        -1.18047
      ],
      "count": 94,
      "share": 0.0030693877551020406
    },
    {
      "rgb": {
        "r": 67,
        "g": 50,
        "b": 57
      },
      "hsv": [
        335.29413,
        0.25373137,
        0.2627451
      ],
      "lab": [
        22.896214,
        9.02687,
        -1.4492869
      ],
      "count": 70,
      "share": 0.002285714285714286
    }
  ],
  "roleAssignments": [
    {
      "role": "Background",
      "rgb": {
        "r": 199,
        "g": 211,
        "b": 227
      },
      "hsv": [
        214.2857,
        0.12334801,
        0.8901961
      ],
      "lab": [
        84.10918,
        -0.9031594,
        -9.261155
      ],
      "hex": "#c7d3e3",
      "sourceClusterIndex": 4,
      "confidence": 0.9,
      "origin": "cluster"
    },
    {
      "role": "Text",
      "rgb": {
        "r": 25,
        "g": 17,
        "b": 20
      },
      "hsv": [
        337.5,
        0.31999996,
        0.09803922
      ],
      "lab": [
        5.9446297,
        4.182786,
        -0.48374236
      ],
      "hex": "#191114",
      "sourceClusterIndex": 26,
      "confidence": 0.9,
      "contrastAgainstBackground": 12.243858,
      "origin": "cluster"
    },
    {
      "role": "Accent",
      "rgb": {
        "r": 210,
        "g": 210,
        "b": 210
      },
      "hsv": [
        0.0,
        0.0,
        0.8235294
      ],
      "lab": [
        84.19848,
        -0.000029802322,
        0.000011920929
      ],
      "hex": "#d2d2d2",
      "confidence": 0.45,
      "contrastAgainstBackground": 1.0024723,
      "contrastAgainstText": 12.274129,
      "origin": "synthetic:bg-neutral"
    },
    {
      "role": "Border",
      "rgb": {
        "r": 34,
        "g": 36,
        "b": 45
      },
      "hsv": [
        229.09091,
        0.24444443,
        0.1764706
      ],
      "lab": [
        14.351326,
        1.5581697,
        -6.242317
      ],
      "hex": "#22242d",
      "sourceClusterIndex": 24,
      "confidence": 0.8,
      "origin": "cluster"
    },
    {
      "role": "ActiveItem",
      "rgb": {
        "r": 19,
        "g": 19,
        "b": 19
      },
      "hsv": [
        0.0,
        0.0,
        0.07450981
      ],
      "lab": [
        5.882347,
        0.0,
        0.0
      ],
      "hex": "#131313",
      "confidence": 0.45,
      "contrastAgainstBackground": 12.258739,
      "contrastAgainstText": 1.0012155,
      "origin": "synthetic:text-neutral"
    },
    {
      "role": "HighlightText",
      "rgb": {
        "r": 255,
        "g": 255,
        "b": 255
      },
      "hsv": [
        0.0,
        0.0,
        1.0
      ],
      "lab": [
        100.0,
        0.0,
        0.0
      ],
      "hex": "#ffffff",
      "confidence": 0.65,
      "contrastAgainstBackground": 18.580093,
      "origin": "accent_adjusted:+15.8"
    },
    {
      "role": "Frame",
      "rgb": {
        "r": 104,
        "g": 115,
        "b": 130
      },
      "hsv": [
        214.61539,
        0.20000003,
        0.50980395
      ],
      "lab": [
        48.027176,
        -0.66393614,
        -9.6181755
      ],
      "hex": "#687382",
      "confidence": 0.65,
      "contrastAgainstBackground": 3.1754663,
      "contrastAgainstText": 3.855767,
      "origin": "background_adjusted:-36.0"
    },
    {
      "role": "HeaderAccent",
      "rgb": {
        "r": 0,
        "g": 0,
        "b": 0
      },
      "hsv": [
        0.0,
        0.0,
        0.0
      ],
      "lab": [
        0.0,
        0.0,
        0.0
      ],
      "hex": "#000000",
      "confidence": 0.6,
      "contrastAgainstBackground": 13.85534,
      "contrastAgainstText": 1.1316155,
      "origin": "header_accent:black"
    },
    {
      "role": "InactiveItem",
      "rgb": {
        "r": 34,
        "g": 36,
        "b": 45
      },
      "hsv": [
        229.09091,
        0.24444443,
        0.1764706
      ],
      "lab": [
        14.351326,
        1.5581697,
        -6.242317
      ],
      "hex": "#22242d",
      "sourceClusterIndex": 24,
      "confidence": 0.7,
      "origin": "cluster"
    },
    {
      "role": "ProgressBar",
      "rgb": {
        "r": 210,
        "g": 210,
        "b": 210
      },
      "hsv": [
        0.0,
        0.0,
        0.8235294
      ],
      "lab": [
        84.19848,
        -0.000029802322,
        0.000011920929
      ],
      "hex": "#d2d2d2",
      "confidence": 0.45,
      "contrastAgainstBackground": 1.0024723,
      "contrastAgainstText": 12.274129,
      "origin": "synthetic:bg-neutral"
    },
    {
      "role": "Scrollbar",
      "rgb": {
        "r": 19,
        "g": 19,
        "b": 19
      },
      "hsv": [
        0.0,
        0.0,
        0.07450981
      ],
      "lab": [
        5.882347,
        0.0,
        0.0
      ],
      "hex": "#131313",
      "confidence": 0.45,
      "contrastAgainstBackground": 12.258739,
      "contrastAgainstText": 1.0012155,
      "origin": "synthetic:text-neutral"
    }
  ],
  "totalSamples": 30625,
  "iterations": 40,
  "durationMs": 92.566531,
  "colorSpace": "CIELAB",
  "scrollbarEnabled": true
}
[2026-06-08 17:21:31] Theme generated successfully: /home/vlvin/.config/rmpc/themes/current-song.ron
[2026-06-08 17:21:31] ========== Theme Update Complete ==========

[2026-06-08 17:23:03] ========== Song Change Detected ==========
[2026-06-08 17:23:03] File: April Rain - 2014 - One Is Glad To Be Of Service/05 - Happiness Is When You Can Return.mp3
[2026-06-08 17:23:03] Artist: April Rain
[2026-06-08 17:23:03] Title: Happiness Is When You Can Return
[2026-06-08 17:23:03] Extracting album art...
[2026-06-08 17:23:03] Album art extracted successfully
[2026-06-08 17:23:03] Album art hash unchanged; skipping theme generation (skip_count=1)
[2026-06-08 17:23:28] ========== Song Change Detected ==========
[2026-06-08 17:23:28] File: April Rain - 2014 - Songs For Someone (EP)/01 - Sutekina D.mp3
[2026-06-08 17:23:28] Artist: April Rain
[2026-06-08 17:23:28] Title: Sutekina D
[2026-06-08 17:23:28] Extracting album art...
[2026-06-08 17:23:28] Album art extracted successfully
[2026-06-08 17:23:28] Generating theme (format: image/png)...
/home/vlvin/.config/rmpc/theme-switcher/on_song_change.sh: line 153: rmpc-theme-gen: command not found
[2026-06-08 17:23:28] ERROR: Theme generation failed
[2026-06-08 17:23:35] ========== Song Change Detected ==========
[2026-06-08 17:23:35] File: Everlasting Summer - 2013 - Bonus Tracks/01 A Promise From Distant Days (Silent Owl cover).flac
[2026-06-08 17:23:35] Artist: Silent Owl
[2026-06-08 17:23:35] Title: A Promise From Distant Days (Silent Owl cover)
[2026-06-08 17:23:35] Extracting album art...
[2026-06-08 17:23:35] Album art extracted successfully
[2026-06-08 17:23:35] Generating theme (format: image/jpeg)...
/home/vlvin/.config/rmpc/theme-switcher/on_song_change.sh: line 153: rmpc-theme-gen: command not found
[2026-06-08 17:23:35] ERROR: Theme generation failed
[2026-06-08 17:23:39] ========== Song Change Detected ==========
[2026-06-08 17:23:39] File: April Rain - 2014 - Songs For Someone (EP)/09 - In Spite Of.mp3
[2026-06-08 17:23:39] Artist: April Rain
[2026-06-08 17:23:39] Title: In Spite Of
[2026-06-08 17:23:39] Extracting album art...
[2026-06-08 17:23:39] Album art extracted successfully
[2026-06-08 17:23:39] Generating theme (format: image/png)...
/home/vlvin/.config/rmpc/theme-switcher/on_song_change.sh: line 153: rmpc-theme-gen: command not found
[2026-06-08 17:23:39] ERROR: Theme generation failed
[2026-06-08 17:23:42] ========== Song Change Detected ==========
[2026-06-08 17:23:42] File: Everlasting Summer - 2013 - Bonus Tracks/01 A Promise From Distant Days (Silent Owl cover).flac
[2026-06-08 17:23:42] Artist: Silent Owl
[2026-06-08 17:23:42] Title: A Promise From Distant Days (Silent Owl cover)
[2026-06-08 17:23:42] Extracting album art...
[2026-06-08 17:23:42] Album art extracted successfully
[2026-06-08 17:23:42] Generating theme (format: image/jpeg)...
/home/vlvin/.config/rmpc/theme-switcher/on_song_change.sh: line 153: rmpc-theme-gen: command not found
[2026-06-08 17:23:42] ERROR: Theme generation failed
[2026-06-08 17:23:49] ========== Song Change Detected ==========
[2026-06-08 17:23:49] File: April Rain - 2014 - Songs For Someone (EP)/09 - In Spite Of.mp3
[2026-06-08 17:23:49] Artist: April Rain
[2026-06-08 17:23:49] Title: In Spite Of
[2026-06-08 17:23:49] Extracting album art...
[2026-06-08 17:23:49] Album art extracted successfully
[2026-06-08 17:23:49] Generating theme (format: image/png)...
/home/vlvin/.config/rmpc/theme-switcher/on_song_change.sh: line 153: rmpc-theme-gen: command not found
[2026-06-08 17:23:49] ERROR: Theme generation failed
[2026-06-08 17:23:58] ========== Song Change Detected ==========
[2026-06-08 17:23:58] File: April Rain - 2014 - One Is Glad To Be Of Service/02 - Deadman On Vacation.mp3
[2026-06-08 17:23:58] Artist: April Rain
[2026-06-08 17:23:58] Title: Deadman On Vacation
[2026-06-08 17:23:58] Extracting album art...
[2026-06-08 17:23:58] Album art extracted successfully
[2026-06-08 17:23:58] Generating theme (format: image/jpeg)...
/home/vlvin/.config/rmpc/theme-switcher/on_song_change.sh: line 153: rmpc-theme-gen: command not found
[2026-06-08 17:23:58] ERROR: Theme generation failed
[2026-06-08 17:25:30] ========== Song Change Detected ==========
[2026-06-08 17:25:30] File: /home/vlvin/Music/April Rain - 2014 - One Is Glad To Be Of Service/04 - You Are Playing On A Golden String.mp3
[2026-06-08 17:25:30] Artist: unknown
[2026-06-08 17:25:30] Title: unknown
[2026-06-08 17:25:30] Extracting album art...
[2026-06-08 17:25:30] Album art extracted successfully
[2026-06-08 17:25:30] Album art hash unchanged; skipping theme generation (skip_count=2)
[2026-06-08 17:25:35] ========== Song Change Detected ==========
[2026-06-08 17:25:35] File: April Rain - 2014 - Songs For Someone (EP)/02 - Missng Someone I`ve Never Seen.mp3
[2026-06-08 17:25:35] Artist: April Rain
[2026-06-08 17:25:35] Title: Missng Someone I`ve Never Seen
[2026-06-08 17:25:35] Extracting album art...
[2026-06-08 17:25:35] Album art extracted successfully
[2026-06-08 17:25:35] Generating theme (format: image/png)...
Theme written to: /home/vlvin/.config/rmpc/themes/current-song.ron
{
  "version": "1.0.0",
  "clusters": [
    {
      "rgb": {
        "r": 42,
        "g": 42,
        "b": 42
      },
      "hsv": [
        0.0,
        0.0,
        0.16470589
      ],
      "lab": [
        17.06202,
        0.0,
        0.0
      ],
      "count": 741,
      "share": 0.12497891718670939
    },
    {
      "rgb": {
        "r": 51,
        "g": 51,
        "b": 51
      },
      "hsv": [
        0.0,
        0.0,
        0.2
      ],
      "lab": [
        21.24673,
        -0.000014901161,
        0.0000059604645
      ],
      "count": 601,
      "share": 0.10136616630123124
    },
    {
      "rgb": {
        "r": 57,
        "g": 57,
        "b": 57
      },
      "hsv": [
        0.0,
        0.0,
        0.22352941
      ],
      "lab": [
        23.971725,
        0.0,
        0.0000059604645
      ],
      "count": 567,
      "share": 0.09563164108618655
    },
    {
      "rgb": {
        "r": 60,
        "g": 60,
        "b": 60
      },
      "hsv": [
        0.0,
        0.0,
        0.23529412
      ],
      "lab": [
        25.316795,
        -0.000014901161,
        0.0
      ],
      "count": 546,
      "share": 0.09208972845336481
    },
    {
      "rgb": {
        "r": 44,
        "g": 44,
        "b": 44
      },
      "hsv": [
        0.0,
        0.0,
        0.17254902
      ],
      "lab": [
        18.002903,
        0.0,
        0.0
      ],
      "count": 515,
      "share": 0.08686119075729465
    },
    {
      "rgb": {
        "r": 54,
        "g": 54,
        "b": 54
      },
      "hsv": [
        0.0,
        0.0,
        0.21176471
      ],
      "lab": [
        22.615238,
        0.0,
        0.0
      ],
      "count": 495,
      "share": 0.08348794063079777
    },
    {
      "rgb": {
        "r": 47,
        "g": 47,
        "b": 47
      },
      "hsv": [
        0.0,
        0.0,
        0.18431373
      ],
      "lab": [
        19.402187,
        0.0,
        0.0
      ],
      "count": 475,
      "share": 0.0801146905043009
    },
    {
      "rgb": {
        "r": 48,
        "g": 48,
        "b": 48
      },
      "hsv": [
        0.0,
        0.0,
        0.1882353
      ],
      "lab": [
        19.865536,
        -0.000014901161,
        0.0000059604645
      ],
      "count": 449,
      "share": 0.07572946533985495
    },
    {
      "rgb": {
        "r": 65,
        "g": 65,
        "b": 65
      },
      "hsv": [
        0.0,
        0.0,
        0.25490198
      ],
      "lab": [
        27.534695,
        0.0,
        0.0
      ],
      "count": 228,
      "share": 0.03845505144206443
    },
    {
      "rgb": {
        "r": 71,
        "g": 71,
        "b": 71
      },
      "hsv": [
        0.0,
        0.0,
        0.2784314
      ],
      "lab": [
        30.159512,
        0.0,
        0.0
      ],
      "count": 144,
      "share": 0.024287400910777534
    },
    {
      "rgb": {
        "r": 76,
        "g": 76,
        "b": 76
      },
      "hsv": [
        0.0,
        0.0,
        0.29803923
      ],
      "lab": [
        32.318607,
        -0.000014901161,
        0.0000059604645
      ],
      "count": 122,
      "share": 0.020576825771630967
    },
    {
      "rgb": {
        "r": 106,
        "g": 106,
        "b": 106
      },
      "hsv": [
        0.0,
        0.0,
        0.41568628
      ],
      "lab": [
        44.819283,
        0.0,
        0.0
      ],
      "count": 79,
      "share": 0.013324337999662674
    },
    {
      "rgb": {
        "r": 82,
        "g": 82,
        "b": 82
      },
      "hsv": [
        0.0,
        0.0,
        0.32156864
      ],
      "lab": [
        34.878155,
        0.0,
        0.0
      ],
      "count": 71,
      "share": 0.011975037949063924
    },
    {
      "rgb": {
        "r": 136,
        "g": 135,
        "b": 135
      },
      "hsv": [
        0.0,
        0.0073529403,
        0.53333336
      ],
      "lab": [
        56.39833,
        0.3707111,
        0.13091564
      ],
      "count": 70,
      "share": 0.011806375442739079
    },
    {
      "rgb": {
        "r": 122,
        "g": 122,
        "b": 122
      },
      "hsv": [
        0.0,
        0.0,
        0.47843137
      ],
      "lab": [
        51.223152,
        0.0,
        0.0
      ],
      "count": 69,
      "share": 0.011637712936414236
    },
    {
      "rgb": {
        "r": 115,
        "g": 115,
        "b": 115
      },
      "hsv": [
        0.0,
        0.0,
        0.4509804
      ],
      "lab": [
        48.44111,
        0.0,
        0.0
      ],
      "count": 68,
      "share": 0.011469050430089391
    },
    {
      "rgb": {
        "r": 99,
        "g": 99,
        "b": 99
      },
      "hsv": [
        0.0,
        0.0,
        0.3882353
      ],
      "lab": [
        41.96469,
        -0.000014901161,
        0.0000059604645
      ],
      "count": 64,
      "share": 0.010794400404790015
    },
    {
      "rgb": {
        "r": 91,
        "g": 91,
        "b": 91
      },
      "hsv": [
        0.0,
        0.0,
        0.35686275
      ],
      "lab": [
        38.658546,
        -0.000014901161,
        0.0000059604645
      ],
      "count": 62,
      "share": 0.010457075392140327
    },
    {
      "rgb": {
        "r": 144,
        "g": 143,
        "b": 143
      },
      "hsv": [
        0.0,
        0.0069444436,
        0.5647059
      ],
      "lab": [
        59.48677,
        0.3668368,
        0.1295209
      ],
      "count": 59,
      "share": 0.009951087873165796
    },
    {
      "rgb": {
        "r": 162,
        "g": 162,
        "b": 162
      },
      "hsv": [
        0.0,
        0.0,
        0.63529414
      ],
      "lab": [
        66.61967,
        -0.000029802322,
        0.000011920929
      ],
      "count": 57,
      "share": 0.009613762860516108
    },
    {
      "rgb": {
        "r": 152,
        "g": 152,
        "b": 152
      },
      "hsv": [
        0.0,
        0.0,
        0.59607846
      ],
      "lab": [
        62.84292,
        0.0,
        0.0
      ],
      "count": 56,
      "share": 0.009445100354191263
    },
    {
      "rgb": {
        "r": 87,
        "g": 87,
        "b": 87
      },
      "hsv": [
        0.0,
        0.0,
        0.34117648
      ],
      "lab": [
        36.986717,
        -0.000014901161,
        0.0000059604645
      ],
      "count": 51,
      "share": 0.008601787822567044
    },
    {
      "rgb": {
        "r": 200,
        "g": 200,
        "b": 200
      },
      "hsv": [
        0.0,
        0.0,
        0.78431374
      ],
      "lab": [
        80.60409,
        0.0,
        0.000011920929
      ],
      "count": 49,
      "share": 0.008264462809917356
    },
    {
      "rgb": {
        "r": 174,
        "g": 174,
        "b": 174
      },
      "hsv": [
        0.0,
        0.0,
        0.68235296
      ],
      "lab": [
        71.095634,
        0.0,
        0.000011920929
      ],
      "count": 47,
      "share": 0.007927137797267668
    },
    {
      "rgb": {
        "r": 187,
        "g": 187,
        "b": 187
      },
      "hsv": [
        0.0,
        0.0,
        0.73333335
      ],
      "lab": [
        75.88063,
        0.0,
        0.0
      ],
      "count": 47,
      "share": 0.007927137797267668
    },
    {
      "rgb": {
        "r": 221,
        "g": 221,
        "b": 221
      },
      "hsv": [
        0.0,
        0.0,
        0.8666667
      ],
      "lab": [
        88.11545,
        0.0,
        0.0
      ],
      "count": 46,
      "share": 0.007758475290942824
    },
    {
      "rgb": {
        "r": 130,
        "g": 130,
        "b": 130
      },
      "hsv": [
        0.0,
        0.0,
        0.50980395
      ],
      "lab": [
        54.367836,
        0.0,
        0.0
      ],
      "count": 42,
      "share": 0.0070838252656434475
    },
    {
      "rgb": {
        "r": 95,
        "g": 95,
        "b": 95
      },
      "hsv": [
        0.0,
        0.0,
        0.37254903
      ],
      "lab": [
        40.317684,
        -0.000014901161,
        0.0000059604645
      ],
      "count": 42,
      "share": 0.0070838252656434475
    },
    {
      "rgb": {
        "r": 210,
        "g": 210,
        "b": 210
      },
      "hsv": [
        0.0,
        0.0,
        0.8235294
      ],
      "lab": [
        84.19848,
        -0.000029802322,
        0.000011920929
      ],
      "count": 36,
      "share": 0.0060718502276943835
    },
    {
      "rgb": {
        "r": 232,
        "g": 232,
        "b": 232
      },
      "hsv": [
        0.0,
        0.0,
        0.9098039
      ],
      "lab": [
        91.99591,
        0.0,
        0.000011920929
      ],
      "count": 31,
      "share": 0.005228537696070163
    }
  ],
  "roleAssignments": [
    {
      "role": "Background",
      "rgb": {
        "r": 42,
        "g": 42,
        "b": 42
      },
      "hsv": [
        0.0,
        0.0,
        0.16470589
      ],
      "lab": [
        17.06202,
        0.0,
        0.0
      ],
      "hex": "#2a2a2a",
      "sourceClusterIndex": 0,
      "confidence": 0.9,
      "origin": "cluster"
    },
    {
      "role": "Text",
      "rgb": {
        "r": 232,
        "g": 232,
        "b": 232
      },
      "hsv": [
        0.0,
        0.0,
        0.9098039
      ],
      "lab": [
        91.99591,
        0.0,
        0.000011920929
      ],
      "hex": "#e8e8e8",
      "sourceClusterIndex": 29,
      "confidence": 0.9,
      "contrastAgainstBackground": 11.714463,
      "origin": "cluster"
    },
    {
      "role": "Accent",
      "rgb": {
        "r": 42,
        "g": 42,
        "b": 42
      },
      "hsv": [
        0.0,
        0.0,
        0.16470589
      ],
      "lab": [
        17.06202,
        0.0,
        0.0
      ],
      "hex": "#2a2a2a",
      "confidence": 0.45,
      "contrastAgainstBackground": 1.0,
      "contrastAgainstText": 11.714463,
      "origin": "synthetic:bg-neutral"
    },
    {
      "role": "Border",
      "rgb": {
        "r": 221,
        "g": 221,
        "b": 221
      },
      "hsv": [
        0.0,
        0.0,
        0.8666667
      ],
      "lab": [
        88.11545,
        0.0,
        0.0
      ],
      "hex": "#dddddd",
      "sourceClusterIndex": 25,
      "confidence": 0.8,
      "origin": "cluster"
    },
    {
      "role": "ActiveItem",
      "rgb": {
        "r": 232,
        "g": 232,
        "b": 232
      },
      "hsv": [
        0.0,
        0.0,
        0.9098039
      ],
      "lab": [
        91.99591,
        0.0,
        0.000011920929
      ],
      "hex": "#e8e8e8",
      "confidence": 0.45,
      "contrastAgainstBackground": 11.714463,
      "contrastAgainstText": 1.0,
      "origin": "synthetic:text-neutral"
    },
    {
      "role": "HighlightText",
      "rgb": {
        "r": 78,
        "g": 78,
        "b": 78
      },
      "hsv": [
        0.0,
        0.0,
        0.30588236
      ],
      "lab": [
        33.175476,
        0.0,
        0.0
      ],
      "hex": "#4e4e4e",
      "confidence": 0.65,
      "contrastAgainstBackground": 6.7912173,
      "origin": "accent_adjusted:+16.0"
    },
    {
      "role": "Frame",
      "rgb": {
        "r": 127,
        "g": 127,
        "b": 127
      },
      "hsv": [
        0.0,
        0.0,
        0.49803922
      ],
      "lab": [
        53.192772,
        0.0,
        0.0
      ],
      "hex": "#7f7f7f",
      "confidence": 0.65,
      "contrastAgainstBackground": 3.5846708,
      "contrastAgainstText": 3.2679327,
      "origin": "background_adjusted:+36.0"
    },
    {
      "role": "HeaderAccent",
      "rgb": {
        "r": 255,
        "g": 255,
        "b": 255
      },
      "hsv": [
        0.0,
        0.0,
        1.0
      ],
      "lab": [
        100.0,
        0.0,
        0.0
      ],
      "hex": "#ffffff",
      "confidence": 0.6,
      "contrastAgainstBackground": 14.353407,
      "contrastAgainstText": 1.2252723,
      "origin": "header_accent:white"
    },
    {
      "role": "InactiveItem",
      "rgb": {
        "r": 221,
        "g": 221,
        "b": 221
      },
      "hsv": [
        0.0,
        0.0,
        0.8666667
      ],
      "lab": [
        88.11545,
        0.0,
        0.0
      ],
      "hex": "#dddddd",
      "sourceClusterIndex": 25,
      "confidence": 0.7,
      "origin": "cluster"
    },
    {
      "role": "ProgressBar",
      "rgb": {
        "r": 42,
        "g": 42,
        "b": 42
      },
      "hsv": [
        0.0,
        0.0,
        0.16470589
      ],
      "lab": [
        17.06202,
        0.0,
        0.0
      ],
      "hex": "#2a2a2a",
      "confidence": 0.45,
      "contrastAgainstBackground": 1.0,
      "contrastAgainstText": 11.714463,
      "origin": "synthetic:bg-neutral"
    },
    {
      "role": "Scrollbar",
      "rgb": {
        "r": 232,
        "g": 232,
        "b": 232
      },
      "hsv": [
        0.0,
        0.0,
        0.9098039
      ],
      "lab": [
        91.99591,
        0.0,
        0.000011920929
      ],
      "hex": "#e8e8e8",
      "confidence": 0.45,
      "contrastAgainstBackground": 11.714463,
      "contrastAgainstText": 1.0,
      "origin": "synthetic:text-neutral"
    }
  ],
  "totalSamples": 5929,
  "iterations": 7,
  "durationMs": 8.650965,
  "colorSpace": "CIELAB",
  "scrollbarEnabled": true
}
[2026-06-08 17:25:35] Theme generated successfully: /home/vlvin/.config/rmpc/themes/current-song.ron
[2026-06-08 17:25:35] ========== Theme Update Complete ==========

[2026-06-08 17:26:00] ========== Song Change Detected ==========
[2026-06-08 17:26:00] File: April Rain - 2014 - One Is Glad To Be Of Service/06 - Majdanek Of Mine.mp3
[2026-06-08 17:26:00] Artist: April Rain
[2026-06-08 17:26:00] Title: Majdanek Of Mine
[2026-06-08 17:26:00] Extracting album art...
[2026-06-08 17:26:00] Album art extracted successfully
[2026-06-08 17:26:00] Generating theme (format: image/jpeg)...
Theme written to: /home/vlvin/.config/rmpc/themes/current-song.ron
{
  "version": "1.0.0",
  "clusters": [
    {
      "rgb": {
        "r": 248,
        "g": 249,
        "b": 250
      },
      "hsv": [
        210.0,
        0.007999999,
        0.98039216
      ],
      "lab": [
        97.877205,
        -0.15357137,
        -0.5944133
      ],
      "count": 6103,
      "share": 0.19928163265306123
    },
    {
      "rgb": {
        "r": 237,
        "g": 240,
        "b": 244
      },
      "hsv": [
        214.2857,
        0.028688522,
        0.95686275
      ],
      "lab": [
        94.67719,
        -0.27525425,
        -2.2744536
      ],
      "count": 2477,
      "share": 0.08088163265306123
    },
    {
      "rgb": {
        "r": 224,
        "g": 231,
        "b": 239
      },
      "hsv": [
        212.0,
        0.0627615,
        0.9372549
      ],
      "lab": [
        91.33852,
        -0.84736943,
        -4.6879888
      ],
      "count": 2080,
      "share": 0.06791836734693878
    },
    {
      "rgb": {
        "r": 212,
        "g": 222,
        "b": 234
      },
      "hsv": [
        212.72726,
        0.09401709,
        0.91764706
      ],
      "lab": [
        88.054855,
        -1.0562539,
        -7.010603
      ],
      "count": 1629,
      "share": 0.053191836734693874
    },
    {
      "rgb": {
        "r": 199,
        "g": 211,
        "b": 227
      },
      "hsv": [
        214.2857,
        0.12334801,
        0.8901961
      ],
      "lab": [
        84.10918,
        -0.9031594,
        -9.261155
      ],
      "count": 1557,
      "share": 0.05084081632653061
    },
    {
      "rgb": {
        "r": 188,
        "g": 200,
        "b": 218
      },
      "hsv": [
        216.0,
        0.13761467,
        0.85490197
      ],
      "lab": [
        80.21391,
        -0.4836321,
        -10.336518
      ],
      "count": 1325,
      "share": 0.04326530612244898
    },
    {
      "rgb": {
        "r": 178,
        "g": 189,
        "b": 209
      },
      "hsv": [
        218.70969,
        0.14832535,
        0.81960785
      ],
      "lab": [
        76.352486,
        0.2770424,
        -11.320257
      ],
      "count": 1257,
      "share": 0.041044897959183674
    },
    {
      "rgb": {
        "r": 103,
        "g": 115,
        "b": 138
      },
      "hsv": [
        219.42857,
        0.25362322,
        0.5411765
      ],
      "lab": [
        48.234253,
        0.97966194,
        -14.055204
      ],
      "count": 1254,
      "share": 0.04094693877551021
    },
    {
      "rgb": {
        "r": 167,
        "g": 177,
        "b": 197
      },
      "hsv": [
        220.0,
        0.15228425,
        0.77254903
      ],
      "lab": [
        72.02102,
        0.63192844,
        -11.335171
      ],
      "count": 1160,
      "share": 0.037877551020408164
    },
    {
      "rgb": {
        "r": 114,
        "g": 127,
        "b": 152
      },
      "hsv": [
        219.4737,
        0.25000003,
        0.59607846
      ],
      "lab": [
        52.97419,
        1.0549128,
        -15.0045395
      ],
      "count": 1106,
      "share": 0.03611428571428572
    },
    {
      "rgb": {
        "r": 136,
        "g": 149,
        "b": 168
      },
      "hsv": [
        215.625,
        0.19047618,
        0.65882355
      ],
      "lab": [
        61.268936,
        -0.49427152,
        -11.517012
      ],
      "count": 969,
      "share": 0.03164081632653061
    },
    {
      "rgb": {
        "r": 154,
        "g": 164,
        "b": 183
      },
      "hsv": [
        219.31033,
        0.15846993,
        0.7176471
      ],
      "lab": [
        67.15625,
        0.4515946,
        -10.978329
      ],
      "count": 905,
      "share": 0.029551020408163264
    },
    {
      "rgb": {
        "r": 126,
        "g": 140,
        "b": 164
      },
      "hsv": [
        217.89473,
        0.23170733,
        0.6431373
      ],
      "lab": [
        57.91485,
        0.3937781,
        -14.363146
      ],
      "count": 877,
      "share": 0.02863673469387755
    },
    {
      "rgb": {
        "r": 118,
        "g": 132,
        "b": 149
      },
      "hsv": [
        212.90323,
        0.20805372,
        0.58431375
      ],
      "lab": [
        54.57807,
        -1.2461543,
        -10.814798
      ],
      "count": 776,
      "share": 0.02533877551020408
    },
    {
      "rgb": {
        "r": 66,
        "g": 69,
        "b": 79
      },
      "hsv": [
        226.15385,
        0.16455695,
        0.30980393
      ],
      "lab": [
        29.359234,
        1.1748224,
        -6.4074874
      ],
      "count": 744,
      "share": 0.02429387755102041
    },
    {
      "rgb": {
        "r": 78,
        "g": 79,
        "b": 81
      },
      "hsv": [
        220.0,
        0.037037034,
        0.31764707
      ],
      "lab": [
        33.57496,
        0.035449862,
        -1.318723
      ],
      "count": 717,
      "share": 0.023412244897959185
    },
    {
      "rgb": {
        "r": 55,
        "g": 58,
        "b": 70
      },
      "hsv": [
        228.0,
        0.21428575,
        0.27450982
      ],
      "lab": [
        24.577755,
        1.7785877,
        -7.7944098
      ],
      "count": 700,
      "share": 0.022857142857142857
    },
    {
      "rgb": {
        "r": 45,
        "g": 48,
        "b": 58
      },
      "hsv": [
        226.15385,
        0.22413792,
        0.22745098
      ],
      "lab": [
        19.952457,
        1.3196766,
        -6.7691803
      ],
      "count": 650,
      "share": 0.02122448979591837
    },
    {
      "rgb": {
        "r": 59,
        "g": 60,
        "b": 60
      },
      "hsv": [
        180.0,
        0.016666666,
        0.23529412
      ],
      "lab": [
        25.222515,
        -0.4248023,
        -0.14900565
      ],
      "count": 628,
      "share": 0.02050612244897959
    },
    {
      "rgb": {
        "r": 91,
        "g": 100,
        "b": 121
      },
      "hsv": [
        222.0,
        0.24793386,
        0.4745098
      ],
      "lab": [
        42.336212,
        1.6062558,
        -12.903177
      ],
      "count": 611,
      "share": 0.019951020408163267
    },
    {
      "rgb": {
        "r": 76,
        "g": 80,
        "b": 92
      },
      "hsv": [
        225.0,
        0.17391303,
        0.36078432
      ],
      "lab": [
        34.07934,
        1.2403876,
        -7.5502396
      ],
      "count": 558,
      "share": 0.018220408163265304
    },
    {
      "rgb": {
        "r": 89,
        "g": 93,
        "b": 103
      },
      "hsv": [
        222.85713,
        0.13592231,
        0.40392157
      ],
      "lab": [
        39.465176,
        0.70026517,
        -6.237668
      ],
      "count": 504,
      "share": 0.016457142857142858
    },
    {
      "rgb": {
        "r": 97,
        "g": 98,
        "b": 98
      },
      "hsv": [
        180.0,
        0.0102040805,
        0.38431373
      ],
      "lab": [
        41.467052,
        -0.3913641,
        -0.13748407
      ],
      "count": 425,
      "share": 0.013877551020408163
    },
    {
      "rgb": {
        "r": 38,
        "g": 39,
        "b": 38
      },
      "hsv": [
        120.0,
        0.025641022,
        0.15294118
      ],
      "lab": [
        15.503208,
        -0.69765747,
        0.50072074
      ],
      "count": 414,
      "share": 0.013518367346938776
    },
    {
      "rgb": {
        "r": 34,
        "g": 36,
        "b": 45
      },
      "hsv": [
        229.09091,
        0.24444443,
        0.1764706
      ],
      "lab": [
        14.351326,
        1.5581697,
        -6.242317
      ],
      "count": 333,
      "share": 0.010873469387755103
    },
    {
      "rgb": {
        "r": 108,
        "g": 111,
        "b": 122
      },
      "hsv": [
        227.14287,
        0.11475409,
        0.47843137
      ],
      "lab": [
        46.92461,
        1.242578,
        -6.4714074
      ],
      "count": 316,
      "share": 0.010318367346938775
    },
    {
      "rgb": {
        "r": 25,
        "g": 17,
        "b": 20
      },
      "hsv": [
        337.5,
        0.31999996,
        0.09803922
      ],
      "lab": [
        5.9446297,
        4.182786,
        -0.48374236
      ],
      "count": 254,
      "share": 0.008293877551020408
    },
    {
      "rgb": {
        "r": 192,
        "g": 194,
        "b": 200
      },
      "hsv": [
        225.0,
        0.039999995,
        0.78431374
      ],
      "lab": [
        78.43841,
        0.4388392,
        -3.245449
      ],
      "count": 132,
      "share": 0.004310204081632653
    },
    {
      "rgb": {
        "r": 160,
        "g": 153,
        "b": 157
      },
      "hsv": [
        325.7143,
        0.043749996,
        0.627451
      ],
      "lab": [
        63.909576,
        3.301084,
        -1.18047
      ],
      "count": 94,
      "share": 0.0030693877551020406
    },
    {
      "rgb": {
        "r": 67,
        "g": 50,
        "b": 57
      },
      "hsv": [
        335.29413,
        0.25373137,
        0.2627451
      ],
      "lab": [
        22.896214,
        9.02687,
        -1.4492869
      ],
      "count": 70,
      "share": 0.002285714285714286
    }
  ],
  "roleAssignments": [
    {
      "role": "Background",
      "rgb": {
        "r": 199,
        "g": 211,
        "b": 227
      },
      "hsv": [
        214.2857,
        0.12334801,
        0.8901961
      ],
      "lab": [
        84.10918,
        -0.9031594,
        -9.261155
      ],
      "hex": "#c7d3e3",
      "sourceClusterIndex": 4,
      "confidence": 0.9,
      "origin": "cluster"
    },
    {
      "role": "Text",
      "rgb": {
        "r": 25,
        "g": 17,
        "b": 20
      },
      "hsv": [
        337.5,
        0.31999996,
        0.09803922
      ],
      "lab": [
        5.9446297,
        4.182786,
        -0.48374236
      ],
      "hex": "#191114",
      "sourceClusterIndex": 26,
      "confidence": 0.9,
      "contrastAgainstBackground": 12.243858,
      "origin": "cluster"
    },
    {
      "role": "Accent",
      "rgb": {
        "r": 210,
        "g": 210,
        "b": 210
      },
      "hsv": [
        0.0,
        0.0,
        0.8235294
      ],
      "lab": [
        84.19848,
        -0.000029802322,
        0.000011920929
      ],
      "hex": "#d2d2d2",
      "confidence": 0.45,
      "contrastAgainstBackground": 1.0024723,
      "contrastAgainstText": 12.274129,
      "origin": "synthetic:bg-neutral"
    },
    {
      "role": "Border",
      "rgb": {
        "r": 34,
        "g": 36,
        "b": 45
      },
      "hsv": [
        229.09091,
        0.24444443,
        0.1764706
      ],
      "lab": [
        14.351326,
        1.5581697,
        -6.242317
      ],
      "hex": "#22242d",
      "sourceClusterIndex": 24,
      "confidence": 0.8,
      "origin": "cluster"
    },
    {
      "role": "ActiveItem",
      "rgb": {
        "r": 19,
        "g": 19,
        "b": 19
      },
      "hsv": [
        0.0,
        0.0,
        0.07450981
      ],
      "lab": [
        5.882347,
        0.0,
        0.0
      ],
      "hex": "#131313",
      "confidence": 0.45,
      "contrastAgainstBackground": 12.258739,
      "contrastAgainstText": 1.0012155,
      "origin": "synthetic:text-neutral"
    },
    {
      "role": "HighlightText",
      "rgb": {
        "r": 255,
        "g": 255,
        "b": 255
      },
      "hsv": [
        0.0,
        0.0,
        1.0
      ],
      "lab": [
        100.0,
        0.0,
        0.0
      ],
      "hex": "#ffffff",
      "confidence": 0.65,
      "contrastAgainstBackground": 18.580093,
      "origin": "accent_adjusted:+15.8"
    },
    {
      "role": "Frame",
      "rgb": {
        "r": 104,
        "g": 115,
        "b": 130
      },
      "hsv": [
        214.61539,
        0.20000003,
        0.50980395
      ],
      "lab": [
        48.027176,
        -0.66393614,
        -9.6181755
      ],
      "hex": "#687382",
      "confidence": 0.65,
      "contrastAgainstBackground": 3.1754663,
      "contrastAgainstText": 3.855767,
      "origin": "background_adjusted:-36.0"
    },
    {
      "role": "HeaderAccent",
      "rgb": {
        "r": 0,
        "g": 0,
        "b": 0
      },
      "hsv": [
        0.0,
        0.0,
        0.0
      ],
      "lab": [
        0.0,
        0.0,
        0.0
      ],
      "hex": "#000000",
      "confidence": 0.6,
      "contrastAgainstBackground": 13.85534,
      "contrastAgainstText": 1.1316155,
      "origin": "header_accent:black"
    },
    {
      "role": "InactiveItem",
      "rgb": {
        "r": 34,
        "g": 36,
        "b": 45
      },
      "hsv": [
        229.09091,
        0.24444443,
        0.1764706
      ],
      "lab": [
        14.351326,
        1.5581697,
        -6.242317
      ],
      "hex": "#22242d",
      "sourceClusterIndex": 24,
      "confidence": 0.7,
      "origin": "cluster"
    },
    {
      "role": "ProgressBar",
      "rgb": {
        "r": 210,
        "g": 210,
        "b": 210
      },
      "hsv": [
        0.0,
        0.0,
        0.8235294
      ],
      "lab": [
        84.19848,
        -0.000029802322,
        0.000011920929
      ],
      "hex": "#d2d2d2",
      "confidence": 0.45,
      "contrastAgainstBackground": 1.0024723,
      "contrastAgainstText": 12.274129,
      "origin": "synthetic:bg-neutral"
    },
    {
      "role": "Scrollbar",
      "rgb": {
        "r": 19,
        "g": 19,
        "b": 19
      },
      "hsv": [
        0.0,
        0.0,
        0.07450981
      ],
      "lab": [
        5.882347,
        0.0,
        0.0
      ],
      "hex": "#131313",
      "confidence": 0.45,
      "contrastAgainstBackground": 12.258739,
      "contrastAgainstText": 1.0012155,
      "origin": "synthetic:text-neutral"
    }
  ],
  "totalSamples": 30625,
  "iterations": 40,
  "durationMs": 115.951955,
  "colorSpace": "CIELAB",
  "scrollbarEnabled": true
}
[2026-06-08 17:26:00] Theme generated successfully: /home/vlvin/.config/rmpc/themes/current-song.ron
[2026-06-08 17:26:00] ========== Theme Update Complete ==========

[2026-06-08 17:26:04] ========== Song Change Detected ==========
[2026-06-08 17:26:04] File: Everlasting Summer - 2013 - Bonus Tracks/01 A Promise From Distant Days (Silent Owl cover).flac
[2026-06-08 17:26:04] Artist: Silent Owl
[2026-06-08 17:26:04] Title: A Promise From Distant Days (Silent Owl cover)
[2026-06-08 17:26:04] Extracting album art...
[2026-06-08 17:26:04] Album art extracted successfully
[2026-06-08 17:26:04] Generating theme (format: image/jpeg)...
Theme written to: /home/vlvin/.config/rmpc/themes/current-song.ron
{
  "version": "1.0.0",
  "clusters": [
    {
      "rgb": {
        "r": 0,
        "g": 16,
        "b": 0
      },
      "hsv": [
        120.0,
        1.0,
        0.0627451
      ],
      "lab": [
        3.347229,
        -6.8379345,
        4.887709
      ],
      "count": 14915,
      "share": 0.4870204081632653
    },
    {
      "rgb": {
        "r": 123,
        "g": 201,
        "b": 100
      },
      "hsv": [
        106.33663,
        0.50248754,
        0.7882353
      ],
      "lab": [
        74.12748,
        -43.000877,
        42.74472
      ],
      "count": 8522,
      "share": 0.278269387755102
    },
    {
      "rgb": {
        "r": 59,
        "g": 139,
        "b": 52
      },
      "hsv": [
        115.17242,
        0.6258993,
        0.54509807
      ],
      "lab": [
        51.429985,
        -42.23737,
        38.394146
      ],
      "count": 784,
      "share": 0.0256
    },
    {
      "rgb": {
        "r": 120,
        "g": 194,
        "b": 99
      },
      "hsv": [
        106.73684,
        0.48969072,
        0.7607843
      ],
      "lab": [
        71.87685,
        -41.059376,
        40.439404
      ],
      "count": 630,
      "share": 0.02057142857142857
    },
    {
      "rgb": {
        "r": 79,
        "g": 150,
        "b": 56
      },
      "hsv": [
        105.319145,
        0.6266667,
        0.5882353
      ],
      "lab": [
        55.84619,
        -40.419968,
        41.72679
      ],
      "count": 607,
      "share": 0.019820408163265305
    },
    {
      "rgb": {
        "r": 100,
        "g": 160,
        "b": 60
      },
      "hsv": [
        96.0,
        0.62500006,
        0.627451
      ],
      "lab": [
        60.047707,
        -37.288456,
        44.874107
      ],
      "count": 514,
      "share": 0.016783673469387757
    },
    {
      "rgb": {
        "r": 208,
        "g": 211,
        "b": 208
      },
      "hsv": [
        120.0,
        0.014218008,
        0.827451
      ],
      "lab": [
        84.252556,
        -1.5673637,
        1.1235595
      ],
      "count": 389,
      "share": 0.01270204081632653
    },
    {
      "rgb": {
        "r": 111,
        "g": 173,
        "b": 86
      },
      "hsv": [
        102.75862,
        0.50289017,
        0.6784314
      ],
      "lab": [
        64.91291,
        -36.382378,
        38.244377
      ],
      "count": 372,
      "share": 0.012146938775510204
    },
    {
      "rgb": {
        "r": 239,
        "g": 239,
        "b": 16
      },
      "hsv": [
        60.0,
        0.9330544,
        0.9372549
      ],
      "lab": [
        91.74016,
        -20.38625,
        88.68725
      ],
      "count": 367,
      "share": 0.011983673469387755
    },
    {
      "rgb": {
        "r": 180,
        "g": 183,
        "b": 181
      },
      "hsv": [
        140.0,
        0.016393442,
        0.7176471
      ],
      "lab": [
        74.129845,
        -1.4231801,
        0.6468773
      ],
      "count": 288,
      "share": 0.009404081632653062
    },
    {
      "rgb": {
        "r": 19,
        "g": 39,
        "b": 18
      },
      "hsv": [
        117.14285,
        0.5384615,
        0.15294118
      ],
      "lab": [
        13.430319,
        -13.6469755,
        11.294738
      ],
      "count": 283,
      "share": 0.009240816326530612
    },
    {
      "rgb": {
        "r": 39,
        "g": 69,
        "b": 30
      },
      "hsv": [
        106.15385,
        0.56521744,
        0.27058825
      ],
      "lab": [
        26.101933,
        -20.038784,
        19.975418
      ],
      "count": 270,
      "share": 0.008816326530612244
    },
    {
      "rgb": {
        "r": 119,
        "g": 172,
        "b": 64
      },
      "hsv": [
        89.44444,
        0.627907,
        0.6745098
      ],
      "lab": [
        64.800644,
        -35.41729,
        48.639095
      ],
      "count": 264,
      "share": 0.008620408163265305
    },
    {
      "rgb": {
        "r": 94,
        "g": 154,
        "b": 78
      },
      "hsv": [
        107.36842,
        0.4935065,
        0.6039216
      ],
      "lab": [
        58.075027,
        -34.590454,
        33.706177
      ],
      "count": 258,
      "share": 0.008424489795918368
    },
    {
      "rgb": {
        "r": 57,
        "g": 99,
        "b": 47
      },
      "hsv": [
        108.46154,
        0.5252525,
        0.3882353
      ],
      "lab": [
        37.83957,
        -25.912672,
        24.890005
      ],
      "count": 247,
      "share": 0.00806530612244898
    },
    {
      "rgb": {
        "r": 75,
        "g": 124,
        "b": 57
      },
      "hsv": [
        103.8806,
        0.54032254,
        0.4862745
      ],
      "lab": [
        47.24362,
        -30.07105,
        31.170643
      ],
      "count": 246,
      "share": 0.00803265306122449
    },
    {
      "rgb": {
        "r": 142,
        "g": 147,
        "b": 144
      },
      "hsv": [
        144.0,
        0.034013603,
        0.5764706
      ],
      "lab": [
        60.455215,
        -2.4047792,
        0.9525895
      ],
      "count": 200,
      "share": 0.006530612244897959
    },
    {
      "rgb": {
        "r": 107,
        "g": 116,
        "b": 107
      },
      "hsv": [
        120.0,
        0.077586204,
        0.45490196
      ],
      "lab": [
        47.85171,
        -5.249053,
        3.8113117
      ],
      "count": 194,
      "share": 0.00633469387755102
    },
    {
      "rgb": {
        "r": 85,
        "g": 171,
        "b": 8
      },
      "hsv": [
        91.65644,
        0.9532164,
        0.67058825
      ],
      "lab": [
        62.56951,
        -49.66721,
        62.622665
      ],
      "count": 179,
      "share": 0.005844897959183673
    },
    {
      "rgb": {
        "r": 68,
        "g": 77,
        "b": 66
      },
      "hsv": [
        109.090904,
        0.14285713,
        0.3019608
      ],
      "lab": [
        31.646965,
        -6.057292,
        5.315423
      ],
      "count": 159,
      "share": 0.005191836734693878
    },
    {
      "rgb": {
        "r": 50,
        "g": 109,
        "b": 10
      },
      "hsv": [
        95.757576,
        0.9082569,
        0.42745098
      ],
      "lab": [
        40.632942,
        -36.147476,
        43.394505
      ],
      "count": 138,
      "share": 0.004506122448979592
    },
    {
      "rgb": {
        "r": 47,
        "g": 85,
        "b": 18
      },
      "hsv": [
        94.029854,
        0.7882353,
        0.33333334
      ],
      "lab": [
        32.13423,
        -26.193977,
        32.880135
      ],
      "count": 131,
      "share": 0.004277551020408163
    },
    {
      "rgb": {
        "r": 69,
        "g": 94,
        "b": 65
      },
      "hsv": [
        111.724144,
        0.3085106,
        0.36862746
      ],
      "lab": [
        37.210537,
        -15.75017,
        13.687027
      ],
      "count": 125,
      "share": 0.004081632653061225
    },
    {
      "rgb": {
        "r": 142,
        "g": 181,
        "b": 119
      },
      "hsv": [
        97.74193,
        0.34254146,
        0.70980394
      ],
      "lab": [
        69.561844,
        -24.59675,
        27.44806
      ],
      "count": 109,
      "share": 0.003559183673469388
    },
    {
      "rgb": {
        "r": 67,
        "g": 139,
        "b": 5
      },
      "hsv": [
        92.23881,
        0.9640288,
        0.54509807
      ],
      "lab": [
        51.460503,
        -42.946114,
        53.76593
      ],
      "count": 98,
      "share": 0.0032
    },
    {
      "rgb": {
        "r": 173,
        "g": 198,
        "b": 169
      },
      "hsv": [
        111.724144,
        0.14646463,
        0.7764706
      ],
      "lab": [
        77.3623,
        -13.91983,
        11.726915
      ],
      "count": 95,
      "share": 0.0031020408163265306
    },
    {
      "rgb": {
        "r": 159,
        "g": 183,
        "b": 42
      },
      "hsv": [
        70.21277,
        0.77049184,
        0.7176471
      ],
      "lab": [
        70.45894,
        -26.104599,
        63.54081
      ],
      "count": 89,
      "share": 0.002906122448979592
    },
    {
      "rgb": {
        "r": 204,
        "g": 212,
        "b": 25
      },
      "hsv": [
        62.566845,
        0.8820755,
        0.83137256
      ],
      "lab": [
        81.83588,
        -21.820099,
        78.63245
      ],
      "count": 85,
      "share": 0.002775510204081633
    },
    {
      "rgb": {
        "r": 126,
        "g": 138,
        "b": 29
      },
      "hsv": [
        66.60551,
        0.7898551,
        0.5411765
      ],
      "lab": [
        54.763603,
        -18.336742,
        52.348267
      ],
      "count": 54,
      "share": 0.001763265306122449
    },
    {
      "rgb": {
        "r": 145,
        "g": 37,
        "b": 20
      },
      "hsv": [
        8.16,
        0.86206895,
        0.5686275
      ],
      "lab": [
        32.69049,
        44.168457,
        36.732246
      ],
      "count": 13,
      "share": 0.00042448979591836735
    }
  ],
  "roleAssignments": [
    {
      "role": "Background",
      "rgb": {
        "r": 208,
        "g": 211,
        "b": 208
      },
      "hsv": [
        120.0,
        0.014218008,
        0.827451
      ],
      "lab": [
        84.252556,
        -1.5673637,
        1.1235595
      ],
      "hex": "#d0d3d0",
      "sourceClusterIndex": 6,
      "confidence": 0.9,
      "origin": "cluster"
    },
    {
      "role": "Text",
      "rgb": {
        "r": 0,
        "g": 16,
        "b": 0
      },
      "hsv": [
        120.0,
        1.0,
        0.0627451
      ],
      "lab": [
        3.347229,
        -6.8379345,
        4.887709
      ],
      "hex": "#001000",
      "sourceClusterIndex": 0,
      "confidence": 0.9,
      "contrastAgainstBackground": 12.950644,
      "origin": "cluster"
    },
    {
      "role": "Accent",
      "rgb": {
        "r": 210,
        "g": 210,
        "b": 210
      },
      "hsv": [
        0.0,
        0.0,
        0.8235294
      ],
      "lab": [
        84.19848,
        -0.000029802322,
        0.000011920929
      ],
      "hex": "#d2d2d2",
      "confidence": 0.45,
      "contrastAgainstBackground": 1.001505,
      "contrastAgainstText": 12.931182,
      "origin": "synthetic:bg-neutral"
    },
    {
      "role": "Border",
      "rgb": {
        "r": 19,
        "g": 39,
        "b": 18
      },
      "hsv": [
        117.14285,
        0.5384615,
        0.15294118
      ],
      "lab": [
        13.430319,
        -13.6469755,
        11.294738
      ],
      "hex": "#132712",
      "sourceClusterIndex": 10,
      "confidence": 0.8,
      "origin": "cluster"
    },
    {
      "role": "ActiveItem",
      "rgb": {
        "r": 12,
        "g": 12,
        "b": 12
      },
      "hsv": [
        0.0,
        0.0,
        0.047058824
      ],
      "lab": [
        3.3209743,
        0.0,
        0.0
      ],
      "hex": "#0c0c0c",
      "confidence": 0.45,
      "contrastAgainstBackground": 12.957717,
      "contrastAgainstText": 1.0005461,
      "origin": "synthetic:text-neutral"
    },
    {
      "role": "HighlightText",
      "rgb": {
        "r": 255,
        "g": 255,
        "b": 255
      },
      "hsv": [
        0.0,
        0.0,
        1.0
      ],
      "lab": [
        100.0,
        0.0,
        0.0
      ],
      "hex": "#ffffff",
      "confidence": 0.65,
      "contrastAgainstBackground": 19.561628,
      "origin": "accent_adjusted:+15.8"
    },
    {
      "role": "Frame",
      "rgb": {
        "r": 113,
        "g": 115,
        "b": 113
      },
      "hsv": [
        120.0,
        0.017391304,
        0.4509804
      ],
      "lab": [
        48.215157,
        -1.1678934,
        0.83760023
      ],
      "hex": "#717371",
      "confidence": 0.65,
      "contrastAgainstBackground": 3.1665964,
      "contrastAgainstText": 4.0897675,
      "origin": "background_adjusted:-36.0"
    },
    {
      "role": "HeaderAccent",
      "rgb": {
        "r": 0,
        "g": 0,
        "b": 0
      },
      "hsv": [
        0.0,
        0.0,
        0.0
      ],
      "lab": [
        0.0,
        0.0,
        0.0
      ],
      "hex": "#000000",
      "confidence": 0.6,
      "contrastAgainstBackground": 13.9105,
      "contrastAgainstText": 1.0741165,
      "origin": "header_accent:black"
    },
    {
      "role": "InactiveItem",
      "rgb": {
        "r": 19,
        "g": 39,
        "b": 18
      },
      "hsv": [
        117.14285,
        0.5384615,
        0.15294118
      ],
      "lab": [
        13.430319,
        -13.6469755,
        11.294738
      ],
      "hex": "#132712",
      "sourceClusterIndex": 10,
      "confidence": 0.7,
      "origin": "cluster"
    },
    {
      "role": "ProgressBar",
      "rgb": {
        "r": 210,
        "g": 210,
        "b": 210
      },
      "hsv": [
        0.0,
        0.0,
        0.8235294
      ],
      "lab": [
        84.19848,
        -0.000029802322,
        0.000011920929
      ],
      "hex": "#d2d2d2",
      "confidence": 0.45,
      "contrastAgainstBackground": 1.001505,
      "contrastAgainstText": 12.931182,
      "origin": "synthetic:bg-neutral"
    },
    {
      "role": "Scrollbar",
      "rgb": {
        "r": 12,
        "g": 12,
        "b": 12
      },
      "hsv": [
        0.0,
        0.0,
        0.047058824
      ],
      "lab": [
        3.3209743,
        0.0,
        0.0
      ],
      "hex": "#0c0c0c",
      "confidence": 0.45,
      "contrastAgainstBackground": 12.957717,
      "contrastAgainstText": 1.0005461,
      "origin": "synthetic:text-neutral"
    }
  ],
  "totalSamples": 30625,
  "iterations": 40,
  "durationMs": 103.112673,
  "colorSpace": "CIELAB",
  "scrollbarEnabled": true
}
[2026-06-08 17:26:04] Theme generated successfully: /home/vlvin/.config/rmpc/themes/current-song.ron
[2026-06-08 17:26:04] ========== Theme Update Complete ==========

[2026-06-08 17:26:09] ========== Song Change Detected ==========
[2026-06-08 17:26:09] File: April Rain - 2014 - One Is Glad To Be Of Service/06 - Majdanek Of Mine.mp3
[2026-06-08 17:26:10] Artist: April Rain
[2026-06-08 17:26:10] Title: Majdanek Of Mine
[2026-06-08 17:26:10] Extracting album art...
[2026-06-08 17:26:10] Album art extracted successfully
[2026-06-08 17:26:10] Generating theme (format: image/jpeg)...
Theme written to: /home/vlvin/.config/rmpc/themes/current-song.ron
{
  "version": "1.0.0",
  "clusters": [
    {
      "rgb": {
        "r": 248,
        "g": 249,
        "b": 250
      },
      "hsv": [
        210.0,
        0.007999999,
        0.98039216
      ],
      "lab": [
        97.877205,
        -0.15357137,
        -0.5944133
      ],
      "count": 6103,
      "share": 0.19928163265306123
    },
    {
      "rgb": {
        "r": 237,
        "g": 240,
        "b": 244
      },
      "hsv": [
        214.2857,
        0.028688522,
        0.95686275
      ],
      "lab": [
        94.67719,
        -0.27525425,
        -2.2744536
      ],
      "count": 2477,
      "share": 0.08088163265306123
    },
    {
      "rgb": {
        "r": 224,
        "g": 231,
        "b": 239
      },
      "hsv": [
        212.0,
        0.0627615,
        0.9372549
      ],
      "lab": [
        91.33852,
        -0.84736943,
        -4.6879888
      ],
      "count": 2080,
      "share": 0.06791836734693878
    },
    {
      "rgb": {
        "r": 212,
        "g": 222,
        "b": 234
      },
      "hsv": [
        212.72726,
        0.09401709,
        0.91764706
      ],
      "lab": [
        88.054855,
        -1.0562539,
        -7.010603
      ],
      "count": 1629,
      "share": 0.053191836734693874
    },
    {
      "rgb": {
        "r": 199,
        "g": 211,
        "b": 227
      },
      "hsv": [
        214.2857,
        0.12334801,
        0.8901961
      ],
      "lab": [
        84.10918,
        -0.9031594,
        -9.261155
      ],
      "count": 1557,
      "share": 0.05084081632653061
    },
    {
      "rgb": {
        "r": 188,
        "g": 200,
        "b": 218
      },
      "hsv": [
        216.0,
        0.13761467,
        0.85490197
      ],
      "lab": [
        80.21391,
        -0.4836321,
        -10.336518
      ],
      "count": 1325,
      "share": 0.04326530612244898
    },
    {
      "rgb": {
        "r": 178,
        "g": 189,
        "b": 209
      },
      "hsv": [
        218.70969,
        0.14832535,
        0.81960785
      ],
      "lab": [
        76.352486,
        0.2770424,
        -11.320257
      ],
      "count": 1257,
      "share": 0.041044897959183674
    },
    {
      "rgb": {
        "r": 103,
        "g": 115,
        "b": 138
      },
      "hsv": [
        219.42857,
        0.25362322,
        0.5411765
      ],
      "lab": [
        48.234253,
        0.97966194,
        -14.055204
      ],
      "count": 1254,
      "share": 0.04094693877551021
    },
    {
      "rgb": {
        "r": 167,
        "g": 177,
        "b": 197
      },
      "hsv": [
        220.0,
        0.15228425,
        0.77254903
      ],
      "lab": [
        72.02102,
        0.63192844,
        -11.335171
      ],
      "count": 1160,
      "share": 0.037877551020408164
    },
    {
      "rgb": {
        "r": 114,
        "g": 127,
        "b": 152
      },
      "hsv": [
        219.4737,
        0.25000003,
        0.59607846
      ],
      "lab": [
        52.97419,
        1.0549128,
        -15.0045395
      ],
      "count": 1106,
      "share": 0.03611428571428572
    },
    {
      "rgb": {
        "r": 136,
        "g": 149,
        "b": 168
      },
      "hsv": [
        215.625,
        0.19047618,
        0.65882355
      ],
      "lab": [
        61.268936,
        -0.49427152,
        -11.517012
      ],
      "count": 969,
      "share": 0.03164081632653061
    },
    {
      "rgb": {
        "r": 154,
        "g": 164,
        "b": 183
      },
      "hsv": [
        219.31033,
        0.15846993,
        0.7176471
      ],
      "lab": [
        67.15625,
        0.4515946,
        -10.978329
      ],
      "count": 905,
      "share": 0.029551020408163264
    },
    {
      "rgb": {
        "r": 126,
        "g": 140,
        "b": 164
      },
      "hsv": [
        217.89473,
        0.23170733,
        0.6431373
      ],
      "lab": [
        57.91485,
        0.3937781,
        -14.363146
      ],
      "count": 877,
      "share": 0.02863673469387755
    },
    {
      "rgb": {
        "r": 118,
        "g": 132,
        "b": 149
      },
      "hsv": [
        212.90323,
        0.20805372,
        0.58431375
      ],
      "lab": [
        54.57807,
        -1.2461543,
        -10.814798
      ],
      "count": 776,
      "share": 0.02533877551020408
    },
    {
      "rgb": {
        "r": 66,
        "g": 69,
        "b": 79
      },
      "hsv": [
        226.15385,
        0.16455695,
        0.30980393
      ],
      "lab": [
        29.359234,
        1.1748224,
        -6.4074874
      ],
      "count": 744,
      "share": 0.02429387755102041
    },
    {
      "rgb": {
        "r": 78,
        "g": 79,
        "b": 81
      },
      "hsv": [
        220.0,
        0.037037034,
        0.31764707
      ],
      "lab": [
        33.57496,
        0.035449862,
        -1.318723
      ],
      "count": 717,
      "share": 0.023412244897959185
    },
    {
      "rgb": {
        "r": 55,
        "g": 58,
        "b": 70
      },
      "hsv": [
        228.0,
        0.21428575,
        0.27450982
      ],
      "lab": [
        24.577755,
        1.7785877,
        -7.7944098
      ],
      "count": 700,
      "share": 0.022857142857142857
    },
    {
      "rgb": {
        "r": 45,
        "g": 48,
        "b": 58
      },
      "hsv": [
        226.15385,
        0.22413792,
        0.22745098
      ],
      "lab": [
        19.952457,
        1.3196766,
        -6.7691803
      ],
      "count": 650,
      "share": 0.02122448979591837
    },
    {
      "rgb": {
        "r": 59,
        "g": 60,
        "b": 60
      },
      "hsv": [
        180.0,
        0.016666666,
        0.23529412
      ],
      "lab": [
        25.222515,
        -0.4248023,
        -0.14900565
      ],
      "count": 628,
      "share": 0.02050612244897959
    },
    {
      "rgb": {
        "r": 91,
        "g": 100,
        "b": 121
      },
      "hsv": [
        222.0,
        0.24793386,
        0.4745098
      ],
      "lab": [
        42.336212,
        1.6062558,
        -12.903177
      ],
      "count": 611,
      "share": 0.019951020408163267
    },
    {
      "rgb": {
        "r": 76,
        "g": 80,
        "b": 92
      },
      "hsv": [
        225.0,
        0.17391303,
        0.36078432
      ],
      "lab": [
        34.07934,
        1.2403876,
        -7.5502396
      ],
      "count": 558,
      "share": 0.018220408163265304
    },
    {
      "rgb": {
        "r": 89,
        "g": 93,
        "b": 103
      },
      "hsv": [
        222.85713,
        0.13592231,
        0.40392157
      ],
      "lab": [
        39.465176,
        0.70026517,
        -6.237668
      ],
      "count": 504,
      "share": 0.016457142857142858
    },
    {
      "rgb": {
        "r": 97,
        "g": 98,
        "b": 98
      },
      "hsv": [
        180.0,
        0.0102040805,
        0.38431373
      ],
      "lab": [
        41.467052,
        -0.3913641,
        -0.13748407
      ],
      "count": 425,
      "share": 0.013877551020408163
    },
    {
      "rgb": {
        "r": 38,
        "g": 39,
        "b": 38
      },
      "hsv": [
        120.0,
        0.025641022,
        0.15294118
      ],
      "lab": [
        15.503208,
        -0.69765747,
        0.50072074
      ],
      "count": 414,
      "share": 0.013518367346938776
    },
    {
      "rgb": {
        "r": 34,
        "g": 36,
        "b": 45
      },
      "hsv": [
        229.09091,
        0.24444443,
        0.1764706
      ],
      "lab": [
        14.351326,
        1.5581697,
        -6.242317
      ],
      "count": 333,
      "share": 0.010873469387755103
    },
    {
      "rgb": {
        "r": 108,
        "g": 111,
        "b": 122
      },
      "hsv": [
        227.14287,
        0.11475409,
        0.47843137
      ],
      "lab": [
        46.92461,
        1.242578,
        -6.4714074
      ],
      "count": 316,
      "share": 0.010318367346938775
    },
    {
      "rgb": {
        "r": 25,
        "g": 17,
        "b": 20
      },
      "hsv": [
        337.5,
        0.31999996,
        0.09803922
      ],
      "lab": [
        5.9446297,
        4.182786,
        -0.48374236
      ],
      "count": 254,
      "share": 0.008293877551020408
    },
    {
      "rgb": {
        "r": 192,
        "g": 194,
        "b": 200
      },
      "hsv": [
        225.0,
        0.039999995,
        0.78431374
      ],
      "lab": [
        78.43841,
        0.4388392,
        -3.245449
      ],
      "count": 132,
      "share": 0.004310204081632653
    },
    {
      "rgb": {
        "r": 160,
        "g": 153,
        "b": 157
      },
      "hsv": [
        325.7143,
        0.043749996,
        0.627451
      ],
      "lab": [
        63.909576,
        3.301084,
        -1.18047
      ],
      "count": 94,
      "share": 0.0030693877551020406
    },
    {
      "rgb": {
        "r": 67,
        "g": 50,
        "b": 57
      },
      "hsv": [
        335.29413,
        0.25373137,
        0.2627451
      ],
      "lab": [
        22.896214,
        9.02687,
        -1.4492869
      ],
      "count": 70,
      "share": 0.002285714285714286
    }
  ],
  "roleAssignments": [
    {
      "role": "Background",
      "rgb": {
        "r": 199,
        "g": 211,
        "b": 227
      },
      "hsv": [
        214.2857,
        0.12334801,
        0.8901961
      ],
      "lab": [
        84.10918,
        -0.9031594,
        -9.261155
      ],
      "hex": "#c7d3e3",
      "sourceClusterIndex": 4,
      "confidence": 0.9,
      "origin": "cluster"
    },
    {
      "role": "Text",
      "rgb": {
        "r": 25,
        "g": 17,
        "b": 20
      },
      "hsv": [
        337.5,
        0.31999996,
        0.09803922
      ],
      "lab": [
        5.9446297,
        4.182786,
        -0.48374236
      ],
      "hex": "#191114",
      "sourceClusterIndex": 26,
      "confidence": 0.9,
      "contrastAgainstBackground": 12.243858,
      "origin": "cluster"
    },
    {
      "role": "Accent",
      "rgb": {
        "r": 210,
        "g": 210,
        "b": 210
      },
      "hsv": [
        0.0,
        0.0,
        0.8235294
      ],
      "lab": [
        84.19848,
        -0.000029802322,
        0.000011920929
      ],
      "hex": "#d2d2d2",
      "confidence": 0.45,
      "contrastAgainstBackground": 1.0024723,
      "contrastAgainstText": 12.274129,
      "origin": "synthetic:bg-neutral"
    },
    {
      "role": "Border",
      "rgb": {
        "r": 34,
        "g": 36,
        "b": 45
      },
      "hsv": [
        229.09091,
        0.24444443,
        0.1764706
      ],
      "lab": [
        14.351326,
        1.5581697,
        -6.242317
      ],
      "hex": "#22242d",
      "sourceClusterIndex": 24,
      "confidence": 0.8,
      "origin": "cluster"
    },
    {
      "role": "ActiveItem",
      "rgb": {
        "r": 19,
        "g": 19,
        "b": 19
      },
      "hsv": [
        0.0,
        0.0,
        0.07450981
      ],
      "lab": [
        5.882347,
        0.0,
        0.0
      ],
      "hex": "#131313",
      "confidence": 0.45,
      "contrastAgainstBackground": 12.258739,
      "contrastAgainstText": 1.0012155,
      "origin": "synthetic:text-neutral"
    },
    {
      "role": "HighlightText",
      "rgb": {
        "r": 255,
        "g": 255,
        "b": 255
      },
      "hsv": [
        0.0,
        0.0,
        1.0
      ],
      "lab": [
        100.0,
        0.0,
        0.0
      ],
      "hex": "#ffffff",
      "confidence": 0.65,
      "contrastAgainstBackground": 18.580093,
      "origin": "accent_adjusted:+15.8"
    },
    {
      "role": "Frame",
      "rgb": {
        "r": 104,
        "g": 115,
        "b": 130
      },
      "hsv": [
        214.61539,
        0.20000003,
        0.50980395
      ],
      "lab": [
        48.027176,
        -0.66393614,
        -9.6181755
      ],
      "hex": "#687382",
      "confidence": 0.65,
      "contrastAgainstBackground": 3.1754663,
      "contrastAgainstText": 3.855767,
      "origin": "background_adjusted:-36.0"
    },
    {
      "role": "HeaderAccent",
      "rgb": {
        "r": 0,
        "g": 0,
        "b": 0
      },
      "hsv": [
        0.0,
        0.0,
        0.0
      ],
      "lab": [
        0.0,
        0.0,
        0.0
      ],
      "hex": "#000000",
      "confidence": 0.6,
      "contrastAgainstBackground": 13.85534,
      "contrastAgainstText": 1.1316155,
      "origin": "header_accent:black"
    },
    {
      "role": "InactiveItem",
      "rgb": {
        "r": 34,
        "g": 36,
        "b": 45
      },
      "hsv": [
        229.09091,
        0.24444443,
        0.1764706
      ],
      "lab": [
        14.351326,
        1.5581697,
        -6.242317
      ],
      "hex": "#22242d",
      "sourceClusterIndex": 24,
      "confidence": 0.7,
      "origin": "cluster"
    },
    {
      "role": "ProgressBar",
      "rgb": {
        "r": 210,
        "g": 210,
        "b": 210
      },
      "hsv": [
        0.0,
        0.0,
        0.8235294
      ],
      "lab": [
        84.19848,
        -0.000029802322,
        0.000011920929
      ],
      "hex": "#d2d2d2",
      "confidence": 0.45,
      "contrastAgainstBackground": 1.0024723,
      "contrastAgainstText": 12.274129,
      "origin": "synthetic:bg-neutral"
    },
    {
      "role": "Scrollbar",
      "rgb": {
        "r": 19,
        "g": 19,
        "b": 19
      },
      "hsv": [
        0.0,
        0.0,
        0.07450981
      ],
      "lab": [
        5.882347,
        0.0,
        0.0
      ],
      "hex": "#131313",
      "confidence": 0.45,
      "contrastAgainstBackground": 12.258739,
      "contrastAgainstText": 1.0012155,
      "origin": "synthetic:text-neutral"
    }
  ],
  "totalSamples": 30625,
  "iterations": 40,
  "durationMs": 110.261425,
  "colorSpace": "CIELAB",
  "scrollbarEnabled": true
}
[2026-06-08 17:26:10] Theme generated successfully: /home/vlvin/.config/rmpc/themes/current-song.ron
[2026-06-08 17:26:10] ========== Theme Update Complete ==========

[2026-06-08 17:34:12] ========== Song Change Detected ==========
[2026-06-08 17:34:12] File: April Rain - 2014 - One Is Glad To Be Of Service/07 - A Sailor Without The Sea.mp3
[2026-06-08 17:34:12] Artist: April Rain
[2026-06-08 17:34:12] Title: A Sailor Without The Sea
[2026-06-08 17:34:12] Extracting album art...
[2026-06-08 17:34:12] Album art extracted successfully
[2026-06-08 17:34:12] Album art hash unchanged; skipping theme generation (skip_count=3)
[2026-06-08 17:40:10] ========== Song Change Detected ==========
[2026-06-08 17:40:10] File: April Rain - 2014 - One Is Glad To Be Of Service/08 - One Is Glad To Be Of Service (in memory of Robin Williams).mp3
[2026-06-08 17:40:10] Artist: April Rain
[2026-06-08 17:40:10] Title: One Is Glad To Be Of Service (in memory of Robin Williams)
[2026-06-08 17:40:10] Extracting album art...
[2026-06-08 17:40:10] Album art extracted successfully
[2026-06-08 17:40:10] Album art hash unchanged; skipping theme generation (skip_count=4)
[2026-06-08 17:45:12] ========== Song Change Detected ==========
[2026-06-08 17:45:12] File: Дельфин - Хлопок и Нейтрино (2026)/01. ЯСНОСТЬ.mp3
[2026-06-08 17:45:12] Artist: Dolphin
[2026-06-08 17:45:12] Title: ЯСНОСТЬ
[2026-06-08 17:45:12] Extracting album art...
[2026-06-08 17:45:12] Album art extracted successfully
[2026-06-08 17:45:12] Generating theme (format: image/jpeg)...
Theme written to: /home/vlvin/.config/rmpc/themes/current-song.ron
{
  "version": "1.0.0",
  "clusters": [
    {
      "rgb": {
        "r": 252,
        "g": 252,
        "b": 251
      },
      "hsv": [
        60.0,
        0.0039682537,
        0.9882353
      ],
      "lab": [
        98.93911,
        -0.17502904,
        0.47732592
      ],
      "count": 17967,
      "share": 0.287472
    },
    {
      "rgb": {
        "r": 247,
        "g": 244,
        "b": 242
      },
      "hsv": [
        24.0,
        0.020242915,
        0.96862745
      ],
      "lab": [
        96.36332,
        0.6496012,
        1.3134837
      ],
      "count": 12952,
      "share": 0.207232
    },
    {
      "rgb": {
        "r": 250,
        "g": 250,
        "b": 245
      },
      "hsv": [
        60.0,
        0.02,
        0.98039216
      ],
      "lab": [
        98.1486,
        -0.8698404,
        2.3921728
      ],
      "count": 8236,
      "share": 0.131776
    },
    {
      "rgb": {
        "r": 245,
        "g": 233,
        "b": 230
      },
      "hsv": [
        12.0,
        0.061224487,
        0.9607843
      ],
      "lab": [
        93.19114,
        3.541559,
        2.903998
      ],
      "count": 4976,
      "share": 0.079616
    },
    {
      "rgb": {
        "r": 244,
        "g": 217,
        "b": 218
      },
      "hsv": [
        357.77777,
        0.11065573,
        0.95686275
      ],
      "lab": [
        88.88575,
        9.481788,
        2.925408
      ],
      "count": 2653,
      "share": 0.042448
    },
    {
      "rgb": {
        "r": 247,
        "g": 199,
        "b": 199
      },
      "hsv": [
        0.0,
        0.19433197,
        0.96862745
      ],
      "lab": [
        84.35328,
        17.011673,
        6.471932
      ],
      "count": 2054,
      "share": 0.032864
    },
    {
      "rgb": {
        "r": 248,
        "g": 175,
        "b": 181
      },
      "hsv": [
        355.06848,
        0.29435483,
        0.972549
      ],
      "lab": [
        78.43621,
        27.470827,
        7.6657176
      ],
      "count": 1330,
      "share": 0.02128
    },
    {
      "rgb": {
        "r": 248,
        "g": 223,
        "b": 199
      },
      "hsv": [
        29.387756,
        0.19758064,
        0.972549
      ],
      "lab": [
        90.25586,
        4.8745275,
        14.897466
      ],
      "count": 1211,
      "share": 0.019376
    },
    {
      "rgb": {
        "r": 253,
        "g": 179,
        "b": 3
      },
      "hsv": [
        42.239998,
        0.9881423,
        0.99215686
      ],
      "lab": [
        77.9543,
        15.8041115,
        80.52438
      ],
      "count": 1180,
      "share": 0.01888
    },
    {
      "rgb": {
        "r": 248,
        "g": 146,
        "b": 156
      },
      "hsv": [
        354.11765,
        0.4112903,
        0.972549
      ],
      "lab": [
        71.50008,
        39.48468,
        11.506117
      ],
      "count": 1111,
      "share": 0.017776
    },
    {
      "rgb": {
        "r": 252,
        "g": 193,
        "b": 5
      },
      "hsv": [
        45.66802,
        0.98015875,
        0.9882353
      ],
      "lab": [
        81.209564,
        8.108109,
        82.52132
      ],
      "count": 1039,
      "share": 0.016624
    },
    {
      "rgb": {
        "r": 253,
        "g": 163,
        "b": 3
      },
      "hsv": [
        38.4,
        0.9881423,
        0.99215686
      ],
      "lab": [
        74.24667,
        24.164051,
        78.034035
      ],
      "count": 831,
      "share": 0.013296
    },
    {
      "rgb": {
        "r": 251,
        "g": 205,
        "b": 27
      },
      "hsv": [
        47.678574,
        0.8924303,
        0.9843137
      ],
      "lab": [
        84.09841,
        1.7454028,
        81.8002
      ],
      "count": 783,
      "share": 0.012528
    },
    {
      "rgb": {
        "r": 249,
        "g": 214,
        "b": 161
      },
      "hsv": [
        36.136364,
        0.35341364,
        0.9764706
      ],
      "lab": [
        87.392075,
        4.904002,
        30.718279
      ],
      "count": 743,
      "share": 0.011888
    },
    {
      "rgb": {
        "r": 29,
        "g": 33,
        "b": 39
      },
      "hsv": [
        216.0,
        0.25641027,
        0.15294118
      ],
      "lab": [
        12.578615,
        -0.13423711,
        -4.641679
      ],
      "count": 725,
      "share": 0.0116
    },
    {
      "rgb": {
        "r": 246,
        "g": 116,
        "b": 126
      },
      "hsv": [
        355.3846,
        0.52845526,
        0.9647059
      ],
      "lab": [
        64.64008,
        50.643147,
        18.743563
      ],
      "count": 647,
      "share": 0.010352
    },
    {
      "rgb": {
        "r": 247,
        "g": 84,
        "b": 93
      },
      "hsv": [
        356.6871,
        0.659919,
        0.96862745
      ],
      "lab": [
        58.892044,
        62.53266,
        29.996866
      ],
      "count": 553,
      "share": 0.008848
    },
    {
      "rgb": {
        "r": 204,
        "g": 166,
        "b": 181
      },
      "hsv": [
        336.3158,
        0.1862745,
        0.8
      ],
      "lab": [
        71.85761,
        16.349167,
        -2.433765
      ],
      "count": 455,
      "share": 0.00728
    },
    {
      "rgb": {
        "r": 25,
        "g": 59,
        "b": 86
      },
      "hsv": [
        206.55739,
        0.70930237,
        0.3372549
      ],
      "lab": [
        23.691654,
        -2.4884195,
        -19.907688
      ],
      "count": 431,
      "share": 0.006896
    },
    {
      "rgb": {
        "r": 36,
        "g": 106,
        "b": 153
      },
      "hsv": [
        204.10257,
        0.7647059,
        0.6
      ],
      "lab": [
        42.735645,
        -4.9493017,
        -31.736315
      ],
      "count": 412,
      "share": 0.006592
    },
    {
      "rgb": {
        "r": 252,
        "g": 211,
        "b": 111
      },
      "hsv": [
        42.55319,
        0.5595238,
        0.9882353
      ],
      "lab": [
        86.22363,
        2.8395355,
        54.185104
      ],
      "count": 391,
      "share": 0.006256
    },
    {
      "rgb": {
        "r": 249,
        "g": 54,
        "b": 38
      },
      "hsv": [
        4.5497627,
        0.8473896,
        0.9764706
      ],
      "lab": [
        54.994682,
        70.982666,
        55.297737
      ],
      "count": 369,
      "share": 0.005904
    },
    {
      "rgb": {
        "r": 145,
        "g": 142,
        "b": 170
      },
      "hsv": [
        246.42857,
        0.16470587,
        0.6666667
      ],
      "lab": [
        60.129906,
        6.9224834,
        -14.29708
      ],
      "count": 286,
      "share": 0.004576
    },
    {
      "rgb": {
        "r": 31,
        "g": 124,
        "b": 95
      },
      "hsv": [
        161.29033,
        0.75,
        0.4862745
      ],
      "lab": [
        46.353977,
        -34.01269,
        8.263599
      ],
      "count": 254,
      "share": 0.004064
    },
    {
      "rgb": {
        "r": 27,
        "g": 68,
        "b": 58
      },
      "hsv": [
        165.36586,
        0.6029412,
        0.26666668
      ],
      "lab": [
        25.780407,
        -17.261372,
        1.723206
      ],
      "count": 251,
      "share": 0.004016
    },
    {
      "rgb": {
        "r": 250,
        "g": 172,
        "b": 150
      },
      "hsv": [
        13.2,
        0.39999998,
        0.98039216
      ],
      "lab": [
        77.30194,
        26.001095,
        22.891808
      ],
      "count": 226,
      "share": 0.003616
    },
    {
      "rgb": {
        "r": 173,
        "g": 188,
        "b": 155
      },
      "hsv": [
        87.27273,
        0.1755319,
        0.7372549
      ],
      "lab": [
        74.32841,
        -11.149436,
        14.987982
      ],
      "count": 144,
      "share": 0.002304
    },
    {
      "rgb": {
        "r": 91,
        "g": 180,
        "b": 192
      },
      "hsv": [
        187.12871,
        0.5260417,
        0.7529412
      ],
      "lab": [
        68.51133,
        -23.288132,
        -14.277601
      ],
      "count": 118,
      "share": 0.001888
    },
    {
      "rgb": {
        "r": 251,
        "g": 122,
        "b": 49
      },
      "hsv": [
        21.683167,
        0.8047809,
        0.9843137
      ],
      "lab": [
        65.48001,
        45.02678,
        59.96946
      ],
      "count": 88,
      "share": 0.001408
    },
    {
      "rgb": {
        "r": 125,
        "g": 148,
        "b": 22
      },
      "hsv": [
        70.952385,
        0.8513514,
        0.5803922
      ],
      "lab": [
        57.653275,
        -24.133057,
        56.886993
      ],
      "count": 84,
      "share": 0.001344
    }
  ],
  "roleAssignments": [
    {
      "role": "Background",
      "rgb": {
        "r": 247,
        "g": 199,
        "b": 199
      },
      "hsv": [
        0.0,
        0.19433197,
        0.96862745
      ],
      "lab": [
        84.35328,
        17.011673,
        6.471932
      ],
      "hex": "#f7c7c7",
      "sourceClusterIndex": 5,
      "confidence": 0.9,
      "origin": "cluster"
    },
    {
      "role": "Text",
      "rgb": {
        "r": 29,
        "g": 33,
        "b": 39
      },
      "hsv": [
        216.0,
        0.25641027,
        0.15294118
      ],
      "lab": [
        12.578615,
        -0.13423711,
        -4.641679
      ],
      "hex": "#1d2127",
      "sourceClusterIndex": 14,
      "confidence": 0.9,
      "contrastAgainstBackground": 10.737515,
      "origin": "cluster"
    },
    {
      "role": "Accent",
      "rgb": {
        "r": 210,
        "g": 210,
        "b": 210
      },
      "hsv": [
        0.0,
        0.0,
        0.8235294
      ],
      "lab": [
        84.19848,
        -0.000029802322,
        0.000011920929
      ],
      "hex": "#d2d2d2",
      "confidence": 0.45,
      "contrastAgainstBackground": 1.0042702,
      "contrastAgainstText": 10.691858,
      "origin": "synthetic:bg-neutral"
    },
    {
      "role": "Border",
      "rgb": {
        "r": 252,
        "g": 211,
        "b": 111
      },
      "hsv": [
        42.55319,
        0.5595238,
        0.9882353
      ],
      "lab": [
        86.22363,
        2.8395355,
        54.185104
      ],
      "hex": "#fcd36f",
      "sourceClusterIndex": 20,
      "confidence": 0.8,
      "origin": "cluster"
    },
    {
      "role": "ActiveItem",
      "rgb": {
        "r": 33,
        "g": 33,
        "b": 33
      },
      "hsv": [
        0.0,
        0.0,
        0.12941177
      ],
      "lab": [
        12.740011,
        0.0,
        0.0
      ],
      "hex": "#212121",
      "confidence": 0.45,
      "contrastAgainstBackground": 10.695617,
      "contrastAgainstText": 1.0039173,
      "origin": "synthetic:text-neutral"
    },
    {
      "role": "HighlightText",
      "rgb": {
        "r": 255,
        "g": 255,
        "b": 255
      },
      "hsv": [
        0.0,
        0.0,
        1.0
      ],
      "lab": [
        100.0,
        0.0,
        0.0
      ],
      "hex": "#ffffff",
      "confidence": 0.65,
      "contrastAgainstBackground": 16.10219,
      "origin": "accent_adjusted:+15.8"
    },
    {
      "role": "Frame",
      "rgb": {
        "r": 146,
        "g": 104,
        "b": 105
      },
      "hsv": [
        358.57144,
        0.28767127,
        0.57254905
      ],
      "lab": [
        48.301117,
        17.001062,
        6.1439037
      ],
      "hex": "#926869",
      "confidence": 0.65,
      "contrastAgainstBackground": 3.1656673,
      "contrastAgainstText": 3.3918648,
      "origin": "background_adjusted:-36.0"
    },
    {
      "role": "HeaderAccent",
      "rgb": {
        "r": 0,
        "g": 0,
        "b": 0
      },
      "hsv": [
        0.0,
        0.0,
        0.0
      ],
      "lab": [
        0.0,
        0.0,
        0.0
      ],
      "hex": "#000000",
      "confidence": 0.6,
      "contrastAgainstBackground": 13.948907,
      "contrastAgainstText": 1.2990814,
      "origin": "header_accent:black"
    },
    {
      "role": "InactiveItem",
      "rgb": {
        "r": 252,
        "g": 211,
        "b": 111
      },
      "hsv": [
        42.55319,
        0.5595238,
        0.9882353
      ],
      "lab": [
        86.22363,
        2.8395355,
        54.185104
      ],
      "hex": "#fcd36f",
      "sourceClusterIndex": 20,
      "confidence": 0.7,
      "origin": "cluster"
    },
    {
      "role": "ProgressBar",
      "rgb": {
        "r": 210,
        "g": 210,
        "b": 210
      },
      "hsv": [
        0.0,
        0.0,
        0.8235294
      ],
      "lab": [
        84.19848,
        -0.000029802322,
        0.000011920929
      ],
      "hex": "#d2d2d2",
      "confidence": 0.45,
      "contrastAgainstBackground": 1.0042702,
      "contrastAgainstText": 10.691858,
      "origin": "synthetic:bg-neutral"
    },
    {
      "role": "Scrollbar",
      "rgb": {
        "r": 33,
        "g": 33,
        "b": 33
      },
      "hsv": [
        0.0,
        0.0,
        0.12941177
      ],
      "lab": [
        12.740011,
        0.0,
        0.0
      ],
      "hex": "#212121",
      "confidence": 0.45,
      "contrastAgainstBackground": 10.695617,
      "contrastAgainstText": 1.0039173,
      "origin": "synthetic:text-neutral"
    }
  ],
  "totalSamples": 62500,
  "iterations": 40,
  "durationMs": 248.035213,
  "colorSpace": "CIELAB",
  "scrollbarEnabled": true
}
[2026-06-08 17:45:12] Theme generated successfully: /home/vlvin/.config/rmpc/themes/current-song.ron
[2026-06-08 17:45:12] ========== Theme Update Complete ==========

[2026-06-08 17:51:53] ========== Song Change Detected ==========
[2026-06-08 17:51:53] File: Дельфин - Хлопок и Нейтрино (2026)/02. ОСТРОВ.mp3
[2026-06-08 17:51:53] Artist: Dolphin
[2026-06-08 17:51:53] Title: ОСТРОВ
[2026-06-08 17:51:53] Extracting album art...
[2026-06-08 17:51:53] Album art extracted successfully
[2026-06-08 17:51:53] Album art hash unchanged; skipping theme generation (skip_count=5)
[2026-06-08 17:55:40] ========== Song Change Detected ==========
[2026-06-08 17:55:40] File: Дельфин - Хлопок и Нейтрино (2026)/01. ЯСНОСТЬ.mp3
[2026-06-08 17:55:40] Artist: Dolphin
[2026-06-08 17:55:40] Title: ЯСНОСТЬ
[2026-06-08 17:55:40] Extracting album art...
[2026-06-08 17:55:40] Album art extracted successfully
[2026-06-08 17:55:40] Album art hash unchanged; skipping theme generation (skip_count=6)
[2026-06-08 18:02:29] ========== Song Change Detected ==========
[2026-06-08 18:02:29] File: Дельфин - Хлопок и Нейтрино (2026)/02. ОСТРОВ.mp3
[2026-06-08 18:02:29] Artist: Dolphin
[2026-06-08 18:02:29] Title: ОСТРОВ
[2026-06-08 18:02:29] Extracting album art...
[2026-06-08 18:02:29] Album art extracted successfully
[2026-06-08 18:02:29] Album art hash unchanged; skipping theme generation (skip_count=7)
[2026-06-08 18:09:34] ========== Song Change Detected ==========
[2026-06-08 18:09:34] File: Дельфин - Хлопок и Нейтрино (2026)/03. ВРЕМЯ.mp3
[2026-06-08 18:09:34] Artist: Dolphin
[2026-06-08 18:09:34] Title: ВРЕМЯ
[2026-06-08 18:09:34] Extracting album art...
[2026-06-08 18:09:34] Album art extracted successfully
[2026-06-08 18:09:34] Album art hash unchanged; skipping theme generation (skip_count=8)
[2026-06-08 18:18:12] ========== Song Change Detected ==========
[2026-06-08 18:18:12] File: Дельфин - Хлопок и Нейтрино (2026)/04. ЖДАТЬ.mp3
[2026-06-08 18:18:12] Artist: Dolphin
[2026-06-08 18:18:12] Title: ЖДАТЬ
[2026-06-08 18:18:12] Extracting album art...
[2026-06-08 18:18:12] Album art extracted successfully
[2026-06-08 18:18:12] Album art hash unchanged; skipping theme generation (skip_count=9)
[2026-06-08 18:25:21] ========== Song Change Detected ==========
[2026-06-08 18:25:21] File: Дельфин - Хлопок и Нейтрино (2026)/05. ПЛАНКТОН.mp3
[2026-06-08 18:25:21] Artist: Dolphin
[2026-06-08 18:25:21] Title: ПЛАНКТОН
[2026-06-08 18:25:21] Extracting album art...
[2026-06-08 18:25:21] Album art extracted successfully
[2026-06-08 18:25:21] Album art hash unchanged; skipping theme generation (skip_count=10)
[2026-06-08 18:32:53] ========== Song Change Detected ==========
[2026-06-08 18:32:53] File: Дельфин - Хлопок и Нейтрино (2026)/06. СНОВА.mp3
[2026-06-08 18:32:53] Artist: Dolphin
[2026-06-08 18:32:53] Title: СНОВА
[2026-06-08 18:32:53] Extracting album art...
[2026-06-08 18:32:53] Album art extracted successfully
[2026-06-08 18:32:53] Album art hash unchanged; skipping theme generation (skip_count=11)
[2026-06-08 18:41:14] ========== Song Change Detected ==========
[2026-06-08 18:41:14] File: Дельфин - Хлопок и Нейтрино (2026)/07. ВНИЗ.mp3
[2026-06-08 18:41:14] Artist: Dolphin
[2026-06-08 18:41:14] Title: ВНИЗ
[2026-06-08 18:41:14] Extracting album art...
[2026-06-08 18:41:14] Album art extracted successfully
[2026-06-08 18:41:14] Album art hash unchanged; skipping theme generation (skip_count=12)
[2026-06-08 18:47:17] ========== Song Change Detected ==========
[2026-06-08 18:47:17] File: Дельфин - Хлопок и Нейтрино (2026)/08. К ТЕБЕ.mp3
[2026-06-08 18:47:17] Artist: Dolphin
[2026-06-08 18:47:17] Title: К ТЕБЕ
[2026-06-08 18:47:17] Extracting album art...
[2026-06-08 18:47:17] Album art extracted successfully
[2026-06-08 18:47:17] Album art hash unchanged; skipping theme generation (skip_count=13)
[2026-06-08 18:53:14] ========== Song Change Detected ==========
[2026-06-08 18:53:14] File: Дельфин - Хлопок и Нейтрино (2026)/09. ОДИН РАЗ.mp3
[2026-06-08 18:53:14] Artist: Dolphin
[2026-06-08 18:53:14] Title: ОДИН РАЗ
[2026-06-08 18:53:14] Extracting album art...
[2026-06-08 18:53:14] Album art extracted successfully
[2026-06-08 18:53:14] Album art hash unchanged; skipping theme generation (skip_count=14)
[2026-06-08 19:06:11] ========== Song Change Detected ==========
[2026-06-08 19:06:11] File: Sleep Token - 2021 - This Place Will Become Your Tomb [Instrumental] (24_44)/01 - Atlantic (Instrumental).flac
[2026-06-08 19:06:11] Artist: Sleep Token
[2026-06-08 19:06:11] Title: Atlantic (Instrumental)
[2026-06-08 19:06:11] Extracting album art...
[2026-06-08 19:06:12] Album art extracted successfully
[2026-06-08 19:06:12] ========== Song Change Detected ==========
[2026-06-08 19:06:12] File: Sleep Token - 2021 - This Place Will Become Your Tomb [Instrumental] (24_44)/01 - Atlantic (Instrumental).flac
[2026-06-08 19:06:12] Artist: Sleep Token
[2026-06-08 19:06:12] Title: Atlantic (Instrumental)
[2026-06-08 19:06:12] Same song as previous, skipping theme generation
[2026-06-08 19:06:12] Generating theme (format: image/jpeg)...
Theme written to: /home/vlvin/.config/rmpc/themes/current-song.ron
{
  "version": "1.0.0",
  "clusters": [
    {
      "rgb": {
        "r": 8,
        "g": 17,
        "b": 26
      },
      "hsv": [
        210.0,
        0.69230765,
        0.101960786
      ],
      "lab": [
        4.7609844,
        -0.57287514,
        -6.818047
      ],
      "count": 46019,
      "share": 0.15339666666666665
    },
    {
      "rgb": {
        "r": 33,
        "g": 67,
        "b": 99
      },
      "hsv": [
        209.09091,
        0.6666666,
        0.3882353
      ],
      "lab": [
        27.402412,
        -1.1713058,
        -22.515047
      ],
      "count": 22782,
      "share": 0.07594
    },
    {
      "rgb": {
        "r": 27,
        "g": 55,
        "b": 81
      },
      "hsv": [
        208.88889,
        0.6666667,
        0.31764707
      ],
      "lab": [
        22.156963,
        -1.3073832,
        -18.999546
      ],
      "count": 22688,
      "share": 0.07562666666666666
    },
    {
      "rgb": {
        "r": 18,
        "g": 35,
        "b": 51
      },
      "hsv": [
        209.09091,
        0.6470588,
        0.2
      ],
      "lab": [
        13.043608,
        -1.2432263,
        -12.644357
      ],
      "count": 20652,
      "share": 0.06884
    },
    {
      "rgb": {
        "r": 29,
        "g": 60,
        "b": 87
      },
      "hsv": [
        207.93103,
        0.6666667,
        0.34117648
      ],
      "lab": [
        24.259998,
        -1.9342452,
        -19.662064
      ],
      "count": 20606,
      "share": 0.06868666666666666
    },
    {
      "rgb": {
        "r": 14,
        "g": 30,
        "b": 46
      },
      "hsv": [
        210.0,
        0.6956522,
        0.18039216
      ],
      "lab": [
        10.6972885,
        -0.67750365,
        -12.717715
      ],
      "count": 15144,
      "share": 0.05048
    },
    {
      "rgb": {
        "r": 12,
        "g": 23,
        "b": 34
      },
      "hsv": [
        210.0,
        0.64705884,
        0.13333334
      ],
      "lab": [
        7.2841263,
        -0.8112788,
        -9.140131
      ],
      "count": 15123,
      "share": 0.05041
    },
    {
      "rgb": {
        "r": 31,
        "g": 62,
        "b": 92
      },
      "hsv": [
        209.5082,
        0.6630435,
        0.36078432
      ],
      "lab": [
        25.287037,
        -0.9292364,
        -21.312988
      ],
      "count": 14466,
      "share": 0.04822
    },
    {
      "rgb": {
        "r": 24,
        "g": 49,
        "b": 73
      },
      "hsv": [
        209.38776,
        0.67123294,
        0.28627452
      ],
      "lab": [
        19.522186,
        -0.9826869,
        -17.773623
      ],
      "count": 14211,
      "share": 0.04737
    },
    {
      "rgb": {
        "r": 36,
        "g": 72,
        "b": 108
      },
      "hsv": [
        210.0,
        0.6666666,
        0.42352942
      ],
      "lab": [
        29.64328,
        -0.44858456,
        -24.729622
      ],
      "count": 13244,
      "share": 0.04414666666666667
    },
    {
      "rgb": {
        "r": 13,
        "g": 27,
        "b": 41
      },
      "hsv": [
        210.0,
        0.68292683,
        0.16078432
      ],
      "lab": [
        9.234392,
        -0.7631406,
        -11.339662
      ],
      "count": 12401,
      "share": 0.04133666666666667
    },
    {
      "rgb": {
        "r": 22,
        "g": 44,
        "b": 65
      },
      "hsv": [
        209.30232,
        0.6615385,
        0.25490198
      ],
      "lab": [
        17.242199,
        -1.1078715,
        -15.889448
      ],
      "count": 11846,
      "share": 0.03948666666666667
    },
    {
      "rgb": {
        "r": 20,
        "g": 41,
        "b": 58
      },
      "hsv": [
        206.8421,
        0.65517235,
        0.22745098
      ],
      "lab": [
        15.6953945,
        -2.2449045,
        -13.4540615
      ],
      "count": 11207,
      "share": 0.03735666666666667
    },
    {
      "rgb": {
        "r": 18,
        "g": 36,
        "b": 56
      },
      "hsv": [
        211.57895,
        0.6785714,
        0.21960784
      ],
      "lab": [
        13.684275,
        0.030741096,
        -15.19556
      ],
      "count": 9697,
      "share": 0.032323333333333336
    },
    {
      "rgb": {
        "r": 33,
        "g": 65,
        "b": 93
      },
      "hsv": [
        208.0,
        0.6451613,
        0.3647059
      ],
      "lab": [
        26.43011,
        -2.106473,
        -20.166481
      ],
      "count": 9298,
      "share": 0.030993333333333335
    },
    {
      "rgb": {
        "r": 26,
        "g": 52,
        "b": 73
      },
      "hsv": [
        206.80852,
        0.64383566,
        0.28627452
      ],
      "lab": [
        20.6596,
        -2.567813,
        -15.99077
      ],
      "count": 7498,
      "share": 0.024993333333333333
    },
    {
      "rgb": {
        "r": 14,
        "g": 30,
        "b": 40
      },
      "hsv": [
        203.07692,
        0.65000004,
        0.15686275
      ],
      "lab": [
        10.371845,
        -3.0886457,
        -8.836508
      ],
      "count": 6617,
      "share": 0.022056666666666665
    },
    {
      "rgb": {
        "r": 40,
        "g": 80,
        "b": 118
      },
      "hsv": [
        209.23077,
        0.6610169,
        0.4627451
      ],
      "lab": [
        32.909878,
        -1.1100918,
        -25.870396
      ],
      "count": 6306,
      "share": 0.02102
    },
    {
      "rgb": {
        "r": 37,
        "g": 73,
        "b": 105
      },
      "hsv": [
        208.23529,
        0.647619,
        0.4117647
      ],
      "lab": [
        29.856647,
        -2.0114331,
        -22.489399
      ],
      "count": 5261,
      "share": 0.017536666666666666
    },
    {
      "rgb": {
        "r": 53,
        "g": 88,
        "b": 130
      },
      "hsv": [
        212.72726,
        0.59230775,
        0.50980395
      ],
      "lab": [
        36.644493,
        0.86051226,
        -27.379715
      ],
      "count": 3014,
      "share": 0.010046666666666667
    },
    {
      "rgb": {
        "r": 162,
        "g": 172,
        "b": 199
      },
      "hsv": [
        223.78378,
        0.18592964,
        0.78039217
      ],
      "lab": [
        70.392006,
        2.1873415,
        -14.916444
      ],
      "count": 2923,
      "share": 0.009743333333333333
    },
    {
      "rgb": {
        "r": 75,
        "g": 98,
        "b": 145
      },
      "hsv": [
        220.28572,
        0.4827586,
        0.5686275
      ],
      "lab": [
        41.649544,
        4.9533844,
        -28.539253
      ],
      "count": 1997,
      "share": 0.006656666666666667
    },
    {
      "rgb": {
        "r": 118,
        "g": 134,
        "b": 173
      },
      "hsv": [
        222.54544,
        0.3179191,
        0.6784314
      ],
      "lab": [
        56.005615,
        3.6149025,
        -22.477293
      ],
      "count": 1477,
      "share": 0.004923333333333333
    },
    {
      "rgb": {
        "r": 140,
        "g": 154,
        "b": 188
      },
      "hsv": [
        222.5,
        0.25531912,
        0.7372549
      ],
      "lab": [
        63.6037,
        2.6952028,
        -19.23133
      ],
      "count": 1439,
      "share": 0.004796666666666667
    },
    {
      "rgb": {
        "r": 98,
        "g": 116,
        "b": 161
      },
      "hsv": [
        222.85715,
        0.39130434,
        0.6313726
      ],
      "lab": [
        49.080887,
        5.079031,
        -26.326561
      ],
      "count": 1346,
      "share": 0.004486666666666667
    },
    {
      "rgb": {
        "r": 34,
        "g": 66,
        "b": 105
      },
      "hsv": [
        212.95773,
        0.67619044,
        0.4117647
      ],
      "lab": [
        27.45182,
        1.9929111,
        -26.279116
      ],
      "count": 1136,
      "share": 0.0037866666666666665
    },
    {
      "rgb": {
        "r": 83,
        "g": 106,
        "b": 140
      },
      "hsv": [
        215.78947,
        0.40714288,
        0.54901963
      ],
      "lab": [
        44.289963,
        0.7058382,
        -21.402168
      ],
      "count": 590,
      "share": 0.0019666666666666665
    },
    {
      "rgb": {
        "r": 177,
        "g": 186,
        "b": 217
      },
      "hsv": [
        226.5,
        0.18433179,
        0.8509804
      ],
      "lab": [
        75.74515,
        3.3035874,
        -16.57722
      ],
      "count": 470,
      "share": 0.0015666666666666667
    },
    {
      "rgb": {
        "r": 248,
        "g": 250,
        "b": 250
      },
      "hsv": [
        180.0,
        0.007999999,
        0.98039216
      ],
      "lab": [
        98.12536,
        -0.659585,
        -0.23179054
      ],
      "count": 357,
      "share": 0.00119
    },
    {
      "rgb": {
        "r": 188,
        "g": 197,
        "b": 210
      },
      "hsv": [
        215.45454,
        0.1047619,
        0.8235294
      ],
      "lab": [
        79.20022,
        -0.529021,
        -7.543826
      ],
      "count": 185,
      "share": 0.0006166666666666666
    }
  ],
  "roleAssignments": [
    {
      "role": "Background",
      "rgb": {
        "r": 162,
        "g": 172,
        "b": 199
      },
      "hsv": [
        223.78378,
        0.18592964,
        0.78039217
      ],
      "lab": [
        70.392006,
        2.1873415,
        -14.916444
      ],
      "hex": "#a2acc7",
      "sourceClusterIndex": 20,
      "confidence": 0.9,
      "origin": "cluster"
    },
    {
      "role": "Text",
      "rgb": {
        "r": 8,
        "g": 17,
        "b": 26
      },
      "hsv": [
        210.0,
        0.69230765,
        0.101960786
      ],
      "lab": [
        4.7609844,
        -0.57287514,
        -6.818047
      ],
      "hex": "#08111a",
      "sourceClusterIndex": 0,
      "confidence": 0.9,
      "contrastAgainstBackground": 8.378704,
      "origin": "cluster"
    },
    {
      "role": "Accent",
      "rgb": {
        "r": 172,
        "g": 172,
        "b": 172
      },
      "hsv": [
        0.0,
        0.0,
        0.6745098
      ],
      "lab": [
        70.35371,
        -0.000029802322,
        0.000011920929
      ],
      "hex": "#acacac",
      "confidence": 0.45,
      "contrastAgainstBackground": 1.001204,
      "contrastAgainstText": 8.368628,
      "origin": "synthetic:bg-neutral"
    },
    {
      "role": "Border",
      "rgb": {
        "r": 53,
        "g": 88,
        "b": 130
      },
      "hsv": [
        212.72726,
        0.59230775,
        0.50980395
      ],
      "lab": [
        36.644493,
        0.86051226,
        -27.379715
      ],
      "hex": "#355882",
      "sourceClusterIndex": 19,
      "confidence": 0.8,
      "origin": "cluster"
    },
    {
      "role": "ActiveItem",
      "rgb": {
        "r": 16,
        "g": 16,
        "b": 16
      },
      "hsv": [
        0.0,
        0.0,
        0.0627451
      ],
      "lab": [
        4.6804447,
        0.0,
        0.0
      ],
      "hex": "#101010",
      "confidence": 0.45,
      "contrastAgainstBackground": 8.392295,
      "contrastAgainstText": 1.0016221,
      "origin": "synthetic:text-neutral"
    },
    {
      "role": "HighlightText",
      "rgb": {
        "r": 216,
        "g": 216,
        "b": 216
      },
      "hsv": [
        0.0,
        0.0,
        0.84705883
      ],
      "lab": [
        86.33965,
        0.0,
        0.0
      ],
      "hex": "#d8d8d8",
      "confidence": 0.65,
      "contrastAgainstBackground": 13.350221,
      "origin": "accent_adjusted:+16.0"
    },
    {
      "role": "Frame",
      "rgb": {
        "r": 71,
        "g": 81,
        "b": 104
      },
      "hsv": [
        221.81819,
        0.31730768,
        0.40784314
      ],
      "lab": [
        34.44439,
        2.044931,
        -14.587986
      ],
      "hex": "#475168",
      "confidence": 0.65,
      "contrastAgainstBackground": 3.5019822,
      "contrastAgainstText": 2.3925605,
      "origin": "background_adjusted:-36.0"
    },
    {
      "role": "HeaderAccent",
      "rgb": {
        "r": 0,
        "g": 0,
        "b": 0
      },
      "hsv": [
        0.0,
        0.0,
        0.0
      ],
      "lab": [
        0.0,
        0.0,
        0.0
      ],
      "hex": "#000000",
      "confidence": 0.6,
      "contrastAgainstBackground": 9.2619915,
      "contrastAgainstText": 1.1054206,
      "origin": "header_accent:black"
    },
    {
      "role": "InactiveItem",
      "rgb": {
        "r": 53,
        "g": 88,
        "b": 130
      },
      "hsv": [
        212.72726,
        0.59230775,
        0.50980395
      ],
      "lab": [
        36.644493,
        0.86051226,
        -27.379715
      ],
      "hex": "#355882",
      "sourceClusterIndex": 19,
      "confidence": 0.7,
      "origin": "cluster"
    },
    {
      "role": "ProgressBar",
      "rgb": {
        "r": 172,
        "g": 172,
        "b": 172
      },
      "hsv": [
        0.0,
        0.0,
        0.6745098
      ],
      "lab": [
        70.35371,
        -0.000029802322,
        0.000011920929
      ],
      "hex": "#acacac",
      "confidence": 0.45,
      "contrastAgainstBackground": 1.001204,
      "contrastAgainstText": 8.368628,
      "origin": "synthetic:bg-neutral"
    },
    {
      "role": "Scrollbar",
      "rgb": {
        "r": 16,
        "g": 16,
        "b": 16
      },
      "hsv": [
        0.0,
        0.0,
        0.0627451
      ],
      "lab": [
        4.6804447,
        0.0,
        0.0
      ],
      "hex": "#101010",
      "confidence": 0.45,
      "contrastAgainstBackground": 8.392295,
      "contrastAgainstText": 1.0016221,
      "origin": "synthetic:text-neutral"
    }
  ],
  "totalSamples": 300000,
  "iterations": 40,
  "durationMs": 1419.865724,
  "colorSpace": "CIELAB",
  "scrollbarEnabled": true
}
[2026-06-08 19:06:13] Theme generated successfully: /home/vlvin/.config/rmpc/themes/current-song.ron
[2026-06-08 19:06:13] ========== Theme Update Complete ==========

[2026-06-08 19:11:04] ========== Song Change Detected ==========
[2026-06-08 19:11:04] File: Sleep Token - 2021 - This Place Will Become Your Tomb [Instrumental] (24_44)/02 - Hypnosis (Instrumental).flac
[2026-06-08 19:11:04] Artist: Sleep Token
[2026-06-08 19:11:04] Title: Hypnosis (Instrumental)
[2026-06-08 19:11:04] Extracting album art...
[2026-06-08 19:11:04] Album art extracted successfully
[2026-06-08 19:11:04] Album art hash unchanged; skipping theme generation (skip_count=15)
[2026-06-08 19:16:39] ========== Song Change Detected ==========
[2026-06-08 19:16:39] File: Sleep Token - 2021 - This Place Will Become Your Tomb [Instrumental] (24_44)/03 - Mine (Instrumental).flac
[2026-06-08 19:16:39] Artist: Sleep Token
[2026-06-08 19:16:39] Title: Mine (Instrumental)
[2026-06-08 19:16:39] Extracting album art...
[2026-06-08 19:16:39] Album art extracted successfully
[2026-06-08 19:16:39] Album art hash unchanged; skipping theme generation (skip_count=16)
[2026-06-08 19:21:36] ========== Song Change Detected ==========
[2026-06-08 19:21:36] File: Sleep Token - 2021 - This Place Will Become Your Tomb [Instrumental] (24_44)/04 - Like That (Instrumental).flac
[2026-06-08 19:21:36] Artist: Sleep Token
[2026-06-08 19:21:36] Title: Like That (Instrumental)
[2026-06-08 19:21:36] Extracting album art...
[2026-06-08 19:21:36] Album art extracted successfully
[2026-06-08 19:21:36] Album art hash unchanged; skipping theme generation (skip_count=17)
[2026-06-08 19:25:11] ========== Song Change Detected ==========
[2026-06-08 19:25:11] File: Sleep Token - 2021 - This Place Will Become Your Tomb [Instrumental] (24_44)/05 - The Love You Want (Instrumental).flac
[2026-06-08 19:25:11] Artist: Sleep Token
[2026-06-08 19:25:11] Title: The Love You Want (Instrumental)
[2026-06-08 19:25:11] Extracting album art...
[2026-06-08 19:25:11] Album art extracted successfully
[2026-06-08 19:25:11] Album art hash unchanged; skipping theme generation (skip_count=18)
[2026-06-08 19:29:34] ========== Song Change Detected ==========
[2026-06-08 19:29:34] File: Sleep Token - 2021 - This Place Will Become Your Tomb [Instrumental] (24_44)/06 - Alkaline (Instrumental).flac
[2026-06-08 19:29:34] Artist: Sleep Token
[2026-06-08 19:29:34] Title: Alkaline (Instrumental)
[2026-06-08 19:29:34] Extracting album art...
[2026-06-08 19:29:34] Album art extracted successfully
[2026-06-08 19:29:34] Album art hash unchanged; skipping theme generation (skip_count=19)
[2026-06-08 19:33:08] ========== Song Change Detected ==========
[2026-06-08 19:33:08] File: Sleep Token - 2021 - This Place Will Become Your Tomb [Instrumental] (24_44)/07 - Distraction (Instrumental).flac
[2026-06-08 19:33:08] Artist: Sleep Token
[2026-06-08 19:33:08] Title: Distraction (Instrumental)
[2026-06-08 19:33:08] Extracting album art...
[2026-06-08 19:33:08] Album art extracted successfully
[2026-06-08 19:33:08] Album art hash unchanged; skipping theme generation (skip_count=20)
[2026-06-08 19:37:31] ========== Song Change Detected ==========
[2026-06-08 19:37:31] File: Sleep Token - 2021 - This Place Will Become Your Tomb [Instrumental] (24_44)/08 - Descending (Instrumental).flac
[2026-06-08 19:37:31] Artist: Sleep Token
[2026-06-08 19:37:31] Title: Descending (Instrumental)
[2026-06-08 19:37:31] Extracting album art...
[2026-06-08 19:37:31] Album art extracted successfully
[2026-06-08 19:37:31] Album art hash unchanged; skipping theme generation (skip_count=21)
[2026-06-08 19:42:10] ========== Song Change Detected ==========
[2026-06-08 19:42:10] File: Sleep Token - 2021 - This Place Will Become Your Tomb [Instrumental] (24_44)/09 - Telomeres (Instrumental).flac
[2026-06-08 19:42:10] Artist: Sleep Token
[2026-06-08 19:42:10] Title: Telomeres (Instrumental)
[2026-06-08 19:42:10] Extracting album art...
[2026-06-08 19:42:10] Album art extracted successfully
[2026-06-08 19:42:10] Album art hash unchanged; skipping theme generation (skip_count=22)
[2026-06-08 19:47:16] ========== Song Change Detected ==========
[2026-06-08 19:47:16] File: Sleep Token - 2021 - This Place Will Become Your Tomb [Instrumental] (24_44)/10 - High Water (Instrumental).flac
[2026-06-08 19:47:16] Artist: Sleep Token
[2026-06-08 19:47:16] Title: High Water (Instrumental)
[2026-06-08 19:47:16] Extracting album art...
[2026-06-08 19:47:16] Album art extracted successfully
[2026-06-08 19:47:16] Album art hash unchanged; skipping theme generation (skip_count=23)
[2026-06-08 22:08:05] ========== Song Change Detected ==========
[2026-06-08 22:08:05] File: C418 (FLAC)/Albums/2006 - circle/01. sleepless.flac
[2026-06-08 22:08:05] Artist: C418
[2026-06-08 22:08:05] Title: sleepless
[2026-06-08 22:08:05] Extracting album art...
[2026-06-08 22:08:05] ========== Song Change Detected ==========
[2026-06-08 22:08:05] File: C418 (FLAC)/Albums/2006 - circle/01. sleepless.flac
[2026-06-08 22:08:05] Artist: C418
[2026-06-08 22:08:05] Title: sleepless
[2026-06-08 22:08:05] Same song as previous, skipping theme generation
[2026-06-08 22:08:05] Album art extracted successfully
[2026-06-08 22:08:05] Generating theme (format: image/jpeg)...
Theme written to: /home/vlvin/.config/rmpc/themes/current-song.ron
{
  "version": "1.0.0",
  "clusters": [
    {
      "rgb": {
        "r": 122,
        "g": 209,
        "b": 174
      },
      "hsv": [
        155.86206,
        0.41626796,
        0.81960785
      ],
      "lab": [
        77.75192,
        -34.26942,
        9.216094
      ],
      "count": 10303,
      "share": 0.3364244897959184
    },
    {
      "rgb": {
        "r": 5,
        "g": 170,
        "b": 102
      },
      "hsv": [
        155.27272,
        0.97058827,
        0.6666667
      ],
      "lab": [
        61.428185,
        -52.950233,
        24.921322
      ],
      "count": 8043,
      "share": 0.26262857142857143
    },
    {
      "rgb": {
        "r": 7,
        "g": 169,
        "b": 104
      },
      "hsv": [
        155.92592,
        0.9585799,
        0.6627451
      ],
      "lab": [
        61.149094,
        -52.08865,
        23.477232
      ],
      "count": 3114,
      "share": 0.10168163265306122
    },
    {
      "rgb": {
        "r": 22,
        "g": 100,
        "b": 84
      },
      "hsv": [
        167.6923,
        0.78000003,
        0.39215687
      ],
      "lab": [
        37.706112,
        -27.153938,
        2.4835587
      ],
      "count": 2318,
      "share": 0.07568979591836734
    },
    {
      "rgb": {
        "r": 10,
        "g": 172,
        "b": 107
      },
      "hsv": [
        155.92592,
        0.9418605,
        0.6745098
      ],
      "lab": [
        62.193016,
        -52.430065,
        23.259497
      ],
      "count": 1196,
      "share": 0.039053061224489795
    },
    {
      "rgb": {
        "r": 5,
        "g": 169,
        "b": 101
      },
      "hsv": [
        155.12195,
        0.9704142,
        0.6627451
      ],
      "lab": [
        61.08542,
        -52.79136,
        25.00317
      ],
      "count": 995,
      "share": 0.03248979591836735
    },
    {
      "rgb": {
        "r": 19,
        "g": 172,
        "b": 110
      },
      "hsv": [
        155.68626,
        0.8895349,
        0.6745098
      ],
      "lab": [
        62.310425,
        -51.300438,
        21.809006
      ],
      "count": 602,
      "share": 0.019657142857142856
    },
    {
      "rgb": {
        "r": 29,
        "g": 166,
        "b": 109
      },
      "hsv": [
        155.03648,
        0.82530123,
        0.6509804
      ],
      "lab": [
        60.458733,
        -48.396023,
        19.864666
      ],
      "count": 445,
      "share": 0.01453061224489796
    },
    {
      "rgb": {
        "r": 21,
        "g": 103,
        "b": 85
      },
      "hsv": [
        166.82927,
        0.79611653,
        0.40392157
      ],
      "lab": [
        38.751266,
        -28.44572,
        3.376615
      ],
      "count": 411,
      "share": 0.013420408163265306
    },
    {
      "rgb": {
        "r": 44,
        "g": 177,
        "b": 127
      },
      "hsv": [
        157.4436,
        0.75141245,
        0.69411767
      ],
      "lab": [
        64.57144,
        -47.002495,
        15.705657
      ],
      "count": 410,
      "share": 0.013387755102040816
    },
    {
      "rgb": {
        "r": 33,
        "g": 181,
        "b": 121
      },
      "hsv": [
        155.67567,
        0.8176796,
        0.70980394
      ],
      "lab": [
        65.552765,
        -51.18045,
        20.288908
      ],
      "count": 319,
      "share": 0.010416326530612245
    },
    {
      "rgb": {
        "r": 25,
        "g": 100,
        "b": 87
      },
      "hsv": [
        169.6,
        0.75,
        0.39215687
      ],
      "lab": [
        37.857433,
        -25.829882,
        0.8674085
      ],
      "count": 296,
      "share": 0.00966530612244898
    },
    {
      "rgb": {
        "r": 30,
        "g": 176,
        "b": 118
      },
      "hsv": [
        156.16438,
        0.8295455,
        0.6901961
      ],
      "lab": [
        63.862038,
        -50.203205,
        19.598793
      ],
      "count": 290,
      "share": 0.009469387755102041
    },
    {
      "rgb": {
        "r": 42,
        "g": 180,
        "b": 126
      },
      "hsv": [
        156.52173,
        0.7666667,
        0.7058824
      ],
      "lab": [
        65.46631,
        -48.686028,
        17.484152
      ],
      "count": 263,
      "share": 0.008587755102040816
    },
    {
      "rgb": {
        "r": 60,
        "g": 190,
        "b": 137
      },
      "hsv": [
        155.53847,
        0.68421054,
        0.74509805
      ],
      "lab": [
        69.1772,
        -47.68446,
        16.719091
      ],
      "count": 190,
      "share": 0.006204081632653061
    },
    {
      "rgb": {
        "r": 112,
        "g": 207,
        "b": 169
      },
      "hsv": [
        156.0,
        0.4589372,
        0.8117647
      ],
      "lab": [
        76.63791,
        -37.025093,
        10.245741
      ],
      "count": 177,
      "share": 0.005779591836734694
    },
    {
      "rgb": {
        "r": 97,
        "g": 201,
        "b": 159
      },
      "hsv": [
        155.76923,
        0.51741296,
        0.7882353
      ],
      "lab": [
        74.07134,
        -40.144115,
        11.88848
      ],
      "count": 136,
      "share": 0.004440816326530613
    },
    {
      "rgb": {
        "r": 79,
        "g": 197,
        "b": 149
      },
      "hsv": [
        155.59322,
        0.5989848,
        0.77254903
      ],
      "lab": [
        72.06903,
        -44.505836,
        14.362216
      ],
      "count": 133,
      "share": 0.004342857142857143
    },
    {
      "rgb": {
        "r": 37,
        "g": 170,
        "b": 120
      },
      "hsv": [
        157.4436,
        0.782353,
        0.6666667
      ],
      "lab": [
        62.080345,
        -46.652287,
        16.07256
      ],
      "count": 126,
      "share": 0.004114285714285714
    },
    {
      "rgb": {
        "r": 15,
        "g": 108,
        "b": 82
      },
      "hsv": [
        163.22581,
        0.8611111,
        0.42352942
      ],
      "lab": [
        40.303646,
        -32.29271,
        7.400012
      ],
      "count": 125,
      "share": 0.004081632653061225
    },
    {
      "rgb": {
        "r": 17,
        "g": 101,
        "b": 79
      },
      "hsv": [
        164.28572,
        0.83168316,
        0.39607844
      ],
      "lab": [
        37.82496,
        -29.70341,
        5.705756
      ],
      "count": 118,
      "share": 0.0038530612244897957
    },
    {
      "rgb": {
        "r": 12,
        "g": 117,
        "b": 84
      },
      "hsv": [
        161.14285,
        0.8974359,
        0.45882353
      ],
      "lab": [
        43.418568,
        -35.972385,
        10.578698
      ],
      "count": 104,
      "share": 0.003395918367346939
    },
    {
      "rgb": {
        "r": 76,
        "g": 189,
        "b": 144
      },
      "hsv": [
        156.1062,
        0.5978836,
        0.7411765
      ],
      "lab": [
        69.42871,
        -42.782486,
        13.344574
      ],
      "count": 98,
      "share": 0.0032
    },
    {
      "rgb": {
        "r": 18,
        "g": 130,
        "b": 93
      },
      "hsv": [
        160.17857,
        0.86153847,
        0.50980395
      ],
      "lab": [
        48.11213,
        -38.687542,
        11.867964
      ],
      "count": 89,
      "share": 0.002906122448979592
    },
    {
      "rgb": {
        "r": 17,
        "g": 151,
        "b": 102
      },
      "hsv": [
        158.05971,
        0.88741726,
        0.5921569
      ],
      "lab": [
        55.287918,
        -45.151947,
        16.658354
      ],
      "count": 83,
      "share": 0.0027102040816326532
    },
    {
      "rgb": {
        "r": 13,
        "g": 137,
        "b": 93
      },
      "hsv": [
        158.70967,
        0.9051095,
        0.5372549
      ],
      "lab": [
        50.412033,
        -41.962013,
        15.042055
      ],
      "count": 75,
      "share": 0.0024489795918367346
    },
    {
      "rgb": {
        "r": 20,
        "g": 108,
        "b": 87
      },
      "hsv": [
        165.68182,
        0.8148148,
        0.42352942
      ],
      "lab": [
        40.50982,
        -30.359894,
        4.6850386
      ],
      "count": 73,
      "share": 0.002383673469387755
    },
    {
      "rgb": {
        "r": 34,
        "g": 152,
        "b": 111
      },
      "hsv": [
        159.15254,
        0.7763158,
        0.59607846
      ],
      "lab": [
        56.03015,
        -41.749416,
        12.66452
      ],
      "count": 43,
      "share": 0.0014040816326530612
    },
    {
      "rgb": {
        "r": 36,
        "g": 127,
        "b": 102
      },
      "hsv": [
        163.5165,
        0.7165354,
        0.49803922
      ],
      "lab": [
        47.639046,
        -32.77469,
        5.9939265
      ],
      "count": 34,
      "share": 0.0011102040816326532
    },
    {
      "rgb": {
        "r": 81,
        "g": 165,
        "b": 138
      },
      "hsv": [
        160.7143,
        0.5090909,
        0.64705884
      ],
      "lab": [
        62.077072,
        -32.200096,
        6.238568
      ],
      "count": 16,
      "share": 0.0005224489795918367
    }
  ],
  "roleAssignments": [
    {
      "role": "Background",
      "rgb": {
        "r": 122,
        "g": 209,
        "b": 174
      },
      "hsv": [
        155.86206,
        0.41626796,
        0.81960785
      ],
      "lab": [
        77.75192,
        -34.26942,
        9.216094
      ],
      "hex": "#7ad1ae",
      "sourceClusterIndex": 0,
      "confidence": 0.5,
      "origin": "cluster"
    },
    {
      "role": "Text",
      "rgb": {
        "r": 30,
        "g": 30,
        "b": 30
      },
      "hsv": [
        0.0,
        0.0,
        0.11764706
      ],
      "lab": [
        11.263611,
        -0.0000074505806,
        0.0000029802322
      ],
      "hex": "#1e1e1e",
      "confidence": 0.45,
      "contrastAgainstBackground": 9.176202,
      "origin": "synthetic"
    },
    {
      "role": "Accent",
      "rgb": {
        "r": 192,
        "g": 192,
        "b": 192
      },
      "hsv": [
        0.0,
        0.0,
        0.7529412
      ],
      "lab": [
        77.70437,
        0.0,
        0.0
      ],
      "hex": "#c0c0c0",
      "confidence": 0.45,
      "contrastAgainstBackground": 1.0014379,
      "contrastAgainstText": 9.163027,
      "origin": "synthetic:bg-neutral"
    },
    {
      "role": "Border",
      "rgb": {
        "r": 25,
        "g": 100,
        "b": 87
      },
      "hsv": [
        169.6,
        0.75,
        0.39215687
      ],
      "lab": [
        37.857433,
        -25.829882,
        0.8674085
      ],
      "hex": "#196457",
      "sourceClusterIndex": 11,
      "confidence": 0.5,
      "origin": "cluster"
    },
    {
      "role": "ActiveItem",
      "rgb": {
        "r": 30,
        "g": 30,
        "b": 30
      },
      "hsv": [
        0.0,
        0.0,
        0.11764706
      ],
      "lab": [
        11.263611,
        -0.0000074505806,
        0.0000029802322
      ],
      "hex": "#1e1e1e",
      "confidence": 0.45,
      "contrastAgainstBackground": 9.176202,
      "contrastAgainstText": 1.0,
      "origin": "synthetic:text-neutral"
    },
    {
      "role": "HighlightText",
      "rgb": {
        "r": 237,
        "g": 237,
        "b": 237
      },
      "hsv": [
        0.0,
        0.0,
        0.92941177
      ],
      "lab": [
        93.748215,
        0.0,
        0.0
      ],
      "hex": "#ededed",
      "confidence": 0.65,
      "contrastAgainstBackground": 14.239919,
      "origin": "accent_adjusted:+16.0"
    },
    {
      "role": "Frame",
      "rgb": {
        "r": 13,
        "g": 112,
        "b": 82
      },
      "hsv": [
        161.81819,
        0.8839286,
        0.4392157
      ],
      "lab": [
        41.66108,
        -34.249454,
        9.308791
      ],
      "hex": "#0d7052",
      "confidence": 0.65,
      "contrastAgainstBackground": 3.3439887,
      "contrastAgainstText": 2.744089,
      "origin": "background_adjusted:-36.0"
    },
    {
      "role": "HeaderAccent",
      "rgb": {
        "r": 0,
        "g": 0,
        "b": 0
      },
      "hsv": [
        0.0,
        0.0,
        0.0
      ],
      "lab": [
        0.0,
        0.0,
        0.0
      ],
      "hex": "#000000",
      "confidence": 0.6,
      "contrastAgainstBackground": 11.558901,
      "contrastAgainstText": 1.2596607,
      "origin": "header_accent:black"
    },
    {
      "role": "InactiveItem",
      "rgb": {
        "r": 25,
        "g": 100,
        "b": 87
      },
      "hsv": [
        169.6,
        0.75,
        0.39215687
      ],
      "lab": [
        37.857433,
        -25.829882,
        0.8674085
      ],
      "hex": "#196457",
      "sourceClusterIndex": 11,
      "confidence": 0.7,
      "origin": "cluster"
    },
    {
      "role": "ProgressBar",
      "rgb": {
        "r": 192,
        "g": 192,
        "b": 192
      },
      "hsv": [
        0.0,
        0.0,
        0.7529412
      ],
      "lab": [
        77.70437,
        0.0,
        0.0
      ],
      "hex": "#c0c0c0",
      "confidence": 0.45,
      "contrastAgainstBackground": 1.0014379,
      "contrastAgainstText": 9.163027,
      "origin": "synthetic:bg-neutral"
    },
    {
      "role": "Scrollbar",
      "rgb": {
        "r": 30,
        "g": 30,
        "b": 30
      },
      "hsv": [
        0.0,
        0.0,
        0.11764706
      ],
      "lab": [
        11.263611,
        -0.0000074505806,
        0.0000029802322
      ],
      "hex": "#1e1e1e",
      "confidence": 0.45,
      "contrastAgainstBackground": 9.176202,
      "contrastAgainstText": 1.0,
      "origin": "synthetic:text-neutral"
    }
  ],
  "totalSamples": 30625,
  "iterations": 40,
  "durationMs": 104.087109,
  "colorSpace": "CIELAB",
  "scrollbarEnabled": true
}
[2026-06-08 22:08:06] Theme generated successfully: /home/vlvin/.config/rmpc/themes/current-song.ron
[2026-06-08 22:08:06] ========== Theme Update Complete ==========

[2026-06-08 22:17:17] ========== Song Change Detected ==========
[2026-06-08 22:17:17] File: C418 (FLAC)/Albums/2006 - circle/02. deldee.flac
[2026-06-08 22:17:17] Artist: C418
[2026-06-08 22:17:17] Title: deldee
[2026-06-08 22:17:17] Extracting album art...
[2026-06-08 22:17:17] Album art extracted successfully
[2026-06-08 22:17:17] Album art hash unchanged; skipping theme generation (skip_count=24)
[2026-06-08 22:25:39] ========== Song Change Detected ==========
[2026-06-08 22:25:39] File: C418 (FLAC)/Albums/2006 - circle/03. minimal.flac
[2026-06-08 22:25:39] Artist: C418
[2026-06-08 22:25:39] Title: minimal
[2026-06-08 22:25:39] Extracting album art...
[2026-06-08 22:25:39] Album art extracted successfully
[2026-06-08 22:25:39] Album art hash unchanged; skipping theme generation (skip_count=25)
[2026-06-08 23:21:43] ========== Song Change Detected ==========
[2026-06-08 23:21:43] File: C418 (FLAC)/Albums/2006 - circle/04. love.flac
[2026-06-08 23:21:43] Artist: C418
[2026-06-08 23:21:43] Title: love
[2026-06-08 23:21:43] Extracting album art...
[2026-06-08 23:21:43] Album art extracted successfully
[2026-06-08 23:21:43] Album art hash unchanged; skipping theme generation (skip_count=26)
[2026-06-08 23:27:20] ========== Song Change Detected ==========
[2026-06-08 23:27:20] File: C418 (FLAC)/Albums/2006 - circle/05. subtle cupcake rhythms.flac
[2026-06-08 23:27:20] Artist: C418
[2026-06-08 23:27:20] Title: subtle cupcake rhythms
[2026-06-08 23:27:20] Extracting album art...
[2026-06-08 23:27:20] Album art extracted successfully
[2026-06-08 23:27:20] Album art hash unchanged; skipping theme generation (skip_count=27)
[2026-06-08 23:29:36] ========== Song Change Detected ==========
[2026-06-08 23:29:36] File: C418 (FLAC)/Albums/2006 - circle/06. depado.flac
[2026-06-08 23:29:36] Artist: C418
[2026-06-08 23:29:36] Title: depado
[2026-06-08 23:29:36] Extracting album art...
[2026-06-08 23:29:36] Album art extracted successfully
[2026-06-08 23:29:36] Album art hash unchanged; skipping theme generation (skip_count=28)
[2026-06-08 23:34:01] ========== Song Change Detected ==========
[2026-06-08 23:34:01] File: C418 (FLAC)/Albums/2008 - Mixes/01. 20 kids.flac
[2026-06-08 23:34:01] Artist: C418
[2026-06-08 23:34:01] Title: 20 kids
[2026-06-08 23:34:01] Extracting album art...
[2026-06-08 23:34:01] Album art extracted successfully
[2026-06-08 23:34:01] Generating theme (format: image/jpeg)...
Theme written to: /home/vlvin/.config/rmpc/themes/current-song.ron
{
  "version": "1.0.0",
  "clusters": [
    {
      "rgb": {
        "r": 253,
        "g": 254,
        "b": 253
      },
      "hsv": [
        120.0,
        0.003937008,
        0.99607843
      ],
      "lab": [
        99.55677,
        -0.5043745,
        0.36082268
      ],
      "count": 7474,
      "share": 0.24404897959183675
    },
    {
      "rgb": {
        "r": 248,
        "g": 241,
        "b": 230
      },
      "hsv": [
        36.666668,
        0.07258064,
        0.972549
      ],
      "lab": [
        95.40499,
        0.48315525,
        6.1371922
      ],
      "count": 1723,
      "share": 0.05626122448979592
    },
    {
      "rgb": {
        "r": 104,
        "g": 95,
        "b": 77
      },
      "hsv": [
        40.0,
        0.25961536,
        0.40784314
      ],
      "lab": [
        40.676346,
        0.40225685,
        11.627841
      ],
      "count": 1714,
      "share": 0.05596734693877551
    },
    {
      "rgb": {
        "r": 114,
        "g": 104,
        "b": 89
      },
      "hsv": [
        36.0,
        0.21929823,
        0.44705883
      ],
      "lab": [
        44.51786,
        1.2604892,
        9.888249
      ],
      "count": 1672,
      "share": 0.05459591836734694
    },
    {
      "rgb": {
        "r": 109,
        "g": 92,
        "b": 80
      },
      "hsv": [
        24.827587,
        0.26605502,
        0.42745098
      ],
      "lab": [
        40.38577,
        4.842982,
        9.472084
      ],
      "count": 1597,
      "share": 0.0521469387755102
    },
    {
      "rgb": {
        "r": 240,
        "g": 229,
        "b": 216
      },
      "hsv": [
        32.5,
        0.099999994,
        0.9411765
      ],
      "lab": [
        91.47025,
        1.5556216,
        7.6648116
      ],
      "count": 1364,
      "share": 0.04453877551020408
    },
    {
      "rgb": {
        "r": 144,
        "g": 133,
        "b": 117
      },
      "hsv": [
        35.555565,
        0.18750003,
        0.5647059
      ],
      "lab": [
        56.076958,
        1.3517737,
        10.12888
      ],
      "count": 1282,
      "share": 0.04186122448979592
    },
    {
      "rgb": {
        "r": 230,
        "g": 243,
        "b": 249
      },
      "hsv": [
        198.94737,
        0.07630522,
        0.9764706
      ],
      "lab": [
        95.061,
        -3.1520724,
        -4.359734
      ],
      "count": 1243,
      "share": 0.040587755102040816
    },
    {
      "rgb": {
        "r": 219,
        "g": 211,
        "b": 202
      },
      "hsv": [
        31.764708,
        0.077625565,
        0.85882354
      ],
      "lab": [
        84.95225,
        1.1968315,
        5.4286838
      ],
      "count": 1229,
      "share": 0.04013061224489796
    },
    {
      "rgb": {
        "r": 95,
        "g": 81,
        "b": 68
      },
      "hsv": [
        28.88889,
        0.2842105,
        0.37254903
      ],
      "lab": [
        35.469788,
        3.5283713,
        9.800631
      ],
      "count": 1185,
      "share": 0.03869387755102041
    },
    {
      "rgb": {
        "r": 239,
        "g": 237,
        "b": 234
      },
      "hsv": [
        36.0,
        0.0209205,
        0.9372549
      ],
      "lab": [
        93.82267,
        0.14296174,
        1.6853571
      ],
      "count": 1163,
      "share": 0.03797551020408163
    },
    {
      "rgb": {
        "r": 128,
        "g": 117,
        "b": 98
      },
      "hsv": [
        37.99999,
        0.23437503,
        0.5019608
      ],
      "lab": [
        49.730606,
        0.9531975,
        12.037182
      ],
      "count": 1119,
      "share": 0.03653877551020408
    },
    {
      "rgb": {
        "r": 160,
        "g": 147,
        "b": 126
      },
      "hsv": [
        37.05883,
        0.21250002,
        0.627451
      ],
      "lab": [
        61.52288,
        1.2795031,
        12.873697
      ],
      "count": 1082,
      "share": 0.03533061224489796
    },
    {
      "rgb": {
        "r": 205,
        "g": 226,
        "b": 240
      },
      "hsv": [
        204.0,
        0.14583333,
        0.9411765
      ],
      "lab": [
        88.76239,
        -4.1567683,
        -9.170079
      ],
      "count": 1002,
      "share": 0.032718367346938775
    },
    {
      "rgb": {
        "r": 120,
        "g": 119,
        "b": 117
      },
      "hsv": [
        40.0,
        0.024999999,
        0.47058824
      ],
      "lab": [
        50.062607,
        -0.017821789,
        1.2312055
      ],
      "count": 710,
      "share": 0.023183673469387756
    },
    {
      "rgb": {
        "r": 137,
        "g": 112,
        "b": 96
      },
      "hsv": [
        23.414629,
        0.2992701,
        0.5372549
      ],
      "lab": [
        49.19391,
        7.3008833,
        12.598848
      ],
      "count": 525,
      "share": 0.017142857142857144
    },
    {
      "rgb": {
        "r": 61,
        "g": 55,
        "b": 45
      },
      "hsv": [
        37.5,
        0.26229507,
        0.23921569
      ],
      "lab": [
        23.385166,
        0.6689429,
        7.236308
      ],
      "count": 500,
      "share": 0.0163265306122449
    },
    {
      "rgb": {
        "r": 38,
        "g": 86,
        "b": 148
      },
      "hsv": [
        213.81818,
        0.7432433,
        0.5803922
      ],
      "lab": [
        36.375504,
        6.043866,
        -38.802654
      ],
      "count": 494,
      "share": 0.01613061224489796
    },
    {
      "rgb": {
        "r": 172,
        "g": 198,
        "b": 225
      },
      "hsv": [
        210.56604,
        0.23555554,
        0.88235295
      ],
      "lab": [
        78.80654,
        -2.8956532,
        -16.317356
      ],
      "count": 465,
      "share": 0.015183673469387754
    },
    {
      "rgb": {
        "r": 65,
        "g": 116,
        "b": 180
      },
      "hsv": [
        213.39131,
        0.6388889,
        0.7058824
      ],
      "lab": [
        48.144287,
        3.3416748,
        -38.993572
      ],
      "count": 464,
      "share": 0.015151020408163265
    },
    {
      "rgb": {
        "r": 188,
        "g": 177,
        "b": 166
      },
      "hsv": [
        30.0,
        0.11702127,
        0.7372549
      ],
      "lab": [
        72.81903,
        2.0156503,
        7.0296288
      ],
      "count": 385,
      "share": 0.012571428571428572
    },
    {
      "rgb": {
        "r": 115,
        "g": 156,
        "b": 205
      },
      "hsv": [
        212.66666,
        0.4390244,
        0.8039216
      ],
      "lab": [
        63.20022,
        -1.0442436,
        -29.493916
      ],
      "count": 351,
      "share": 0.011461224489795918
    },
    {
      "rgb": {
        "r": 148,
        "g": 163,
        "b": 172
      },
      "hsv": [
        202.5,
        0.13953488,
        0.6745098
      ],
      "lab": [
        66.111595,
        -3.3810735,
        -6.4507365
      ],
      "count": 324,
      "share": 0.010579591836734695
    },
    {
      "rgb": {
        "r": 24,
        "g": 24,
        "b": 20
      },
      "hsv": [
        60.0,
        0.16666666,
        0.09411765
      ],
      "lab": [
        8.110819,
        -0.9775832,
        2.6657164
      ],
      "count": 313,
      "share": 0.010220408163265306
    },
    {
      "rgb": {
        "r": 207,
        "g": 253,
        "b": 253
      },
      "hsv": [
        180.0,
        0.18181817,
        0.99215686
      ],
      "lab": [
        96.24725,
        -14.544755,
        -4.849732
      ],
      "count": 246,
      "share": 0.00803265306122449
    },
    {
      "rgb": {
        "r": 221,
        "g": 196,
        "b": 170
      },
      "hsv": [
        30.588238,
        0.23076922,
        0.8666667
      ],
      "lab": [
        80.602905,
        4.7975483,
        16.293133
      ],
      "count": 245,
      "share": 0.008
    },
    {
      "rgb": {
        "r": 78,
        "g": 78,
        "b": 83
      },
      "hsv": [
        240.0,
        0.060240958,
        0.3254902
      ],
      "lab": [
        33.33514,
        1.1125058,
        -2.9408395
      ],
      "count": 237,
      "share": 0.007738775510204082
    },
    {
      "rgb": {
        "r": 121,
        "g": 122,
        "b": 139
      },
      "hsv": [
        236.66667,
        0.12949644,
        0.54509807
      ],
      "lab": [
        51.664818,
        3.2568276,
        -9.33454
      ],
      "count": 228,
      "share": 0.007444897959183673
    },
    {
      "rgb": {
        "r": 56,
        "g": 76,
        "b": 109
      },
      "hsv": [
        217.35849,
        0.48623854,
        0.42745098
      ],
      "lab": [
        32.063515,
        2.1605194,
        -21.494478
      ],
      "count": 176,
      "share": 0.005746938775510204
    },
    {
      "rgb": {
        "r": 129,
        "g": 156,
        "b": 233
      },
      "hsv": [
        224.42308,
        0.44635192,
        0.9137255
      ],
      "lab": [
        65.2199,
        10.484844,
        -41.796303
      ],
      "count": 113,
      "share": 0.003689795918367347
    }
  ],
  "roleAssignments": [
    {
      "role": "Background",
      "rgb": {
        "r": 104,
        "g": 95,
        "b": 77
      },
      "hsv": [
        40.0,
        0.25961536,
        0.40784314
      ],
      "lab": [
        40.676346,
        0.40225685,
        11.627841
      ],
      "hex": "#685f4d",
      "sourceClusterIndex": 2,
      "confidence": 0.9,
      "origin": "cluster"
    },
    {
      "role": "Text",
      "rgb": {
        "r": 253,
        "g": 254,
        "b": 253
      },
      "hsv": [
        120.0,
        0.003937008,
        0.99607843
      ],
      "lab": [
        99.55677,
        -0.5043745,
        0.36082268
      ],
      "hex": "#fdfefd",
      "sourceClusterIndex": 0,
      "confidence": 0.9,
      "contrastAgainstBackground": 6.232748,
      "origin": "cluster"
    },
    {
      "role": "Accent",
      "rgb": {
        "r": 96,
        "g": 96,
        "b": 96
      },
      "hsv": [
        0.0,
        0.0,
        0.3764706
      ],
      "lab": [
        40.73055,
        0.0,
        0.0
      ],
      "hex": "#606060",
      "confidence": 0.45,
      "contrastAgainstBackground": 1.0020267,
      "contrastAgainstText": 6.2201414,
      "origin": "synthetic:bg-neutral"
    },
    {
      "role": "Border",
      "rgb": {
        "r": 129,
        "g": 156,
        "b": 233
      },
      "hsv": [
        224.42308,
        0.44635192,
        0.9137255
      ],
      "lab": [
        65.2199,
        10.484844,
        -41.796303
      ],
      "hex": "#819ce9",
      "sourceClusterIndex": 29,
      "confidence": 0.8,
      "origin": "cluster"
    },
    {
      "role": "ActiveItem",
      "rgb": {
        "r": 254,
        "g": 254,
        "b": 254
      },
      "hsv": [
        0.0,
        0.0,
        0.99607843
      ],
      "lab": [
        99.65493,
        0.0,
        0.0
      ],
      "hex": "#fefefe",
      "confidence": 0.45,
      "contrastAgainstBackground": 6.247876,
      "contrastAgainstText": 1.0024272,
      "origin": "synthetic:text-neutral"
    },
    {
      "role": "HighlightText",
      "rgb": {
        "r": 68,
        "g": 68,
        "b": 68
      },
      "hsv": [
        0.0,
        0.0,
        0.26666668
      ],
      "lab": [
        28.851906,
        0.0,
        0.0
      ],
      "hex": "#444444",
      "confidence": 0.65,
      "contrastAgainstBackground": 9.657233,
      "origin": "accent_adjusted:-12.0"
    },
    {
      "role": "Frame",
      "rgb": {
        "r": 25,
        "g": 15,
        "b": 0
      },
      "hsv": [
        35.999996,
        1.0,
        0.09803922
      ],
      "lab": [
        4.953394,
        2.0712316,
        7.4570985
      ],
      "hex": "#190f00",
      "confidence": 0.65,
      "contrastAgainstBackground": 3.0033045,
      "contrastAgainstText": 18.71884,
      "origin": "background_adjusted:-36.0"
    },
    {
      "role": "HeaderAccent",
      "rgb": {
        "r": 255,
        "g": 255,
        "b": 255
      },
      "hsv": [
        0.0,
        0.0,
        1.0
      ],
      "lab": [
        100.0,
        0.0,
        0.0
      ],
      "hex": "#ffffff",
      "confidence": 0.6,
      "contrastAgainstBackground": 6.301274,
      "contrastAgainstText": 1.0109946,
      "origin": "header_accent:white"
    },
    {
      "role": "InactiveItem",
      "rgb": {
        "r": 129,
        "g": 156,
        "b": 233
      },
      "hsv": [
        224.42308,
        0.44635192,
        0.9137255
      ],
      "lab": [
        65.2199,
        10.484844,
        -41.796303
      ],
      "hex": "#819ce9",
      "sourceClusterIndex": 29,
      "confidence": 0.7,
      "origin": "cluster"
    },
    {
      "role": "ProgressBar",
      "rgb": {
        "r": 96,
        "g": 96,
        "b": 96
      },
      "hsv": [
        0.0,
        0.0,
        0.3764706
      ],
      "lab": [
        40.73055,
        0.0,
        0.0
      ],
      "hex": "#606060",
      "confidence": 0.45,
      "contrastAgainstBackground": 1.0020267,
      "contrastAgainstText": 6.2201414,
      "origin": "synthetic:bg-neutral"
    },
    {
      "role": "Scrollbar",
      "rgb": {
        "r": 254,
        "g": 254,
        "b": 254
      },
      "hsv": [
        0.0,
        0.0,
        0.99607843
      ],
      "lab": [
        99.65493,
        0.0,
        0.0
      ],
      "hex": "#fefefe",
      "confidence": 0.45,
      "contrastAgainstBackground": 6.247876,
      "contrastAgainstText": 1.0024272,
      "origin": "synthetic:text-neutral"
    }
  ],
  "totalSamples": 30625,
  "iterations": 40,
  "durationMs": 99.189148,
  "colorSpace": "CIELAB",
  "scrollbarEnabled": true
}
[2026-06-08 23:34:01] Theme generated successfully: /home/vlvin/.config/rmpc/themes/current-song.ron
[2026-06-08 23:34:01] ========== Theme Update Complete ==========

[2026-06-08 23:37:35] ========== Song Change Detected ==========
[2026-06-08 23:37:35] File: C418 (FLAC)/Albums/2008 - Mixes/02. Confusion.flac
[2026-06-08 23:37:35] Artist: C418
[2026-06-08 23:37:35] Title: Confusion
[2026-06-08 23:37:35] Extracting album art...
[2026-06-08 23:37:35] Album art extracted successfully
[2026-06-08 23:37:35] Album art hash unchanged; skipping theme generation (skip_count=29)
[2026-06-08 23:41:05] ========== Song Change Detected ==========
[2026-06-08 23:41:05] File: C418 (FLAC)/Albums/2008 - Mixes/03. Incredibly detailed acid trip.flac
[2026-06-08 23:41:05] Artist: C418
[2026-06-08 23:41:05] Title: Incredibly detailed acid trip
[2026-06-08 23:41:05] Extracting album art...
[2026-06-08 23:41:05] Album art extracted successfully
[2026-06-08 23:41:05] Album art hash unchanged; skipping theme generation (skip_count=30)
[2026-06-08 23:44:40] ========== Song Change Detected ==========
[2026-06-08 23:44:40] File: C418 (FLAC)/Albums/2008 - Mixes/04. 20 kards.flac
[2026-06-08 23:44:40] Artist: C418
[2026-06-08 23:44:40] Title: 20 kards
[2026-06-08 23:44:40] Extracting album art...
[2026-06-08 23:44:40] Album art extracted successfully
[2026-06-08 23:44:40] Album art hash unchanged; skipping theme generation (skip_count=31)
[2026-06-08 23:47:06] ========== Song Change Detected ==========
[2026-06-08 23:47:06] File: C418 (FLAC)/Albums/2008 - Mixes/05. Kitten.flac
[2026-06-08 23:47:06] Artist: C418
[2026-06-08 23:47:06] Title: Kitten
[2026-06-08 23:47:06] Extracting album art...
[2026-06-08 23:47:06] Album art extracted successfully
[2026-06-08 23:47:06] Album art hash unchanged; skipping theme generation (skip_count=32)
[2026-06-08 23:51:13] ========== Song Change Detected ==========
[2026-06-08 23:51:13] File: C418 (FLAC)/Albums/2008 - Mixes/06. Pink.flac
[2026-06-08 23:51:13] Artist: C418
[2026-06-08 23:51:13] Title: Pink
[2026-06-08 23:51:13] Extracting album art...
[2026-06-08 23:51:13] Album art extracted successfully
[2026-06-08 23:51:13] Album art hash unchanged; skipping theme generation (skip_count=33)
[2026-06-08 23:53:46] ========== Song Change Detected ==========
[2026-06-08 23:53:46] File: C418 (FLAC)/Albums/2008 - Mixes/07. Average C418.flac
[2026-06-08 23:53:46] Artist: C418
[2026-06-08 23:53:46] Title: Average C418
[2026-06-08 23:53:46] Extracting album art...
[2026-06-08 23:53:46] Album art extracted successfully
[2026-06-08 23:53:46] Album art hash unchanged; skipping theme generation (skip_count=34)
[2026-06-08 23:56:39] ========== Song Change Detected ==========
[2026-06-08 23:56:39] File: C418 (FLAC)/Albums/2008 - Mixes/08. No but Yes.flac
[2026-06-08 23:56:39] Artist: C418
[2026-06-08 23:56:39] Title: No but Yes
[2026-06-08 23:56:39] Extracting album art...
[2026-06-08 23:56:40] Album art extracted successfully
[2026-06-08 23:56:40] Album art hash unchanged; skipping theme generation (skip_count=35)
[2026-06-08 23:59:38] ========== Song Change Detected ==========
[2026-06-08 23:59:38] File: C418 (FLAC)/Albums/2008 - The Whatever Directors Cut/01. I.flac
[2026-06-08 23:59:38] Artist: C418
[2026-06-08 23:59:38] Title: I
[2026-06-08 23:59:38] Extracting album art...
[2026-06-08 23:59:38] Album art extracted successfully
[2026-06-08 23:59:38] Generating theme (format: image/png)...
Theme written to: /home/vlvin/.config/rmpc/themes/current-song.ron
{
  "version": "1.0.0",
  "clusters": [
    {
      "rgb": {
        "r": 0,
        "g": 122,
        "b": 0
      },
      "hsv": [
        120.0,
        1.0,
        0.47843137
      ],
      "lab": [
        44.1153,
        -49.94373,
        48.203243
      ],
      "count": 15737,
      "share": 0.5138612244897959
    },
    {
      "rgb": {
        "r": 115,
        "g": 99,
        "b": 196
      },
      "hsv": [
        249.89691,
        0.49489796,
        0.76862746
      ],
      "lab": [
        47.69221,
        30.083538,
        -48.765434
      ],
      "count": 13749,
      "share": 0.44894693877551023
    },
    {
      "rgb": {
        "r": 116,
        "g": 99,
        "b": 197
      },
      "hsv": [
        250.40817,
        0.49746192,
        0.77254903
      ],
      "lab": [
        47.837917,
        30.61533,
        -49.10381
      ],
      "count": 220,
      "share": 0.007183673469387755
    },
    {
      "rgb": {
        "r": 116,
        "g": 99,
        "b": 198
      },
      "hsv": [
        250.30302,
        0.5,
        0.7764706
      ],
      "lab": [
        47.89658,
        30.900537,
        -49.58583
      ],
      "count": 214,
      "share": 0.006987755102040816
    },
    {
      "rgb": {
        "r": 3,
        "g": 121,
        "b": 4
      },
      "hsv": [
        120.50848,
        0.9752066,
        0.4745098
      ],
      "lab": [
        43.802433,
        -49.22515,
        47.06153
      ],
      "count": 167,
      "share": 0.005453061224489796
    },
    {
      "rgb": {
        "r": 60,
        "g": 110,
        "b": 102
      },
      "hsv": [
        170.40001,
        0.45454547,
        0.43137255
      ],
      "lab": [
        42.87015,
        -18.999607,
        -0.8024454
      ],
      "count": 68,
      "share": 0.0022204081632653063
    },
    {
      "rgb": {
        "r": 25,
        "g": 117,
        "b": 42
      },
      "hsv": [
        131.08694,
        0.7863248,
        0.45882353
      ],
      "lab": [
        42.906914,
        -42.548595,
        33.248283
      ],
      "count": 56,
      "share": 0.0018285714285714285
    },
    {
      "rgb": {
        "r": 98,
        "g": 102,
        "b": 167
      },
      "hsv": [
        236.52174,
        0.41317365,
        0.654902
      ],
      "lab": [
        45.481407,
        15.382618,
        -35.475765
      ],
      "count": 53,
      "share": 0.0017306122448979592
    },
    {
      "rgb": {
        "r": 37,
        "g": 114,
        "b": 63
      },
      "hsv": [
        140.25974,
        0.6754385,
        0.44705883
      ],
      "lab": [
        42.43906,
        -35.760864,
        21.543343
      ],
      "count": 51,
      "share": 0.0016653061224489796
    },
    {
      "rgb": {
        "r": 113,
        "g": 99,
        "b": 192
      },
      "hsv": [
        249.03226,
        0.484375,
        0.7529412
      ],
      "lab": [
        47.28709,
        28.440594,
        -47.113216
      ],
      "count": 38,
      "share": 0.0012408163265306123
    },
    {
      "rgb": {
        "r": 7,
        "g": 121,
        "b": 13
      },
      "hsv": [
        123.1579,
        0.94214875,
        0.4745098
      ],
      "lab": [
        43.86944,
        -48.502922,
        45.15044
      ],
      "count": 32,
      "share": 0.0010448979591836734
    },
    {
      "rgb": {
        "r": 109,
        "g": 100,
        "b": 186
      },
      "hsv": [
        246.27905,
        0.4623656,
        0.7294118
      ],
      "lab": [
        46.856194,
        25.090218,
        -44.344173
      ],
      "count": 28,
      "share": 0.0009142857142857143
    },
    {
      "rgb": {
        "r": 14,
        "g": 119,
        "b": 24
      },
      "hsv": [
        125.714294,
        0.88235295,
        0.46666667
      ],
      "lab": [
        43.289036,
        -46.55014,
        41.31476
      ],
      "count": 22,
      "share": 0.0007183673469387755
    },
    {
      "rgb": {
        "r": 92,
        "g": 104,
        "b": 156
      },
      "hsv": [
        228.75,
        0.41025642,
        0.6117647
      ],
      "lab": [
        45.04725,
        9.228378,
        -29.696774
      ],
      "count": 21,
      "share": 0.0006857142857142857
    },
    {
      "rgb": {
        "r": 68,
        "g": 108,
        "b": 117
      },
      "hsv": [
        191.0204,
        0.4188034,
        0.45882353
      ],
      "lab": [
        43.119213,
        -11.48586,
        -9.446716
      ],
      "count": 18,
      "share": 0.0005877551020408164
    },
    {
      "rgb": {
        "r": 20,
        "g": 118,
        "b": 34
      },
      "hsv": [
        128.57143,
        0.8305085,
        0.4627451
      ],
      "lab": [
        43.093216,
        -44.57979,
        37.14534
      ],
      "count": 18,
      "share": 0.0005877551020408164
    },
    {
      "rgb": {
        "r": 105,
        "g": 101,
        "b": 180
      },
      "hsv": [
        243.03798,
        0.4388889,
        0.7058824
      ],
      "lab": [
        46.45217,
        21.695227,
        -41.516365
      ],
      "count": 16,
      "share": 0.0005224489795918367
    },
    {
      "rgb": {
        "r": 88,
        "g": 104,
        "b": 150
      },
      "hsv": [
        224.51613,
        0.41333336,
        0.5882353
      ],
      "lab": [
        44.48519,
        6.318927,
        -27.034641
      ],
      "count": 16,
      "share": 0.0005224489795918367
    },
    {
      "rgb": {
        "r": 77,
        "g": 106,
        "b": 131
      },
      "hsv": [
        207.77779,
        0.41221374,
        0.5137255
      ],
      "lab": [
        43.542156,
        -3.6728978,
        -17.190086
      ],
      "count": 15,
      "share": 0.0004897959183673469
    },
    {
      "rgb": {
        "r": 55,
        "g": 111,
        "b": 94
      },
      "hsv": [
        161.7857,
        0.5045045,
        0.43529412
      ],
      "lab": [
        42.74591,
        -22.983253,
        3.8101912
      ],
      "count": 15,
      "share": 0.0004897959183673469
    },
    {
      "rgb": {
        "r": 28,
        "g": 116,
        "b": 48
      },
      "hsv": [
        133.63637,
        0.7586207,
        0.45490196
      ],
      "lab": [
        42.688164,
        -40.846466,
        29.98494
      ],
      "count": 15,
      "share": 0.0004897959183673469
    },
    {
      "rgb": {
        "r": 82,
        "g": 105,
        "b": 139
      },
      "hsv": [
        215.78947,
        0.41007194,
        0.54509807
      ],
      "lab": [
        43.88729,
        0.7292628,
        -21.430742
      ],
      "count": 13,
      "share": 0.00042448979591836735
    },
    {
      "rgb": {
        "r": 65,
        "g": 109,
        "b": 110
      },
      "hsv": [
        181.33334,
        0.40909088,
        0.43137255
      ],
      "lab": [
        43.042404,
        -14.869631,
        -5.3510427
      ],
      "count": 10,
      "share": 0.00032653061224489796
    },
    {
      "rgb": {
        "r": 50,
        "g": 112,
        "b": 86
      },
      "hsv": [
        154.8387,
        0.5535714,
        0.4392157
      ],
      "lab": [
        42.669018,
        -26.78646,
        8.469545
      ],
      "count": 7,
      "share": 0.00022857142857142857
    },
    {
      "rgb": {
        "r": 85,
        "g": 105,
        "b": 144
      },
      "hsv": [
        219.66101,
        0.40972224,
        0.5647059
      ],
      "lab": [
        44.30077,
        3.0703843,
        -23.763216
      ],
      "count": 6,
      "share": 0.0001959183673469388
    },
    {
      "rgb": {
        "r": 44,
        "g": 113,
        "b": 75
      },
      "hsv": [
        146.95653,
        0.6106194,
        0.44313726
      ],
      "lab": [
        42.540836,
        -31.279608,
        14.779335
      ],
      "count": 6,
      "share": 0.0001959183673469388
    },
    {
      "rgb": {
        "r": 40,
        "g": 114,
        "b": 68
      },
      "hsv": [
        142.7027,
        0.6491228,
        0.44705883
      ],
      "lab": [
        42.61567,
        -34.125015,
        18.931997
      ],
      "count": 5,
      "share": 0.00016326530612244898
    },
    {
      "rgb": {
        "r": 32,
        "g": 115,
        "b": 54
      },
      "hsv": [
        135.90361,
        0.72173905,
        0.4509804
      ],
      "lab": [
        42.512173,
        -38.785965,
        26.607979
      ],
      "count": 4,
      "share": 0.00013061224489795917
    },
    {
      "rgb": {
        "r": 118,
        "g": 98,
        "b": 200
      },
      "hsv": [
        251.7647,
        0.51,
        0.78431374
      ],
      "lab": [
        47.951546,
        32.55272,
        -50.638355
      ],
      "count": 3,
      "share": 0.0000979591836734694
    },
    {
      "rgb": {
        "r": 36,
        "g": 115,
        "b": 61
      },
      "hsv": [
        138.98734,
        0.68695647,
        0.4509804
      ],
      "lab": [
        42.722008,
        -36.76358,
        23.030788
      ],
      "count": 2,
      "share": 0.00006530612244897959
    }
  ],
  "roleAssignments": [
    {
      "role": "Background",
      "rgb": {
        "r": 0,
        "g": 122,
        "b": 0
      },
      "hsv": [
        120.0,
        1.0,
        0.47843137
      ],
      "lab": [
        44.1153,
        -49.94373,
        48.203243
      ],
      "hex": "#007a00",
      "sourceClusterIndex": 0,
      "confidence": 0.5,
      "origin": "cluster"
    },
    {
      "role": "Text",
      "rgb": {
        "r": 220,
        "g": 220,
        "b": 220
      },
      "hsv": [
        0.0,
        0.0,
        0.8627451
      ],
      "lab": [
        87.760895,
        0.0,
        0.0
      ],
      "hex": "#dcdcdc",
      "confidence": 0.45,
      "contrastAgainstBackground": 4.0472064,
      "origin": "synthetic"
    },
    {
      "role": "Accent",
      "rgb": {
        "r": 104,
        "g": 104,
        "b": 104
      },
      "hsv": [
        0.0,
        0.0,
        0.40784314
      ],
      "lab": [
        44.007168,
        -0.000029802322,
        0.000011920929
      ],
      "hex": "#686868",
      "confidence": 0.45,
      "contrastAgainstBackground": 1.0040282,
      "contrastAgainstText": 4.0635095,
      "origin": "synthetic:bg-neutral"
    },
    {
      "role": "Border",
      "rgb": {
        "r": 118,
        "g": 98,
        "b": 200
      },
      "hsv": [
        251.7647,
        0.51,
        0.78431374
      ],
      "lab": [
        47.951546,
        32.55272,
        -50.638355
      ],
      "hex": "#7662c8",
      "sourceClusterIndex": 28,
      "confidence": 0.8,
      "origin": "cluster"
    },
    {
      "role": "ActiveItem",
      "rgb": {
        "r": 0,
        "g": 0,
        "b": 66
      },
      "hsv": [
        240.0,
        1.0,
        0.25882354
      ],
      "lab": [
        3.5518646,
        24.66269,
        -38.746376
      ],
      "hex": "#000042",
      "sourceClusterIndex": 11,
      "confidence": 0.7,
      "contrastAgainstBackground": 3.5078518,
      "contrastAgainstText": 14.197001,
      "origin": "adjusted:11:-46.9"
    },
    {
      "role": "HighlightText",
      "rgb": {
        "r": 220,
        "g": 220,
        "b": 220
      },
      "hsv": [
        0.0,
        0.0,
        0.8627451
      ],
      "lab": [
        87.760895,
        0.0,
        0.0
      ],
      "hex": "#dcdcdc",
      "confidence": 0.85,
      "contrastAgainstBackground": 14.197001,
      "origin": "text"
    },
    {
      "role": "Frame",
      "rgb": {
        "r": 0,
        "g": 0,
        "b": 0
      },
      "hsv": [
        0.0,
        0.0,
        0.0
      ],
      "lab": [
        0.0,
        0.0,
        0.0
      ],
      "hex": "#000000",
      "confidence": 0.55,
      "contrastAgainstBackground": 3.783813,
      "contrastAgainstText": 15.313873,
      "origin": "synthetic:black"
    },
    {
      "role": "HeaderAccent",
      "rgb": {
        "r": 255,
        "g": 255,
        "b": 255
      },
      "hsv": [
        0.0,
        0.0,
        1.0
      ],
      "lab": [
        100.0,
        0.0,
        0.0
      ],
      "hex": "#ffffff",
      "confidence": 0.6,
      "contrastAgainstBackground": 5.549957,
      "contrastAgainstText": 1.3713055,
      "origin": "header_accent:white"
    },
    {
      "role": "InactiveItem",
      "rgb": {
        "r": 118,
        "g": 98,
        "b": 200
      },
      "hsv": [
        251.7647,
        0.51,
        0.78431374
      ],
      "lab": [
        47.951546,
        32.55272,
        -50.638355
      ],
      "hex": "#7662c8",
      "sourceClusterIndex": 28,
      "confidence": 0.7,
      "origin": "cluster"
    },
    {
      "role": "ProgressBar",
      "rgb": {
        "r": 104,
        "g": 104,
        "b": 104
      },
      "hsv": [
        0.0,
        0.0,
        0.40784314
      ],
      "lab": [
        44.007168,
        -0.000029802322,
        0.000011920929
      ],
      "hex": "#686868",
      "confidence": 0.45,
      "contrastAgainstBackground": 1.0040282,
      "contrastAgainstText": 4.0635095,
      "origin": "synthetic:bg-neutral"
    },
    {
      "role": "Scrollbar",
      "rgb": {
        "r": 0,
        "g": 0,
        "b": 66
      },
      "hsv": [
        240.0,
        1.0,
        0.25882354
      ],
      "lab": [
        3.5518646,
        24.66269,
        -38.746376
      ],
      "hex": "#000042",
      "sourceClusterIndex": 11,
      "confidence": 0.7,
      "contrastAgainstBackground": 3.5078518,
      "contrastAgainstText": 14.197001,
      "origin": "adjusted:11:-46.9"
    }
  ],
  "totalSamples": 30625,
  "iterations": 8,
  "durationMs": 34.834485,
  "colorSpace": "CIELAB",
  "scrollbarEnabled": true
}
[2026-06-08 23:59:38] Theme generated successfully: /home/vlvin/.config/rmpc/themes/current-song.ron
[2026-06-08 23:59:38] ========== Theme Update Complete ==========

[2026-06-09 00:03:06] ========== Song Change Detected ==========
[2026-06-09 00:03:06] File: C418 (FLAC)/Albums/2008 - The Whatever Directors Cut/02. Never.flac
[2026-06-09 00:03:06] Artist: C418
[2026-06-09 00:03:06] Title: Never
[2026-06-09 00:03:06] Extracting album art...
[2026-06-09 00:03:06] Album art extracted successfully
[2026-06-09 00:03:06] Album art hash unchanged; skipping theme generation (skip_count=36)
[2026-06-09 00:05:55] ========== Song Change Detected ==========
[2026-06-09 00:05:55] File: C418 (FLAC)/Albums/2008 - The Whatever Directors Cut/03. Named.flac
[2026-06-09 00:05:55] Artist: C418
[2026-06-09 00:05:55] Title: Named
[2026-06-09 00:05:55] Extracting album art...
[2026-06-09 00:05:55] Album art extracted successfully
[2026-06-09 00:05:55] Album art hash unchanged; skipping theme generation (skip_count=37)
[2026-06-09 00:09:26] ========== Song Change Detected ==========
[2026-06-09 00:09:26] File: C418 (FLAC)/Albums/2008 - The Whatever Directors Cut/04. These.flac
[2026-06-09 00:09:26] Artist: C418
[2026-06-09 00:09:26] Title: These
[2026-06-09 00:09:26] Extracting album art...
[2026-06-09 00:09:26] Album art extracted successfully
[2026-06-09 00:09:26] Album art hash unchanged; skipping theme generation (skip_count=38)
[2026-06-09 00:12:16] ========== Song Change Detected ==========
[2026-06-09 00:12:16] File: C418 (FLAC)/Albums/2008 - The Whatever Directors Cut/05. Tracks.flac
[2026-06-09 00:12:16] Artist: C418
[2026-06-09 00:12:16] Title: Tracks
[2026-06-09 00:12:16] Extracting album art...
[2026-06-09 00:12:16] Album art extracted successfully
[2026-06-09 00:12:16] Album art hash unchanged; skipping theme generation (skip_count=39)
[2026-06-09 00:15:38] ========== Song Change Detected ==========
[2026-06-09 00:15:38] File: C418 (FLAC)/Albums/2008 - The Whatever Directors Cut/06. Properly.flac
[2026-06-09 00:15:38] Artist: C418
[2026-06-09 00:15:38] Title: Properly
[2026-06-09 00:15:38] Extracting album art...
[2026-06-09 00:15:38] Album art extracted successfully
[2026-06-09 00:15:38] Album art hash unchanged; skipping theme generation (skip_count=40)
[2026-06-09 00:19:39] ========== Song Change Detected ==========
[2026-06-09 00:19:39] File: C418 (FLAC)/Albums/2008 - The Whatever Directors Cut/07. So.flac
[2026-06-09 00:19:39] Artist: C418
[2026-06-09 00:19:39] Title: So
[2026-06-09 00:19:39] Extracting album art...
[2026-06-09 00:19:39] Album art extracted successfully
[2026-06-09 00:19:39] Album art hash unchanged; skipping theme generation (skip_count=41)
[2026-06-09 00:23:56] ========== Song Change Detected ==========
[2026-06-09 00:23:56] File: C418 (FLAC)/Albums/2008 - The Whatever Directors Cut/08. Do.flac
[2026-06-09 00:23:56] Artist: C418
[2026-06-09 00:23:56] Title: Do
[2026-06-09 00:23:56] Extracting album art...
[2026-06-09 00:23:56] Album art extracted successfully
[2026-06-09 00:23:56] Album art hash unchanged; skipping theme generation (skip_count=42)
[2026-06-09 00:27:48] ========== Song Change Detected ==========
[2026-06-09 00:27:48] File: C418 (FLAC)/Albums/2008 - The Whatever Directors Cut/09. Your.flac
[2026-06-09 00:27:48] Artist: C418
[2026-06-09 00:27:48] Title: Your
[2026-06-09 00:27:48] Extracting album art...
[2026-06-09 00:27:48] Album art extracted successfully
[2026-06-09 00:27:48] Album art hash unchanged; skipping theme generation (skip_count=43)
[2026-06-09 00:31:46] ========== Song Change Detected ==========
[2026-06-09 00:31:46] File: C418 (FLAC)/Albums/2008 - The Whatever Directors Cut/10. Guesswork.flac
[2026-06-09 00:31:46] Artist: C418
[2026-06-09 00:31:46] Title: Guesswork
[2026-06-09 00:31:46] Extracting album art...
[2026-06-09 00:31:47] Album art extracted successfully
[2026-06-09 00:31:47] Album art hash unchanged; skipping theme generation (skip_count=44)
[2026-06-09 01:17:51] ========== Song Change Detected ==========
[2026-06-09 01:17:51] File: Kronstad 23 - Dødehavet (2026) [FLAC] (24bit-44.1kHz)/01 - Menigheten.flac
[2026-06-09 01:17:51] Artist: Kronstad 23
[2026-06-09 01:17:51] Title: Menigheten
[2026-06-09 01:17:51] Extracting album art...
[2026-06-09 01:17:52] Album art extracted successfully
[2026-06-09 01:17:52] Generating theme (format: image/jpeg)...
Theme written to: /home/vlvin/.config/rmpc/themes/current-song.ron
{
  "version": "1.0.0",
  "clusters": [
    {
      "rgb": {
        "r": 203,
        "g": 174,
        "b": 135
      },
      "hsv": [
        34.411766,
        0.33497533,
        0.79607844
      ],
      "lab": [
        72.70689,
        4.838228,
        23.933388
      ],
      "count": 3222,
      "share": 0.1432
    },
    {
      "rgb": {
        "r": 49,
        "g": 66,
        "b": 79
      },
      "hsv": [
        206.0,
        0.37974685,
        0.30980393
      ],
      "lab": [
        27.05621,
        -3.036946,
        -10.014332
      ],
      "count": 2515,
      "share": 0.11177777777777778
    },
    {
      "rgb": {
        "r": 195,
        "g": 166,
        "b": 125
      },
      "hsv": [
        35.14286,
        0.35897437,
        0.7647059
      ],
      "lab": [
        69.72295,
        4.712611,
        25.18499
      ],
      "count": 2361,
      "share": 0.10493333333333334
    },
    {
      "rgb": {
        "r": 61,
        "g": 74,
        "b": 85
      },
      "hsv": [
        207.5,
        0.28235295,
        0.33333334
      ],
      "lab": [
        30.74857,
        -2.278492,
        -8.226347
      ],
      "count": 1807,
      "share": 0.08031111111111111
    },
    {
      "rgb": {
        "r": 202,
        "g": 175,
        "b": 132
      },
      "hsv": [
        36.857143,
        0.34653464,
        0.7921569
      ],
      "lab": [
        72.81553,
        3.5322607,
        25.676895
      ],
      "count": 1671,
      "share": 0.07426666666666666
    },
    {
      "rgb": {
        "r": 41,
        "g": 44,
        "b": 56
      },
      "hsv": [
        228.0,
        0.26785713,
        0.21960784
      ],
      "lab": [
        18.180008,
        1.9379854,
        -8.110809
      ],
      "count": 1348,
      "share": 0.05991111111111111
    },
    {
      "rgb": {
        "r": 181,
        "g": 154,
        "b": 116
      },
      "hsv": [
        35.076923,
        0.35911605,
        0.70980394
      ],
      "lab": [
        65.11888,
        4.465371,
        23.683107
      ],
      "count": 972,
      "share": 0.0432
    },
    {
      "rgb": {
        "r": 53,
        "g": 54,
        "b": 61
      },
      "hsv": [
        232.5,
        0.13114753,
        0.23921569
      ],
      "lab": [
        22.765251,
        1.2813807,
        -4.510599
      ],
      "count": 925,
      "share": 0.04111111111111111
    },
    {
      "rgb": {
        "r": 77,
        "g": 83,
        "b": 91
      },
      "hsv": [
        214.2857,
        0.15384614,
        0.35686275
      ],
      "lab": [
        35.04218,
        -0.5066097,
        -5.471367
      ],
      "count": 830,
      "share": 0.03688888888888889
    },
    {
      "rgb": {
        "r": 189,
        "g": 58,
        "b": 52
      },
      "hsv": [
        2.627737,
        0.72486776,
        0.7411765
      ],
      "lab": [
        44.370705,
        51.907867,
        33.67426
      ],
      "count": 825,
      "share": 0.03666666666666667
    },
    {
      "rgb": {
        "r": 38,
        "g": 56,
        "b": 69
      },
      "hsv": [
        205.1613,
        0.44927537,
        0.27058825
      ],
      "lab": [
        22.548637,
        -3.2515824,
        -10.3323345
      ],
      "count": 703,
      "share": 0.031244444444444443
    },
    {
      "rgb": {
        "r": 102,
        "g": 57,
        "b": 81
      },
      "hsv": [
        328.0,
        0.44117647,
        0.4
      ],
      "lab": [
        30.268364,
        23.529648,
        -5.9177637
      ],
      "count": 664,
      "share": 0.02951111111111111
    },
    {
      "rgb": {
        "r": 170,
        "g": 132,
        "b": 113
      },
      "hsv": [
        20.000006,
        0.33529413,
        0.6666667
      ],
      "lab": [
        58.26628,
        11.82577,
        15.853512
      ],
      "count": 591,
      "share": 0.026266666666666667
    },
    {
      "rgb": {
        "r": 65,
        "g": 115,
        "b": 127
      },
      "hsv": [
        191.6129,
        0.48818895,
        0.49803922
      ],
      "lab": [
        45.519794,
        -13.366818,
        -11.846423
      ],
      "count": 568,
      "share": 0.025244444444444444
    },
    {
      "rgb": {
        "r": 194,
        "g": 75,
        "b": 43
      },
      "hsv": [
        12.715232,
        0.77835053,
        0.7607843
      ],
      "lab": [
        47.853573,
        45.993,
        42.63786
      ],
      "count": 509,
      "share": 0.02262222222222222
    },
    {
      "rgb": {
        "r": 184,
        "g": 134,
        "b": 46
      },
      "hsv": [
        38.26087,
        0.75,
        0.72156864
      ],
      "lab": [
        59.379486,
        10.870754,
        52.346073
      ],
      "count": 509,
      "share": 0.02262222222222222
    },
    {
      "rgb": {
        "r": 193,
        "g": 85,
        "b": 43
      },
      "hsv": [
        16.8,
        0.77720207,
        0.75686276
      ],
      "lab": [
        49.510986,
        40.860832,
        44.26847
      ],
      "count": 426,
      "share": 0.018933333333333333
    },
    {
      "rgb": {
        "r": 183,
        "g": 72,
        "b": 39
      },
      "hsv": [
        13.75,
        0.78688526,
        0.7176471
      ],
      "lab": [
        45.43025,
        43.20359,
        41.628044
      ],
      "count": 418,
      "share": 0.018577777777777776
    },
    {
      "rgb": {
        "r": 105,
        "g": 62,
        "b": 79
      },
      "hsv": [
        336.27905,
        0.40952381,
        0.4117647
      ],
      "lab": [
        31.837902,
        21.35901,
        -2.2453904
      ],
      "count": 326,
      "share": 0.01448888888888889
    },
    {
      "rgb": {
        "r": 168,
        "g": 145,
        "b": 115
      },
      "hsv": [
        33.962265,
        0.3154762,
        0.65882355
      ],
      "lab": [
        61.49385,
        4.002839,
        19.122732
      ],
      "count": 310,
      "share": 0.013777777777777778
    },
    {
      "rgb": {
        "r": 145,
        "g": 59,
        "b": 75
      },
      "hsv": [
        348.83722,
        0.59310347,
        0.5686275
      ],
      "lab": [
        37.220303,
        37.841454,
        8.855814
      ],
      "count": 207,
      "share": 0.0092
    },
    {
      "rgb": {
        "r": 68,
        "g": 67,
        "b": 61
      },
      "hsv": [
        51.428574,
        0.10294122,
        0.26666668
      ],
      "lab": [
        28.327667,
        -0.8511692,
        3.7932873
      ],
      "count": 161,
      "share": 0.007155555555555556
    },
    {
      "rgb": {
        "r": 168,
        "g": 83,
        "b": 54
      },
      "hsv": [
        15.263159,
        0.67857146,
        0.65882355
      ],
      "lab": [
        45.33144,
        32.58541,
        32.748318
      ],
      "count": 114,
      "share": 0.005066666666666666
    },
    {
      "rgb": {
        "r": 172,
        "g": 64,
        "b": 61
      },
      "hsv": [
        1.6216234,
        0.64534885,
        0.6745098
      ],
      "lab": [
        42.425323,
        44.021667,
        25.294304
      ],
      "count": 110,
      "share": 0.004888888888888889
    },
    {
      "rgb": {
        "r": 47,
        "g": 37,
        "b": 32
      },
      "hsv": [
        20.0,
        0.3191489,
        0.18431373
      ],
      "lab": [
        15.65346,
        3.7441254,
        5.1018925
      ],
      "count": 85,
      "share": 0.003777777777777778
    },
    {
      "rgb": {
        "r": 123,
        "g": 113,
        "b": 95
      },
      "hsv": [
        38.571426,
        0.22764227,
        0.48235294
      ],
      "lab": [
        48.067688,
        0.720948,
        11.4118395
      ],
      "count": 83,
      "share": 0.0036888888888888887
    },
    {
      "rgb": {
        "r": 206,
        "g": 136,
        "b": 108
      },
      "hsv": [
        17.14286,
        0.47572815,
        0.80784315
      ],
      "lab": [
        63.190346,
        23.634642,
        26.004993
      ],
      "count": 64,
      "share": 0.0028444444444444446
    },
    {
      "rgb": {
        "r": 166,
        "g": 136,
        "b": 72
      },
      "hsv": [
        40.851067,
        0.56626505,
        0.6509804
      ],
      "lab": [
        58.21189,
        3.4466982,
        38.23029
      ],
      "count": 60,
      "share": 0.0026666666666666666
    },
    {
      "rgb": {
        "r": 196,
        "g": 125,
        "b": 55
      },
      "hsv": [
        29.787231,
        0.71938777,
        0.76862746
      ],
      "lab": [
        58.67861,
        21.506279,
        48.096996
      ],
      "count": 60,
      "share": 0.0026666666666666666
    },
    {
      "rgb": {
        "r": 82,
        "g": 109,
        "b": 101
      },
      "hsv": [
        162.22221,
        0.2477064,
        0.42745098
      ],
      "lab": [
        43.756287,
        -11.737615,
        1.2418628
      ],
      "count": 56,
      "share": 0.002488888888888889
    }
  ],
  "roleAssignments": [
    {
      "role": "Background",
      "rgb": {
        "r": 203,
        "g": 174,
        "b": 135
      },
      "hsv": [
        34.411766,
        0.33497533,
        0.79607844
      ],
      "lab": [
        72.70689,
        4.838228,
        23.933388
      ],
      "hex": "#cbae87",
      "sourceClusterIndex": 0,
      "confidence": 0.9,
      "origin": "cluster"
    },
    {
      "role": "Text",
      "rgb": {
        "r": 47,
        "g": 37,
        "b": 32
      },
      "hsv": [
        20.0,
        0.3191489,
        0.18431373
      ],
      "lab": [
        15.65346,
        3.7441254,
        5.1018925
      ],
      "hex": "#2f2520",
      "sourceClusterIndex": 24,
      "confidence": 0.9,
      "contrastAgainstBackground": 7.0704794,
      "origin": "cluster"
    },
    {
      "role": "Accent",
      "rgb": {
        "r": 178,
        "g": 178,
        "b": 178
      },
      "hsv": [
        0.0,
        0.0,
        0.69803923
      ],
      "lab": [
        72.57478,
        0.0,
        0.0
      ],
      "hex": "#b2b2b2",
      "confidence": 0.45,
      "contrastAgainstBackground": 1.0039937,
      "contrastAgainstText": 7.042354,
      "origin": "synthetic:bg-neutral"
    },
    {
      "role": "Border",
      "rgb": {
        "r": 145,
        "g": 59,
        "b": 75
      },
      "hsv": [
        348.83722,
        0.59310347,
        0.5686275
      ],
      "lab": [
        37.220303,
        37.841454,
        8.855814
      ],
      "hex": "#913b4b",
      "sourceClusterIndex": 20,
      "confidence": 0.8,
      "origin": "cluster"
    },
    {
      "role": "ActiveItem",
      "rgb": {
        "r": 39,
        "g": 39,
        "b": 39
      },
      "hsv": [
        0.0,
        0.0,
        0.15294118
      ],
      "lab": [
        15.637959,
        0.0,
        0.0000059604645
      ],
      "hex": "#272727",
      "confidence": 0.45,
      "contrastAgainstBackground": 7.073398,
      "contrastAgainstText": 1.0004128,
      "origin": "synthetic:text-neutral"
    },
    {
      "role": "HighlightText",
      "rgb": {
        "r": 222,
        "g": 222,
        "b": 222
      },
      "hsv": [
        0.0,
        0.0,
        0.87058824
      ],
      "lab": [
        88.469696,
        0.0,
        0.000011920929
      ],
      "hex": "#dedede",
      "confidence": 0.65,
      "contrastAgainstBackground": 11.103668,
      "origin": "accent_adjusted:+16.0"
    },
    {
      "role": "Frame",
      "rgb": {
        "r": 106,
        "g": 83,
        "b": 48
      },
      "hsv": [
        36.2069,
        0.5471698,
        0.41568628
      ],
      "lab": [
        36.863937,
        4.7563314,
        24.00874
      ],
      "hex": "#6a5330",
      "confidence": 0.65,
      "contrastAgainstBackground": 3.4373345,
      "contrastAgainstText": 2.0569658,
      "origin": "background_adjusted:-36.0"
    },
    {
      "role": "HeaderAccent",
      "rgb": {
        "r": 0,
        "g": 0,
        "b": 0
      },
      "hsv": [
        0.0,
        0.0,
        0.0
      ],
      "lab": [
        0.0,
        0.0,
        0.0
      ],
      "hex": "#000000",
      "confidence": 0.6,
      "contrastAgainstBackground": 9.94358,
      "contrastAgainstText": 1.4063514,
      "origin": "header_accent:black"
    },
    {
      "role": "InactiveItem",
      "rgb": {
        "r": 145,
        "g": 59,
        "b": 75
      },
      "hsv": [
        348.83722,
        0.59310347,
        0.5686275
      ],
      "lab": [
        37.220303,
        37.841454,
        8.855814
      ],
      "hex": "#913b4b",
      "sourceClusterIndex": 20,
      "confidence": 0.7,
      "origin": "cluster"
    },
    {
      "role": "ProgressBar",
      "rgb": {
        "r": 178,
        "g": 178,
        "b": 178
      },
      "hsv": [
        0.0,
        0.0,
        0.69803923
      ],
      "lab": [
        72.57478,
        0.0,
        0.0
      ],
      "hex": "#b2b2b2",
      "confidence": 0.45,
      "contrastAgainstBackground": 1.0039937,
      "contrastAgainstText": 7.042354,
      "origin": "synthetic:bg-neutral"
    },
    {
      "role": "Scrollbar",
      "rgb": {
        "r": 39,
        "g": 39,
        "b": 39
      },
      "hsv": [
        0.0,
        0.0,
        0.15294118
      ],
      "lab": [
        15.637959,
        0.0,
        0.0000059604645
      ],
      "hex": "#272727",
      "confidence": 0.45,
      "contrastAgainstBackground": 7.073398,
      "contrastAgainstText": 1.0004128,
      "origin": "synthetic:text-neutral"
    }
  ],
  "totalSamples": 22500,
  "iterations": 25,
  "durationMs": 43.5696,
  "colorSpace": "CIELAB",
  "scrollbarEnabled": true
}
[2026-06-09 01:17:52] Theme generated successfully: /home/vlvin/.config/rmpc/themes/current-song.ron
[2026-06-09 01:17:52] ========== Theme Update Complete ==========

[2026-06-09 01:23:11] ========== Song Change Detected ==========
[2026-06-09 01:23:11] File: Kronstad 23 - Dødehavet (2026) [FLAC] (24bit-44.1kHz)/02 - Stratosfæren.flac
[2026-06-09 01:23:11] Artist: Kronstad 23
[2026-06-09 01:23:11] Title: Stratosfæren
[2026-06-09 01:23:11] Extracting album art...
[2026-06-09 01:23:11] Album art extracted successfully
[2026-06-09 01:23:11] Album art hash unchanged; skipping theme generation (skip_count=45)
[2026-06-09 01:28:01] ========== Song Change Detected ==========
[2026-06-09 01:28:01] File: Kronstad 23 - Dødehavet (2026) [FLAC] (24bit-44.1kHz)/03 - Bolverk.flac
[2026-06-09 01:28:01] Artist: Kronstad 23
[2026-06-09 01:28:01] Title: Bolverk
[2026-06-09 01:28:01] Extracting album art...
[2026-06-09 01:28:01] Album art extracted successfully
[2026-06-09 01:28:01] Album art hash unchanged; skipping theme generation (skip_count=46)
[2026-06-09 01:32:44] ========== Song Change Detected ==========
[2026-06-09 01:32:44] File: Kronstad 23 - Dødehavet (2026) [FLAC] (24bit-44.1kHz)/04 - Rabalder.flac
[2026-06-09 01:32:44] Artist: Kronstad 23
[2026-06-09 01:32:44] Title: Rabalder
[2026-06-09 01:32:44] Extracting album art...
[2026-06-09 01:32:44] Album art extracted successfully
[2026-06-09 01:32:44] Album art hash unchanged; skipping theme generation (skip_count=47)
[2026-06-09 01:36:14] ========== Song Change Detected ==========
[2026-06-09 01:36:14] File: Kronstad 23 - Dødehavet (2026) [FLAC] (24bit-44.1kHz)/05 - Høytrykk.flac
[2026-06-09 01:36:14] Artist: Kronstad 23
[2026-06-09 01:36:14] Title: Høytrykk
[2026-06-09 01:36:14] Extracting album art...
[2026-06-09 01:36:14] Album art extracted successfully
[2026-06-09 01:36:14] Album art hash unchanged; skipping theme generation (skip_count=48)
[2026-06-09 09:10:45] ========== Song Change Detected ==========
[2026-06-09 09:10:45] File: April Rain - 2014 - Songs For Someone (EP)/01 - Sutekina D.mp3
[2026-06-09 09:10:45] Artist: April Rain
[2026-06-09 09:10:45] Title: Sutekina D
[2026-06-09 09:10:45] Extracting album art...
[2026-06-09 09:10:45] Album art extracted successfully
[2026-06-09 09:10:45] Generating theme (format: image/png)...
Theme written to: /home/vlvin/.config/rmpc/themes/current-song.ron
{
  "version": "1.0.0",
  "clusters": [
    {
      "rgb": {
        "r": 42,
        "g": 42,
        "b": 42
      },
      "hsv": [
        0.0,
        0.0,
        0.16470589
      ],
      "lab": [
        17.06202,
        0.0,
        0.0
      ],
      "count": 741,
      "share": 0.12497891718670939
    },
    {
      "rgb": {
        "r": 51,
        "g": 51,
        "b": 51
      },
      "hsv": [
        0.0,
        0.0,
        0.2
      ],
      "lab": [
        21.24673,
        -0.000014901161,
        0.0000059604645
      ],
      "count": 601,
      "share": 0.10136616630123124
    },
    {
      "rgb": {
        "r": 57,
        "g": 57,
        "b": 57
      },
      "hsv": [
        0.0,
        0.0,
        0.22352941
      ],
      "lab": [
        23.971725,
        0.0,
        0.0000059604645
      ],
      "count": 567,
      "share": 0.09563164108618655
    },
    {
      "rgb": {
        "r": 60,
        "g": 60,
        "b": 60
      },
      "hsv": [
        0.0,
        0.0,
        0.23529412
      ],
      "lab": [
        25.316795,
        -0.000014901161,
        0.0
      ],
      "count": 546,
      "share": 0.09208972845336481
    },
    {
      "rgb": {
        "r": 44,
        "g": 44,
        "b": 44
      },
      "hsv": [
        0.0,
        0.0,
        0.17254902
      ],
      "lab": [
        18.002903,
        0.0,
        0.0
      ],
      "count": 515,
      "share": 0.08686119075729465
    },
    {
      "rgb": {
        "r": 54,
        "g": 54,
        "b": 54
      },
      "hsv": [
        0.0,
        0.0,
        0.21176471
      ],
      "lab": [
        22.615238,
        0.0,
        0.0
      ],
      "count": 495,
      "share": 0.08348794063079777
    },
    {
      "rgb": {
        "r": 47,
        "g": 47,
        "b": 47
      },
      "hsv": [
        0.0,
        0.0,
        0.18431373
      ],
      "lab": [
        19.402187,
        0.0,
        0.0
      ],
      "count": 475,
      "share": 0.0801146905043009
    },
    {
      "rgb": {
        "r": 48,
        "g": 48,
        "b": 48
      },
      "hsv": [
        0.0,
        0.0,
        0.1882353
      ],
      "lab": [
        19.865536,
        -0.000014901161,
        0.0000059604645
      ],
      "count": 449,
      "share": 0.07572946533985495
    },
    {
      "rgb": {
        "r": 65,
        "g": 65,
        "b": 65
      },
      "hsv": [
        0.0,
        0.0,
        0.25490198
      ],
      "lab": [
        27.534695,
        0.0,
        0.0
      ],
      "count": 228,
      "share": 0.03845505144206443
    },
    {
      "rgb": {
        "r": 71,
        "g": 71,
        "b": 71
      },
      "hsv": [
        0.0,
        0.0,
        0.2784314
      ],
      "lab": [
        30.159512,
        0.0,
        0.0
      ],
      "count": 144,
      "share": 0.024287400910777534
    },
    {
      "rgb": {
        "r": 76,
        "g": 76,
        "b": 76
      },
      "hsv": [
        0.0,
        0.0,
        0.29803923
      ],
      "lab": [
        32.318607,
        -0.000014901161,
        0.0000059604645
      ],
      "count": 122,
      "share": 0.020576825771630967
    },
    {
      "rgb": {
        "r": 106,
        "g": 106,
        "b": 106
      },
      "hsv": [
        0.0,
        0.0,
        0.41568628
      ],
      "lab": [
        44.819283,
        0.0,
        0.0
      ],
      "count": 79,
      "share": 0.013324337999662674
    },
    {
      "rgb": {
        "r": 82,
        "g": 82,
        "b": 82
      },
      "hsv": [
        0.0,
        0.0,
        0.32156864
      ],
      "lab": [
        34.878155,
        0.0,
        0.0
      ],
      "count": 71,
      "share": 0.011975037949063924
    },
    {
      "rgb": {
        "r": 136,
        "g": 135,
        "b": 135
      },
      "hsv": [
        0.0,
        0.0073529403,
        0.53333336
      ],
      "lab": [
        56.39833,
        0.3707111,
        0.13091564
      ],
      "count": 70,
      "share": 0.011806375442739079
    },
    {
      "rgb": {
        "r": 122,
        "g": 122,
        "b": 122
      },
      "hsv": [
        0.0,
        0.0,
        0.47843137
      ],
      "lab": [
        51.223152,
        0.0,
        0.0
      ],
      "count": 69,
      "share": 0.011637712936414236
    },
    {
      "rgb": {
        "r": 115,
        "g": 115,
        "b": 115
      },
      "hsv": [
        0.0,
        0.0,
        0.4509804
      ],
      "lab": [
        48.44111,
        0.0,
        0.0
      ],
      "count": 68,
      "share": 0.011469050430089391
    },
    {
      "rgb": {
        "r": 99,
        "g": 99,
        "b": 99
      },
      "hsv": [
        0.0,
        0.0,
        0.3882353
      ],
      "lab": [
        41.96469,
        -0.000014901161,
        0.0000059604645
      ],
      "count": 64,
      "share": 0.010794400404790015
    },
    {
      "rgb": {
        "r": 91,
        "g": 91,
        "b": 91
      },
      "hsv": [
        0.0,
        0.0,
        0.35686275
      ],
      "lab": [
        38.658546,
        -0.000014901161,
        0.0000059604645
      ],
      "count": 62,
      "share": 0.010457075392140327
    },
    {
      "rgb": {
        "r": 144,
        "g": 143,
        "b": 143
      },
      "hsv": [
        0.0,
        0.0069444436,
        0.5647059
      ],
      "lab": [
        59.48677,
        0.3668368,
        0.1295209
      ],
      "count": 59,
      "share": 0.009951087873165796
    },
    {
      "rgb": {
        "r": 162,
        "g": 162,
        "b": 162
      },
      "hsv": [
        0.0,
        0.0,
        0.63529414
      ],
      "lab": [
        66.61967,
        -0.000029802322,
        0.000011920929
      ],
      "count": 57,
      "share": 0.009613762860516108
    },
    {
      "rgb": {
        "r": 152,
        "g": 152,
        "b": 152
      },
      "hsv": [
        0.0,
        0.0,
        0.59607846
      ],
      "lab": [
        62.84292,
        0.0,
        0.0
      ],
      "count": 56,
      "share": 0.009445100354191263
    },
    {
      "rgb": {
        "r": 87,
        "g": 87,
        "b": 87
      },
      "hsv": [
        0.0,
        0.0,
        0.34117648
      ],
      "lab": [
        36.986717,
        -0.000014901161,
        0.0000059604645
      ],
      "count": 51,
      "share": 0.008601787822567044
    },
    {
      "rgb": {
        "r": 200,
        "g": 200,
        "b": 200
      },
      "hsv": [
        0.0,
        0.0,
        0.78431374
      ],
      "lab": [
        80.60409,
        0.0,
        0.000011920929
      ],
      "count": 49,
      "share": 0.008264462809917356
    },
    {
      "rgb": {
        "r": 174,
        "g": 174,
        "b": 174
      },
      "hsv": [
        0.0,
        0.0,
        0.68235296
      ],
      "lab": [
        71.095634,
        0.0,
        0.000011920929
      ],
      "count": 47,
      "share": 0.007927137797267668
    },
    {
      "rgb": {
        "r": 187,
        "g": 187,
        "b": 187
      },
      "hsv": [
        0.0,
        0.0,
        0.73333335
      ],
      "lab": [
        75.88063,
        0.0,
        0.0
      ],
      "count": 47,
      "share": 0.007927137797267668
    },
    {
      "rgb": {
        "r": 221,
        "g": 221,
        "b": 221
      },
      "hsv": [
        0.0,
        0.0,
        0.8666667
      ],
      "lab": [
        88.11545,
        0.0,
        0.0
      ],
      "count": 46,
      "share": 0.007758475290942824
    },
    {
      "rgb": {
        "r": 130,
        "g": 130,
        "b": 130
      },
      "hsv": [
        0.0,
        0.0,
        0.50980395
      ],
      "lab": [
        54.367836,
        0.0,
        0.0
      ],
      "count": 42,
      "share": 0.0070838252656434475
    },
    {
      "rgb": {
        "r": 95,
        "g": 95,
        "b": 95
      },
      "hsv": [
        0.0,
        0.0,
        0.37254903
      ],
      "lab": [
        40.317684,
        -0.000014901161,
        0.0000059604645
      ],
      "count": 42,
      "share": 0.0070838252656434475
    },
    {
      "rgb": {
        "r": 210,
        "g": 210,
        "b": 210
      },
      "hsv": [
        0.0,
        0.0,
        0.8235294
      ],
      "lab": [
        84.19848,
        -0.000029802322,
        0.000011920929
      ],
      "count": 36,
      "share": 0.0060718502276943835
    },
    {
      "rgb": {
        "r": 232,
        "g": 232,
        "b": 232
      },
      "hsv": [
        0.0,
        0.0,
        0.9098039
      ],
      "lab": [
        91.99591,
        0.0,
        0.000011920929
      ],
      "count": 31,
      "share": 0.005228537696070163
    }
  ],
  "roleAssignments": [
    {
      "role": "Background",
      "rgb": {
        "r": 42,
        "g": 42,
        "b": 42
      },
      "hsv": [
        0.0,
        0.0,
        0.16470589
      ],
      "lab": [
        17.06202,
        0.0,
        0.0
      ],
      "hex": "#2a2a2a",
      "sourceClusterIndex": 0,
      "confidence": 0.9,
      "origin": "cluster"
    },
    {
      "role": "Text",
      "rgb": {
        "r": 232,
        "g": 232,
        "b": 232
      },
      "hsv": [
        0.0,
        0.0,
        0.9098039
      ],
      "lab": [
        91.99591,
        0.0,
        0.000011920929
      ],
      "hex": "#e8e8e8",
      "sourceClusterIndex": 29,
      "confidence": 0.9,
      "contrastAgainstBackground": 11.714463,
      "origin": "cluster"
    },
    {
      "role": "Accent",
      "rgb": {
        "r": 42,
        "g": 42,
        "b": 42
      },
      "hsv": [
        0.0,
        0.0,
        0.16470589
      ],
      "lab": [
        17.06202,
        0.0,
        0.0
      ],
      "hex": "#2a2a2a",
      "confidence": 0.45,
      "contrastAgainstBackground": 1.0,
      "contrastAgainstText": 11.714463,
      "origin": "synthetic:bg-neutral"
    },
    {
      "role": "Border",
      "rgb": {
        "r": 221,
        "g": 221,
        "b": 221
      },
      "hsv": [
        0.0,
        0.0,
        0.8666667
      ],
      "lab": [
        88.11545,
        0.0,
        0.0
      ],
      "hex": "#dddddd",
      "sourceClusterIndex": 25,
      "confidence": 0.8,
      "origin": "cluster"
    },
    {
      "role": "ActiveItem",
      "rgb": {
        "r": 232,
        "g": 232,
        "b": 232
      },
      "hsv": [
        0.0,
        0.0,
        0.9098039
      ],
      "lab": [
        91.99591,
        0.0,
        0.000011920929
      ],
      "hex": "#e8e8e8",
      "confidence": 0.45,
      "contrastAgainstBackground": 11.714463,
      "contrastAgainstText": 1.0,
      "origin": "synthetic:text-neutral"
    },
    {
      "role": "HighlightText",
      "rgb": {
        "r": 78,
        "g": 78,
        "b": 78
      },
      "hsv": [
        0.0,
        0.0,
        0.30588236
      ],
      "lab": [
        33.175476,
        0.0,
        0.0
      ],
      "hex": "#4e4e4e",
      "confidence": 0.65,
      "contrastAgainstBackground": 6.7912173,
      "origin": "accent_adjusted:+16.0"
    },
    {
      "role": "Frame",
      "rgb": {
        "r": 127,
        "g": 127,
        "b": 127
      },
      "hsv": [
        0.0,
        0.0,
        0.49803922
      ],
      "lab": [
        53.192772,
        0.0,
        0.0
      ],
      "hex": "#7f7f7f",
      "confidence": 0.65,
      "contrastAgainstBackground": 3.5846708,
      "contrastAgainstText": 3.2679327,
      "origin": "background_adjusted:+36.0"
    },
    {
      "role": "HeaderAccent",
      "rgb": {
        "r": 255,
        "g": 255,
        "b": 255
      },
      "hsv": [
        0.0,
        0.0,
        1.0
      ],
      "lab": [
        100.0,
        0.0,
        0.0
      ],
      "hex": "#ffffff",
      "confidence": 0.6,
      "contrastAgainstBackground": 14.353407,
      "contrastAgainstText": 1.2252723,
      "origin": "header_accent:white"
    },
    {
      "role": "InactiveItem",
      "rgb": {
        "r": 221,
        "g": 221,
        "b": 221
      },
      "hsv": [
        0.0,
        0.0,
        0.8666667
      ],
      "lab": [
        88.11545,
        0.0,
        0.0
      ],
      "hex": "#dddddd",
      "sourceClusterIndex": 25,
      "confidence": 0.7,
      "origin": "cluster"
    },
    {
      "role": "ProgressBar",
      "rgb": {
        "r": 42,
        "g": 42,
        "b": 42
      },
      "hsv": [
        0.0,
        0.0,
        0.16470589
      ],
      "lab": [
        17.06202,
        0.0,
        0.0
      ],
      "hex": "#2a2a2a",
      "confidence": 0.45,
      "contrastAgainstBackground": 1.0,
      "contrastAgainstText": 11.714463,
      "origin": "synthetic:bg-neutral"
    },
    {
      "role": "Scrollbar",
      "rgb": {
        "r": 232,
        "g": 232,
        "b": 232
      },
      "hsv": [
        0.0,
        0.0,
        0.9098039
      ],
      "lab": [
        91.99591,
        0.0,
        0.000011920929
      ],
      "hex": "#e8e8e8",
      "confidence": 0.45,
      "contrastAgainstBackground": 11.714463,
      "contrastAgainstText": 1.0,
      "origin": "synthetic:text-neutral"
    }
  ],
  "totalSamples": 5929,
  "iterations": 7,
  "durationMs": 8.553669999999999,
  "colorSpace": "CIELAB",
  "scrollbarEnabled": true
}
[2026-06-09 09:10:45] Theme generated successfully: /home/vlvin/.config/rmpc/themes/current-song.ron
[2026-06-09 09:10:45] ========== Theme Update Complete ==========

[2026-06-09 09:10:57] ========== Song Change Detected ==========
[2026-06-09 09:10:57] File: April Rain - 2015 - Leave Me No Light/01 - I See You When I Look At The Stars.mp3
[2026-06-09 09:10:57] Artist: April Rain
[2026-06-09 09:10:57] Title: I See You When I Look At The Stars
[2026-06-09 09:10:57] Extracting album art...
[2026-06-09 09:10:57] Album art extracted successfully
[2026-06-09 09:10:57] Generating theme (format: image/jpeg)...
Theme written to: /home/vlvin/.config/rmpc/themes/current-song.ron
{
  "version": "1.0.0",
  "clusters": [
    {
      "rgb": {
        "r": 29,
        "g": 29,
        "b": 29
      },
      "hsv": [
        0.0,
        0.0,
        0.11372549
      ],
      "lab": [
        10.7670555,
        0.0,
        0.0000029802322
      ],
      "count": 7026,
      "share": 0.2294204081632653
    },
    {
      "rgb": {
        "r": 34,
        "g": 34,
        "b": 33
      },
      "hsv": [
        60.0,
        0.029411761,
        0.13333334
      ],
      "lab": [
        13.193239,
        -0.24439394,
        0.6728202
      ],
      "count": 4432,
      "share": 0.14471836734693877
    },
    {
      "rgb": {
        "r": 253,
        "g": 253,
        "b": 253
      },
      "hsv": [
        0.0,
        0.0,
        0.99215686
      ],
      "lab": [
        99.30959,
        -0.000029802322,
        0.000011920929
      ],
      "count": 2301,
      "share": 0.07513469387755102
    },
    {
      "rgb": {
        "r": 39,
        "g": 40,
        "b": 37
      },
      "hsv": [
        79.99999,
        0.074999996,
        0.15686275
      ],
      "lab": [
        15.914324,
        -1.1676252,
        1.81669
      ],
      "count": 2272,
      "share": 0.07418775510204081
    },
    {
      "rgb": {
        "r": 46,
        "g": 48,
        "b": 44
      },
      "hsv": [
        90.0,
        0.08333333,
        0.1882353
      ],
      "lab": [
        19.54272,
        -1.8125325,
        2.2570133
      ],
      "count": 1165,
      "share": 0.03804081632653061
    },
    {
      "rgb": {
        "r": 55,
        "g": 57,
        "b": 52
      },
      "hsv": [
        84.0,
        0.08771929,
        0.22352941
      ],
      "lab": [
        23.626465,
        -1.9846857,
        2.8203726
      ],
      "count": 1102,
      "share": 0.03598367346938776
    },
    {
      "rgb": {
        "r": 238,
        "g": 242,
        "b": 245
      },
      "hsv": [
        205.7143,
        0.028571427,
        0.9607843
      ],
      "lab": [
        95.27606,
        -0.78451633,
        -1.9062281
      ],
      "count": 1099,
      "share": 0.035885714285714285
    },
    {
      "rgb": {
        "r": 246,
        "g": 247,
        "b": 247
      },
      "hsv": [
        180.0,
        0.0040485826,
        0.96862745
      ],
      "lab": [
        97.15845,
        -0.33074617,
        -0.11639595
      ],
      "count": 1063,
      "share": 0.034710204081632653
    },
    {
      "rgb": {
        "r": 63,
        "g": 66,
        "b": 61
      },
      "hsv": [
        96.000015,
        0.07575762,
        0.25882354
      ],
      "lab": [
        27.545765,
        -2.3666024,
        2.6094377
      ],
      "count": 988,
      "share": 0.03226122448979592
    },
    {
      "rgb": {
        "r": 231,
        "g": 235,
        "b": 239
      },
      "hsv": [
        210.0,
        0.033472802,
        0.9372549
      ],
      "lab": [
        92.85541,
        -0.6057322,
        -2.3994446
      ],
      "count": 968,
      "share": 0.031608163265306126
    },
    {
      "rgb": {
        "r": 242,
        "g": 242,
        "b": 245
      },
      "hsv": [
        240.0,
        0.012244897,
        0.9607843
      ],
      "lab": [
        95.569565,
        0.53310394,
        -1.4417052
      ],
      "count": 893,
      "share": 0.029159183673469386
    },
    {
      "rgb": {
        "r": 216,
        "g": 223,
        "b": 228
      },
      "hsv": [
        205.0,
        0.052631576,
        0.89411765
      ],
      "lab": [
        88.43592,
        -1.4179349,
        -3.258288
      ],
      "count": 784,
      "share": 0.0256
    },
    {
      "rgb": {
        "r": 224,
        "g": 228,
        "b": 233
      },
      "hsv": [
        213.33333,
        0.038626608,
        0.9137255
      ],
      "lab": [
        90.421394,
        -0.42393804,
        -2.8982759
      ],
      "count": 756,
      "share": 0.024685714285714287
    },
    {
      "rgb": {
        "r": 72,
        "g": 75,
        "b": 72
      },
      "hsv": [
        120.0,
        0.039999995,
        0.29411766
      ],
      "lab": [
        31.526917,
        -1.8873215,
        1.3590753
      ],
      "count": 745,
      "share": 0.0243265306122449
    },
    {
      "rgb": {
        "r": 210,
        "g": 216,
        "b": 221
      },
      "hsv": [
        207.27274,
        0.049773753,
        0.8666667
      ],
      "lab": [
        86.02317,
        -1.092881,
        -3.1613111
      ],
      "count": 537,
      "share": 0.017534693877551022
    },
    {
      "rgb": {
        "r": 82,
        "g": 86,
        "b": 83
      },
      "hsv": [
        135.0,
        0.046511624,
        0.3372549
      ],
      "lab": [
        36.126198,
        -2.2451134,
        1.1904895
      ],
      "count": 517,
      "share": 0.016881632653061224
    },
    {
      "rgb": {
        "r": 156,
        "g": 168,
        "b": 176
      },
      "hsv": [
        204.0,
        0.11363635,
        0.6901961
      ],
      "lab": [
        68.17309,
        -2.573222,
        -5.5596232
      ],
      "count": 507,
      "share": 0.016555102040816328
    },
    {
      "rgb": {
        "r": 144,
        "g": 157,
        "b": 163
      },
      "hsv": [
        198.94737,
        0.11656441,
        0.6392157
      ],
      "lab": [
        63.906746,
        -3.3591986,
        -4.7050714
      ],
      "count": 505,
      "share": 0.016489795918367346
    },
    {
      "rgb": {
        "r": 221,
        "g": 230,
        "b": 232
      },
      "hsv": [
        190.90909,
        0.04741379,
        0.9098039
      ],
      "lab": [
        90.684654,
        -2.627492,
        -2.0140529
      ],
      "count": 496,
      "share": 0.016195918367346938
    },
    {
      "rgb": {
        "r": 185,
        "g": 195,
        "b": 201
      },
      "hsv": [
        202.5,
        0.07960198,
        0.7882353
      ],
      "lab": [
        78.20507,
        -2.2593439,
        -4.1883945
      ],
      "count": 451,
      "share": 0.014726530612244899
    },
    {
      "rgb": {
        "r": 198,
        "g": 207,
        "b": 213
      },
      "hsv": [
        204.0,
        0.07042253,
        0.8352941
      ],
      "lab": [
        82.61203,
        -1.9079745,
        -4.0287137
      ],
      "count": 449,
      "share": 0.014661224489795918
    },
    {
      "rgb": {
        "r": 169,
        "g": 181,
        "b": 188
      },
      "hsv": [
        202.10527,
        0.101063825,
        0.7372549
      ],
      "lab": [
        72.96626,
        -2.7546883,
        -4.982424
      ],
      "count": 415,
      "share": 0.013551020408163266
    },
    {
      "rgb": {
        "r": 93,
        "g": 97,
        "b": 96
      },
      "hsv": [
        165.0,
        0.04123711,
        0.38039216
      ],
      "lab": [
        40.769226,
        -1.7747432,
        0.025516748
      ],
      "count": 359,
      "share": 0.011722448979591836
    },
    {
      "rgb": {
        "r": 23,
        "g": 24,
        "b": 23
      },
      "hsv": [
        120.0,
        0.041666664,
        0.09411765
      ],
      "lab": [
        8.104689,
        -0.7448867,
        0.53305626
      ],
      "count": 331,
      "share": 0.010808163265306122
    },
    {
      "rgb": {
        "r": 135,
        "g": 140,
        "b": 143
      },
      "hsv": [
        202.5,
        0.05594405,
        0.56078434
      ],
      "lab": [
        57.932556,
        -1.2177229,
        -2.2322536
      ],
      "count": 126,
      "share": 0.004114285714285714
    },
    {
      "rgb": {
        "r": 8,
        "g": 9,
        "b": 9
      },
      "hsv": [
        180.0,
        0.1111111,
        0.03529412
      ],
      "lab": [
        2.4092636,
        -0.26150793,
        -0.09213686
      ],
      "count": 120,
      "share": 0.003918367346938775
    },
    {
      "rgb": {
        "r": 112,
        "g": 115,
        "b": 115
      },
      "hsv": [
        180.0,
        0.026086954,
        0.4509804
      ],
      "lab": [
        48.18934,
        -1.1382401,
        -0.3979683
      ],
      "count": 96,
      "share": 0.0031346938775510206
    },
    {
      "rgb": {
        "r": 175,
        "g": 173,
        "b": 175
      },
      "hsv": [
        300.0,
        0.01142857,
        0.6862745
      ],
      "lab": [
        70.93727,
        1.0835826,
        -0.77278614
      ],
      "count": 91,
      "share": 0.0029714285714285715
    },
    {
      "rgb": {
        "r": 93,
        "g": 65,
        "b": 78
      },
      "hsv": [
        332.14285,
        0.30107525,
        0.3647059
      ],
      "lab": [
        31.01569,
        14.4382715,
        -2.9894352
      ],
      "count": 22,
      "share": 0.0007183673469387755
    },
    {
      "rgb": {
        "r": 139,
        "g": 164,
        "b": 191
      },
      "hsv": [
        211.15385,
        0.27225128,
        0.7490196
      ],
      "lab": [
        66.36705,
        -2.4616122,
        -16.721106
      ],
      "count": 9,
      "share": 0.0002938775510204082
    }
  ],
  "roleAssignments": [
    {
      "role": "Background",
      "rgb": {
        "r": 39,
        "g": 40,
        "b": 37
      },
      "hsv": [
        79.99999,
        0.074999996,
        0.15686275
      ],
      "lab": [
        15.914324,
        -1.1676252,
        1.81669
      ],
      "hex": "#272825",
      "sourceClusterIndex": 3,
      "confidence": 0.9,
      "origin": "cluster"
    },
    {
      "role": "Text",
      "rgb": {
        "r": 253,
        "g": 253,
        "b": 253
      },
      "hsv": [
        0.0,
        0.0,
        0.99215686
      ],
      "lab": [
        99.30959,
        -0.000029802322,
        0.000011920929
      ],
      "hex": "#fdfdfd",
      "sourceClusterIndex": 2,
      "confidence": 0.9,
      "contrastAgainstBackground": 14.574684,
      "origin": "cluster"
    },
    {
      "role": "Accent",
      "rgb": {
        "r": 40,
        "g": 40,
        "b": 40
      },
      "hsv": [
        0.0,
        0.0,
        0.15686275
      ],
      "lab": [
        16.114391,
        0.0,
        0.0
      ],
      "hex": "#282828",
      "confidence": 0.45,
      "contrastAgainstBackground": 1.0055646,
      "contrastAgainstText": 14.49403,
      "origin": "synthetic:bg-neutral"
    },
    {
      "role": "Border",
      "rgb": {
        "r": 246,
        "g": 247,
        "b": 247
      },
      "hsv": [
        180.0,
        0.0040485826,
        0.96862745
      ],
      "lab": [
        97.15845,
        -0.33074617,
        -0.11639595
      ],
      "hex": "#f6f7f7",
      "sourceClusterIndex": 7,
      "confidence": 0.8,
      "origin": "cluster"
    },
    {
      "role": "ActiveItem",
      "rgb": {
        "r": 253,
        "g": 253,
        "b": 253
      },
      "hsv": [
        0.0,
        0.0,
        0.99215686
      ],
      "lab": [
        99.30959,
        -0.000029802322,
        0.000011920929
      ],
      "hex": "#fdfdfd",
      "confidence": 0.45,
      "contrastAgainstBackground": 14.574684,
      "contrastAgainstText": 1.0,
      "origin": "synthetic:text-neutral"
    },
    {
      "role": "HighlightText",
      "rgb": {
        "r": 76,
        "g": 76,
        "b": 76
      },
      "hsv": [
        0.0,
        0.0,
        0.29803923
      ],
      "lab": [
        32.318607,
        -0.000014901161,
        0.0000059604645
      ],
      "hex": "#4c4c4c",
      "confidence": 0.65,
      "contrastAgainstBackground": 8.442257,
      "origin": "accent_adjusted:+16.0"
    },
    {
      "role": "Frame",
      "rgb": {
        "r": 123,
        "g": 124,
        "b": 121
      },
      "hsv": [
        79.99999,
        0.024193548,
        0.4862745
      ],
      "lab": [
        51.84482,
        -0.9727776,
        1.5023708
      ],
      "hex": "#7b7c79",
      "confidence": 0.65,
      "contrastAgainstBackground": 3.5307827,
      "contrastAgainstText": 4.1278906,
      "origin": "background_adjusted:+36.0"
    },
    {
      "role": "HeaderAccent",
      "rgb": {
        "r": 255,
        "g": 255,
        "b": 255
      },
      "hsv": [
        0.0,
        0.0,
        1.0
      ],
      "lab": [
        100.0,
        0.0,
        0.0
      ],
      "hex": "#ffffff",
      "confidence": 0.6,
      "contrastAgainstBackground": 14.8252945,
      "contrastAgainstText": 1.0171949,
      "origin": "header_accent:white"
    },
    {
      "role": "InactiveItem",
      "rgb": {
        "r": 246,
        "g": 247,
        "b": 247
      },
      "hsv": [
        180.0,
        0.0040485826,
        0.96862745
      ],
      "lab": [
        97.15845,
        -0.33074617,
        -0.11639595
      ],
      "hex": "#f6f7f7",
      "sourceClusterIndex": 7,
      "confidence": 0.7,
      "origin": "cluster"
    },
    {
      "role": "ProgressBar",
      "rgb": {
        "r": 40,
        "g": 40,
        "b": 40
      },
      "hsv": [
        0.0,
        0.0,
        0.15686275
      ],
      "lab": [
        16.114391,
        0.0,
        0.0
      ],
      "hex": "#282828",
      "confidence": 0.45,
      "contrastAgainstBackground": 1.0055646,
      "contrastAgainstText": 14.49403,
      "origin": "synthetic:bg-neutral"
    },
    {
      "role": "Scrollbar",
      "rgb": {
        "r": 253,
        "g": 253,
        "b": 253
      },
      "hsv": [
        0.0,
        0.0,
        0.99215686
      ],
      "lab": [
        99.30959,
        -0.000029802322,
        0.000011920929
      ],
      "hex": "#fdfdfd",
      "confidence": 0.45,
      "contrastAgainstBackground": 14.574684,
      "contrastAgainstText": 1.0,
      "origin": "synthetic:text-neutral"
    }
  ],
  "totalSamples": 30625,
  "iterations": 40,
  "durationMs": 96.146482,
  "colorSpace": "CIELAB",
  "scrollbarEnabled": true
}
[2026-06-09 09:10:57] Theme generated successfully: /home/vlvin/.config/rmpc/themes/current-song.ron
[2026-06-09 09:10:57] ========== Theme Update Complete ==========

[2026-06-09 09:16:45] ========== Song Change Detected ==========
[2026-06-09 09:16:45] File: April Rain - 2015 - Leave Me No Light/02 - Queue Up For Infinity.mp3
[2026-06-09 09:16:45] Artist: April Rain
[2026-06-09 09:16:45] Title: Queue Up For Infinity
[2026-06-09 09:16:45] Extracting album art...
[2026-06-09 09:16:45] Album art extracted successfully
[2026-06-09 09:16:45] Album art hash unchanged; skipping theme generation (skip_count=49)
[2026-06-09 09:23:00] ========== Song Change Detected ==========
[2026-06-09 09:23:00] File: April Rain - 2015 - Leave Me No Light/03 - Teach Me To Fly Don't Teach Me To Land.mp3
[2026-06-09 09:23:00] Artist: April Rain
[2026-06-09 09:23:00] Title: Teach Me To Fly Don't Teach Me To Land
[2026-06-09 09:23:00] Extracting album art...
[2026-06-09 09:23:00] Album art extracted successfully
[2026-06-09 09:23:00] Album art hash unchanged; skipping theme generation (skip_count=50)
[2026-06-09 09:29:40] ========== Song Change Detected ==========
[2026-06-09 09:29:40] File: April Rain - 2015 - Leave Me No Light/04 - Violent Passion Surrogate.mp3
[2026-06-09 09:29:40] Artist: April Rain
[2026-06-09 09:29:40] Title: Violent Passion Surrogate
[2026-06-09 09:29:40] Extracting album art...
[2026-06-09 09:29:40] Album art extracted successfully
[2026-06-09 09:29:40] Album art hash unchanged; skipping theme generation (skip_count=51)
[2026-06-09 09:36:57] ========== Song Change Detected ==========
[2026-06-09 09:36:57] File: April Rain - 2015 - Leave Me No Light/05 - Leave Me No Light.mp3
[2026-06-09 09:36:57] Artist: April Rain
[2026-06-09 09:36:57] Title: Leave Me No Light
[2026-06-09 09:36:57] Extracting album art...
[2026-06-09 09:36:57] Album art extracted successfully
[2026-06-09 09:36:57] Album art hash unchanged; skipping theme generation (skip_count=52)
[2026-06-09 09:43:56] ========== Song Change Detected ==========
[2026-06-09 09:43:56] File: April Rain - 2015 - Leave Me No Light/06 - Terry Fox Will Run Forever.mp3
[2026-06-09 09:43:56] Artist: April Rain
[2026-06-09 09:43:56] Title: Terry Fox Will Run Forever
[2026-06-09 09:43:56] Extracting album art...
[2026-06-09 09:43:56] Album art extracted successfully
[2026-06-09 09:43:56] Album art hash unchanged; skipping theme generation (skip_count=53)
[2026-06-09 09:54:41] ========== Song Change Detected ==========
[2026-06-09 09:54:41] File: Kronstad 23 - Dødehavet (2026) [FLAC] (24bit-44.1kHz)/01 - Menigheten.flac
[2026-06-09 09:54:41] Artist: Kronstad 23
[2026-06-09 09:54:41] Title: Menigheten
[2026-06-09 09:54:41] Extracting album art...
[2026-06-09 09:54:41] Album art extracted successfully
[2026-06-09 09:54:41] Generating theme (format: image/jpeg)...
Theme written to: /home/vlvin/.config/rmpc/themes/current-song.ron
{
  "version": "1.0.0",
  "clusters": [
    {
      "rgb": {
        "r": 203,
        "g": 174,
        "b": 135
      },
      "hsv": [
        34.411766,
        0.33497533,
        0.79607844
      ],
      "lab": [
        72.70689,
        4.838228,
        23.933388
      ],
      "count": 3222,
      "share": 0.1432
    },
    {
      "rgb": {
        "r": 49,
        "g": 66,
        "b": 79
      },
      "hsv": [
        206.0,
        0.37974685,
        0.30980393
      ],
      "lab": [
        27.05621,
        -3.036946,
        -10.014332
      ],
      "count": 2515,
      "share": 0.11177777777777778
    },
    {
      "rgb": {
        "r": 195,
        "g": 166,
        "b": 125
      },
      "hsv": [
        35.14286,
        0.35897437,
        0.7647059
      ],
      "lab": [
        69.72295,
        4.712611,
        25.18499
      ],
      "count": 2361,
      "share": 0.10493333333333334
    },
    {
      "rgb": {
        "r": 61,
        "g": 74,
        "b": 85
      },
      "hsv": [
        207.5,
        0.28235295,
        0.33333334
      ],
      "lab": [
        30.74857,
        -2.278492,
        -8.226347
      ],
      "count": 1807,
      "share": 0.08031111111111111
    },
    {
      "rgb": {
        "r": 202,
        "g": 175,
        "b": 132
      },
      "hsv": [
        36.857143,
        0.34653464,
        0.7921569
      ],
      "lab": [
        72.81553,
        3.5322607,
        25.676895
      ],
      "count": 1671,
      "share": 0.07426666666666666
    },
    {
      "rgb": {
        "r": 41,
        "g": 44,
        "b": 56
      },
      "hsv": [
        228.0,
        0.26785713,
        0.21960784
      ],
      "lab": [
        18.180008,
        1.9379854,
        -8.110809
      ],
      "count": 1348,
      "share": 0.05991111111111111
    },
    {
      "rgb": {
        "r": 181,
        "g": 154,
        "b": 116
      },
      "hsv": [
        35.076923,
        0.35911605,
        0.70980394
      ],
      "lab": [
        65.11888,
        4.465371,
        23.683107
      ],
      "count": 972,
      "share": 0.0432
    },
    {
      "rgb": {
        "r": 53,
        "g": 54,
        "b": 61
      },
      "hsv": [
        232.5,
        0.13114753,
        0.23921569
      ],
      "lab": [
        22.765251,
        1.2813807,
        -4.510599
      ],
      "count": 925,
      "share": 0.04111111111111111
    },
    {
      "rgb": {
        "r": 77,
        "g": 83,
        "b": 91
      },
      "hsv": [
        214.2857,
        0.15384614,
        0.35686275
      ],
      "lab": [
        35.04218,
        -0.5066097,
        -5.471367
      ],
      "count": 830,
      "share": 0.03688888888888889
    },
    {
      "rgb": {
        "r": 189,
        "g": 58,
        "b": 52
      },
      "hsv": [
        2.627737,
        0.72486776,
        0.7411765
      ],
      "lab": [
        44.370705,
        51.907867,
        33.67426
      ],
      "count": 825,
      "share": 0.03666666666666667
    },
    {
      "rgb": {
        "r": 38,
        "g": 56,
        "b": 69
      },
      "hsv": [
        205.1613,
        0.44927537,
        0.27058825
      ],
      "lab": [
        22.548637,
        -3.2515824,
        -10.3323345
      ],
      "count": 703,
      "share": 0.031244444444444443
    },
    {
      "rgb": {
        "r": 102,
        "g": 57,
        "b": 81
      },
      "hsv": [
        328.0,
        0.44117647,
        0.4
      ],
      "lab": [
        30.268364,
        23.529648,
        -5.9177637
      ],
      "count": 664,
      "share": 0.02951111111111111
    },
    {
      "rgb": {
        "r": 170,
        "g": 132,
        "b": 113
      },
      "hsv": [
        20.000006,
        0.33529413,
        0.6666667
      ],
      "lab": [
        58.26628,
        11.82577,
        15.853512
      ],
      "count": 591,
      "share": 0.026266666666666667
    },
    {
      "rgb": {
        "r": 65,
        "g": 115,
        "b": 127
      },
      "hsv": [
        191.6129,
        0.48818895,
        0.49803922
      ],
      "lab": [
        45.519794,
        -13.366818,
        -11.846423
      ],
      "count": 568,
      "share": 0.025244444444444444
    },
    {
      "rgb": {
        "r": 194,
        "g": 75,
        "b": 43
      },
      "hsv": [
        12.715232,
        0.77835053,
        0.7607843
      ],
      "lab": [
        47.853573,
        45.993,
        42.63786
      ],
      "count": 509,
      "share": 0.02262222222222222
    },
    {
      "rgb": {
        "r": 184,
        "g": 134,
        "b": 46
      },
      "hsv": [
        38.26087,
        0.75,
        0.72156864
      ],
      "lab": [
        59.379486,
        10.870754,
        52.346073
      ],
      "count": 509,
      "share": 0.02262222222222222
    },
    {
      "rgb": {
        "r": 193,
        "g": 85,
        "b": 43
      },
      "hsv": [
        16.8,
        0.77720207,
        0.75686276
      ],
      "lab": [
        49.510986,
        40.860832,
        44.26847
      ],
      "count": 426,
      "share": 0.018933333333333333
    },
    {
      "rgb": {
        "r": 183,
        "g": 72,
        "b": 39
      },
      "hsv": [
        13.75,
        0.78688526,
        0.7176471
      ],
      "lab": [
        45.43025,
        43.20359,
        41.628044
      ],
      "count": 418,
      "share": 0.018577777777777776
    },
    {
      "rgb": {
        "r": 105,
        "g": 62,
        "b": 79
      },
      "hsv": [
        336.27905,
        0.40952381,
        0.4117647
      ],
      "lab": [
        31.837902,
        21.35901,
        -2.2453904
      ],
      "count": 326,
      "share": 0.01448888888888889
    },
    {
      "rgb": {
        "r": 168,
        "g": 145,
        "b": 115
      },
      "hsv": [
        33.962265,
        0.3154762,
        0.65882355
      ],
      "lab": [
        61.49385,
        4.002839,
        19.122732
      ],
      "count": 310,
      "share": 0.013777777777777778
    },
    {
      "rgb": {
        "r": 145,
        "g": 59,
        "b": 75
      },
      "hsv": [
        348.83722,
        0.59310347,
        0.5686275
      ],
      "lab": [
        37.220303,
        37.841454,
        8.855814
      ],
      "count": 207,
      "share": 0.0092
    },
    {
      "rgb": {
        "r": 68,
        "g": 67,
        "b": 61
      },
      "hsv": [
        51.428574,
        0.10294122,
        0.26666668
      ],
      "lab": [
        28.327667,
        -0.8511692,
        3.7932873
      ],
      "count": 161,
      "share": 0.007155555555555556
    },
    {
      "rgb": {
        "r": 168,
        "g": 83,
        "b": 54
      },
      "hsv": [
        15.263159,
        0.67857146,
        0.65882355
      ],
      "lab": [
        45.33144,
        32.58541,
        32.748318
      ],
      "count": 114,
      "share": 0.005066666666666666
    },
    {
      "rgb": {
        "r": 172,
        "g": 64,
        "b": 61
      },
      "hsv": [
        1.6216234,
        0.64534885,
        0.6745098
      ],
      "lab": [
        42.425323,
        44.021667,
        25.294304
      ],
      "count": 110,
      "share": 0.004888888888888889
    },
    {
      "rgb": {
        "r": 47,
        "g": 37,
        "b": 32
      },
      "hsv": [
        20.0,
        0.3191489,
        0.18431373
      ],
      "lab": [
        15.65346,
        3.7441254,
        5.1018925
      ],
      "count": 85,
      "share": 0.003777777777777778
    },
    {
      "rgb": {
        "r": 123,
        "g": 113,
        "b": 95
      },
      "hsv": [
        38.571426,
        0.22764227,
        0.48235294
      ],
      "lab": [
        48.067688,
        0.720948,
        11.4118395
      ],
      "count": 83,
      "share": 0.0036888888888888887
    },
    {
      "rgb": {
        "r": 206,
        "g": 136,
        "b": 108
      },
      "hsv": [
        17.14286,
        0.47572815,
        0.80784315
      ],
      "lab": [
        63.190346,
        23.634642,
        26.004993
      ],
      "count": 64,
      "share": 0.0028444444444444446
    },
    {
      "rgb": {
        "r": 166,
        "g": 136,
        "b": 72
      },
      "hsv": [
        40.851067,
        0.56626505,
        0.6509804
      ],
      "lab": [
        58.21189,
        3.4466982,
        38.23029
      ],
      "count": 60,
      "share": 0.0026666666666666666
    },
    {
      "rgb": {
        "r": 196,
        "g": 125,
        "b": 55
      },
      "hsv": [
        29.787231,
        0.71938777,
        0.76862746
      ],
      "lab": [
        58.67861,
        21.506279,
        48.096996
      ],
      "count": 60,
      "share": 0.0026666666666666666
    },
    {
      "rgb": {
        "r": 82,
        "g": 109,
        "b": 101
      },
      "hsv": [
        162.22221,
        0.2477064,
        0.42745098
      ],
      "lab": [
        43.756287,
        -11.737615,
        1.2418628
      ],
      "count": 56,
      "share": 0.002488888888888889
    }
  ],
  "roleAssignments": [
    {
      "role": "Background",
      "rgb": {
        "r": 203,
        "g": 174,
        "b": 135
      },
      "hsv": [
        34.411766,
        0.33497533,
        0.79607844
      ],
      "lab": [
        72.70689,
        4.838228,
        23.933388
      ],
      "hex": "#cbae87",
      "sourceClusterIndex": 0,
      "confidence": 0.9,
      "origin": "cluster"
    },
    {
      "role": "Text",
      "rgb": {
        "r": 47,
        "g": 37,
        "b": 32
      },
      "hsv": [
        20.0,
        0.3191489,
        0.18431373
      ],
      "lab": [
        15.65346,
        3.7441254,
        5.1018925
      ],
      "hex": "#2f2520",
      "sourceClusterIndex": 24,
      "confidence": 0.9,
      "contrastAgainstBackground": 7.0704794,
      "origin": "cluster"
    },
    {
      "role": "Accent",
      "rgb": {
        "r": 178,
        "g": 178,
        "b": 178
      },
      "hsv": [
        0.0,
        0.0,
        0.69803923
      ],
      "lab": [
        72.57478,
        0.0,
        0.0
      ],
      "hex": "#b2b2b2",
      "confidence": 0.45,
      "contrastAgainstBackground": 1.0039937,
      "contrastAgainstText": 7.042354,
      "origin": "synthetic:bg-neutral"
    },
    {
      "role": "Border",
      "rgb": {
        "r": 145,
        "g": 59,
        "b": 75
      },
      "hsv": [
        348.83722,
        0.59310347,
        0.5686275
      ],
      "lab": [
        37.220303,
        37.841454,
        8.855814
      ],
      "hex": "#913b4b",
      "sourceClusterIndex": 20,
      "confidence": 0.8,
      "origin": "cluster"
    },
    {
      "role": "ActiveItem",
      "rgb": {
        "r": 39,
        "g": 39,
        "b": 39
      },
      "hsv": [
        0.0,
        0.0,
        0.15294118
      ],
      "lab": [
        15.637959,
        0.0,
        0.0000059604645
      ],
      "hex": "#272727",
      "confidence": 0.45,
      "contrastAgainstBackground": 7.073398,
      "contrastAgainstText": 1.0004128,
      "origin": "synthetic:text-neutral"
    },
    {
      "role": "HighlightText",
      "rgb": {
        "r": 222,
        "g": 222,
        "b": 222
      },
      "hsv": [
        0.0,
        0.0,
        0.87058824
      ],
      "lab": [
        88.469696,
        0.0,
        0.000011920929
      ],
      "hex": "#dedede",
      "confidence": 0.65,
      "contrastAgainstBackground": 11.103668,
      "origin": "accent_adjusted:+16.0"
    },
    {
      "role": "Frame",
      "rgb": {
        "r": 106,
        "g": 83,
        "b": 48
      },
      "hsv": [
        36.2069,
        0.5471698,
        0.41568628
      ],
      "lab": [
        36.863937,
        4.7563314,
        24.00874
      ],
      "hex": "#6a5330",
      "confidence": 0.65,
      "contrastAgainstBackground": 3.4373345,
      "contrastAgainstText": 2.0569658,
      "origin": "background_adjusted:-36.0"
    },
    {
      "role": "HeaderAccent",
      "rgb": {
        "r": 0,
        "g": 0,
        "b": 0
      },
      "hsv": [
        0.0,
        0.0,
        0.0
      ],
      "lab": [
        0.0,
        0.0,
        0.0
      ],
      "hex": "#000000",
      "confidence": 0.6,
      "contrastAgainstBackground": 9.94358,
      "contrastAgainstText": 1.4063514,
      "origin": "header_accent:black"
    },
    {
      "role": "InactiveItem",
      "rgb": {
        "r": 145,
        "g": 59,
        "b": 75
      },
      "hsv": [
        348.83722,
        0.59310347,
        0.5686275
      ],
      "lab": [
        37.220303,
        37.841454,
        8.855814
      ],
      "hex": "#913b4b",
      "sourceClusterIndex": 20,
      "confidence": 0.7,
      "origin": "cluster"
    },
    {
      "role": "ProgressBar",
      "rgb": {
        "r": 178,
        "g": 178,
        "b": 178
      },
      "hsv": [
        0.0,
        0.0,
        0.69803923
      ],
      "lab": [
        72.57478,
        0.0,
        0.0
      ],
      "hex": "#b2b2b2",
      "confidence": 0.45,
      "contrastAgainstBackground": 1.0039937,
      "contrastAgainstText": 7.042354,
      "origin": "synthetic:bg-neutral"
    },
    {
      "role": "Scrollbar",
      "rgb": {
        "r": 39,
        "g": 39,
        "b": 39
      },
      "hsv": [
        0.0,
        0.0,
        0.15294118
      ],
      "lab": [
        15.637959,
        0.0,
        0.0000059604645
      ],
      "hex": "#272727",
      "confidence": 0.45,
      "contrastAgainstBackground": 7.073398,
      "contrastAgainstText": 1.0004128,
      "origin": "synthetic:text-neutral"
    }
  ],
  "totalSamples": 22500,
  "iterations": 25,
  "durationMs": 42.708939,
  "colorSpace": "CIELAB",
  "scrollbarEnabled": true
}
[2026-06-09 09:54:41] Theme generated successfully: /home/vlvin/.config/rmpc/themes/current-song.ron
[2026-06-09 09:54:41] ========== Theme Update Complete ==========

[2026-06-09 10:35:39] ========== Song Change Detected ==========
[2026-06-09 10:35:39] File: Kronstad 23 - Dødehavet (2026) [FLAC] (24bit-44.1kHz)/02 - Stratosfæren.flac
[2026-06-09 10:35:39] Artist: Kronstad 23
[2026-06-09 10:35:39] Title: Stratosfæren
[2026-06-09 10:35:39] Extracting album art...
[2026-06-09 10:35:39] Album art extracted successfully
[2026-06-09 10:35:39] Album art hash unchanged; skipping theme generation (skip_count=54)
[2026-06-09 10:40:29] ========== Song Change Detected ==========
[2026-06-09 10:40:29] File: Kronstad 23 - Dødehavet (2026) [FLAC] (24bit-44.1kHz)/03 - Bolverk.flac
[2026-06-09 10:40:29] Artist: Kronstad 23
[2026-06-09 10:40:29] Title: Bolverk
[2026-06-09 10:40:29] Extracting album art...
[2026-06-09 10:40:29] Album art extracted successfully
[2026-06-09 10:40:29] Album art hash unchanged; skipping theme generation (skip_count=55)
[2026-06-09 10:45:12] ========== Song Change Detected ==========
[2026-06-09 10:45:12] File: Kronstad 23 - Dødehavet (2026) [FLAC] (24bit-44.1kHz)/04 - Rabalder.flac
[2026-06-09 10:45:12] Artist: Kronstad 23
[2026-06-09 10:45:12] Title: Rabalder
[2026-06-09 10:45:12] Extracting album art...
[2026-06-09 10:45:12] Album art extracted successfully
[2026-06-09 10:45:12] Album art hash unchanged; skipping theme generation (skip_count=56)
[2026-06-09 10:48:42] ========== Song Change Detected ==========
[2026-06-09 10:48:42] File: Kronstad 23 - Dødehavet (2026) [FLAC] (24bit-44.1kHz)/05 - Høytrykk.flac
[2026-06-09 10:48:42] Artist: Kronstad 23
[2026-06-09 10:48:42] Title: Høytrykk
[2026-06-09 10:48:42] Extracting album art...
[2026-06-09 10:48:42] Album art extracted successfully
[2026-06-09 10:48:42] Album art hash unchanged; skipping theme generation (skip_count=57)
[2026-06-09 10:52:54] ========== Song Change Detected ==========
[2026-06-09 10:52:54] File: Kronstad 23 - Dødehavet (2026) [FLAC] (24bit-44.1kHz)/05 - Høytrykk.flac
[2026-06-09 10:52:54] Artist: Kronstad 23
[2026-06-09 10:52:54] Title: Høytrykk
[2026-06-09 10:52:54] Same song as previous, skipping theme generation
[2026-06-09 10:53:36] ========== Song Change Detected ==========
[2026-06-09 10:53:36] File: Kronstad 23 - Dødehavet (2026) [FLAC] (24bit-44.1kHz)/05 - Høytrykk.flac
[2026-06-09 10:53:36] Artist: Kronstad 23
[2026-06-09 10:53:36] Title: Høytrykk
[2026-06-09 10:53:36] Same song as previous, skipping theme generation
[2026-06-09 10:54:35] ========== Song Change Detected ==========
[2026-06-09 10:54:35] File: Kronstad 23 - Dødehavet (2026) [FLAC] (24bit-44.1kHz)/05 - Høytrykk.flac
[2026-06-09 10:54:35] Artist: Kronstad 23
[2026-06-09 10:54:35] Title: Høytrykk
[2026-06-09 10:54:35] Same song as previous, skipping theme generation
[2026-06-09 10:57:06] ========== Song Change Detected ==========
[2026-06-09 10:57:06] File: Kronstad 23 - Dødehavet (2026) [FLAC] (24bit-44.1kHz)/06 - Myrra.flac
[2026-06-09 10:57:06] Artist: Kronstad 23
[2026-06-09 10:57:06] Title: Myrra
[2026-06-09 10:57:06] Extracting album art...
[2026-06-09 10:57:06] Album art extracted successfully
[2026-06-09 10:57:06] Album art hash unchanged; skipping theme generation (skip_count=58)
[2026-06-09 11:05:16] ========== Song Change Detected ==========
[2026-06-09 11:05:16] File: Kronstad 23 - Dødehavet (2026) [FLAC] (24bit-44.1kHz)/07 - Svartmagi.flac
[2026-06-09 11:05:16] Artist: Kronstad 23
[2026-06-09 11:05:16] Title: Svartmagi
[2026-06-09 11:05:16] Extracting album art...
[2026-06-09 11:05:17] Album art extracted successfully
[2026-06-09 11:05:17] Album art hash unchanged; skipping theme generation (skip_count=59)
[2026-06-09 11:05:44] ========== Song Change Detected ==========
[2026-06-09 11:05:44] File: C418 (FLAC)/Albums/2008 - The Whatever Directors Cut/01. I.flac
[2026-06-09 11:05:44] Artist: C418
[2026-06-09 11:05:44] Title: I
[2026-06-09 11:05:44] Extracting album art...
[2026-06-09 11:05:45] Album art extracted successfully
[2026-06-09 11:05:45] Generating theme (format: image/png)...
Theme written to: /home/vlvin/.config/rmpc/themes/current-song.ron
{
  "version": "1.0.0",
  "clusters": [
    {
      "rgb": {
        "r": 0,
        "g": 122,
        "b": 0
      },
      "hsv": [
        120.0,
        1.0,
        0.47843137
      ],
      "lab": [
        44.1153,
        -49.94373,
        48.203243
      ],
      "count": 15737,
      "share": 0.5138612244897959
    },
    {
      "rgb": {
        "r": 115,
        "g": 99,
        "b": 196
      },
      "hsv": [
        249.89691,
        0.49489796,
        0.76862746
      ],
      "lab": [
        47.69221,
        30.083538,
        -48.765434
      ],
      "count": 13749,
      "share": 0.44894693877551023
    },
    {
      "rgb": {
        "r": 116,
        "g": 99,
        "b": 197
      },
      "hsv": [
        250.40817,
        0.49746192,
        0.77254903
      ],
      "lab": [
        47.837917,
        30.61533,
        -49.10381
      ],
      "count": 220,
      "share": 0.007183673469387755
    },
    {
      "rgb": {
        "r": 116,
        "g": 99,
        "b": 198
      },
      "hsv": [
        250.30302,
        0.5,
        0.7764706
      ],
      "lab": [
        47.89658,
        30.900537,
        -49.58583
      ],
      "count": 214,
      "share": 0.006987755102040816
    },
    {
      "rgb": {
        "r": 3,
        "g": 121,
        "b": 4
      },
      "hsv": [
        120.50848,
        0.9752066,
        0.4745098
      ],
      "lab": [
        43.802433,
        -49.22515,
        47.06153
      ],
      "count": 167,
      "share": 0.005453061224489796
    },
    {
      "rgb": {
        "r": 60,
        "g": 110,
        "b": 102
      },
      "hsv": [
        170.40001,
        0.45454547,
        0.43137255
      ],
      "lab": [
        42.87015,
        -18.999607,
        -0.8024454
      ],
      "count": 68,
      "share": 0.0022204081632653063
    },
    {
      "rgb": {
        "r": 25,
        "g": 117,
        "b": 42
      },
      "hsv": [
        131.08694,
        0.7863248,
        0.45882353
      ],
      "lab": [
        42.906914,
        -42.548595,
        33.248283
      ],
      "count": 56,
      "share": 0.0018285714285714285
    },
    {
      "rgb": {
        "r": 98,
        "g": 102,
        "b": 167
      },
      "hsv": [
        236.52174,
        0.41317365,
        0.654902
      ],
      "lab": [
        45.481407,
        15.382618,
        -35.475765
      ],
      "count": 53,
      "share": 0.0017306122448979592
    },
    {
      "rgb": {
        "r": 37,
        "g": 114,
        "b": 63
      },
      "hsv": [
        140.25974,
        0.6754385,
        0.44705883
      ],
      "lab": [
        42.43906,
        -35.760864,
        21.543343
      ],
      "count": 51,
      "share": 0.0016653061224489796
    },
    {
      "rgb": {
        "r": 113,
        "g": 99,
        "b": 192
      },
      "hsv": [
        249.03226,
        0.484375,
        0.7529412
      ],
      "lab": [
        47.28709,
        28.440594,
        -47.113216
      ],
      "count": 38,
      "share": 0.0012408163265306123
    },
    {
      "rgb": {
        "r": 7,
        "g": 121,
        "b": 13
      },
      "hsv": [
        123.1579,
        0.94214875,
        0.4745098
      ],
      "lab": [
        43.86944,
        -48.502922,
        45.15044
      ],
      "count": 32,
      "share": 0.0010448979591836734
    },
    {
      "rgb": {
        "r": 109,
        "g": 100,
        "b": 186
      },
      "hsv": [
        246.27905,
        0.4623656,
        0.7294118
      ],
      "lab": [
        46.856194,
        25.090218,
        -44.344173
      ],
      "count": 28,
      "share": 0.0009142857142857143
    },
    {
      "rgb": {
        "r": 14,
        "g": 119,
        "b": 24
      },
      "hsv": [
        125.714294,
        0.88235295,
        0.46666667
      ],
      "lab": [
        43.289036,
        -46.55014,
        41.31476
      ],
      "count": 22,
      "share": 0.0007183673469387755
    },
    {
      "rgb": {
        "r": 92,
        "g": 104,
        "b": 156
      },
      "hsv": [
        228.75,
        0.41025642,
        0.6117647
      ],
      "lab": [
        45.04725,
        9.228378,
        -29.696774
      ],
      "count": 21,
      "share": 0.0006857142857142857
    },
    {
      "rgb": {
        "r": 68,
        "g": 108,
        "b": 117
      },
      "hsv": [
        191.0204,
        0.4188034,
        0.45882353
      ],
      "lab": [
        43.119213,
        -11.48586,
        -9.446716
      ],
      "count": 18,
      "share": 0.0005877551020408164
    },
    {
      "rgb": {
        "r": 20,
        "g": 118,
        "b": 34
      },
      "hsv": [
        128.57143,
        0.8305085,
        0.4627451
      ],
      "lab": [
        43.093216,
        -44.57979,
        37.14534
      ],
      "count": 18,
      "share": 0.0005877551020408164
    },
    {
      "rgb": {
        "r": 105,
        "g": 101,
        "b": 180
      },
      "hsv": [
        243.03798,
        0.4388889,
        0.7058824
      ],
      "lab": [
        46.45217,
        21.695227,
        -41.516365
      ],
      "count": 16,
      "share": 0.0005224489795918367
    },
    {
      "rgb": {
        "r": 88,
        "g": 104,
        "b": 150
      },
      "hsv": [
        224.51613,
        0.41333336,
        0.5882353
      ],
      "lab": [
        44.48519,
        6.318927,
        -27.034641
      ],
      "count": 16,
      "share": 0.0005224489795918367
    },
    {
      "rgb": {
        "r": 77,
        "g": 106,
        "b": 131
      },
      "hsv": [
        207.77779,
        0.41221374,
        0.5137255
      ],
      "lab": [
        43.542156,
        -3.6728978,
        -17.190086
      ],
      "count": 15,
      "share": 0.0004897959183673469
    },
    {
      "rgb": {
        "r": 55,
        "g": 111,
        "b": 94
      },
      "hsv": [
        161.7857,
        0.5045045,
        0.43529412
      ],
      "lab": [
        42.74591,
        -22.983253,
        3.8101912
      ],
      "count": 15,
      "share": 0.0004897959183673469
    },
    {
      "rgb": {
        "r": 28,
        "g": 116,
        "b": 48
      },
      "hsv": [
        133.63637,
        0.7586207,
        0.45490196
      ],
      "lab": [
        42.688164,
        -40.846466,
        29.98494
      ],
      "count": 15,
      "share": 0.0004897959183673469
    },
    {
      "rgb": {
        "r": 82,
        "g": 105,
        "b": 139
      },
      "hsv": [
        215.78947,
        0.41007194,
        0.54509807
      ],
      "lab": [
        43.88729,
        0.7292628,
        -21.430742
      ],
      "count": 13,
      "share": 0.00042448979591836735
    },
    {
      "rgb": {
        "r": 65,
        "g": 109,
        "b": 110
      },
      "hsv": [
        181.33334,
        0.40909088,
        0.43137255
      ],
      "lab": [
        43.042404,
        -14.869631,
        -5.3510427
      ],
      "count": 10,
      "share": 0.00032653061224489796
    },
    {
      "rgb": {
        "r": 50,
        "g": 112,
        "b": 86
      },
      "hsv": [
        154.8387,
        0.5535714,
        0.4392157
      ],
      "lab": [
        42.669018,
        -26.78646,
        8.469545
      ],
      "count": 7,
      "share": 0.00022857142857142857
    },
    {
      "rgb": {
        "r": 85,
        "g": 105,
        "b": 144
      },
      "hsv": [
        219.66101,
        0.40972224,
        0.5647059
      ],
      "lab": [
        44.30077,
        3.0703843,
        -23.763216
      ],
      "count": 6,
      "share": 0.0001959183673469388
    },
    {
      "rgb": {
        "r": 44,
        "g": 113,
        "b": 75
      },
      "hsv": [
        146.95653,
        0.6106194,
        0.44313726
      ],
      "lab": [
        42.540836,
        -31.279608,
        14.779335
      ],
      "count": 6,
      "share": 0.0001959183673469388
    },
    {
      "rgb": {
        "r": 40,
        "g": 114,
        "b": 68
      },
      "hsv": [
        142.7027,
        0.6491228,
        0.44705883
      ],
      "lab": [
        42.61567,
        -34.125015,
        18.931997
      ],
      "count": 5,
      "share": 0.00016326530612244898
    },
    {
      "rgb": {
        "r": 32,
        "g": 115,
        "b": 54
      },
      "hsv": [
        135.90361,
        0.72173905,
        0.4509804
      ],
      "lab": [
        42.512173,
        -38.785965,
        26.607979
      ],
      "count": 4,
      "share": 0.00013061224489795917
    },
    {
      "rgb": {
        "r": 118,
        "g": 98,
        "b": 200
      },
      "hsv": [
        251.7647,
        0.51,
        0.78431374
      ],
      "lab": [
        47.951546,
        32.55272,
        -50.638355
      ],
      "count": 3,
      "share": 0.0000979591836734694
    },
    {
      "rgb": {
        "r": 36,
        "g": 115,
        "b": 61
      },
      "hsv": [
        138.98734,
        0.68695647,
        0.4509804
      ],
      "lab": [
        42.722008,
        -36.76358,
        23.030788
      ],
      "count": 2,
      "share": 0.00006530612244897959
    }
  ],
  "roleAssignments": [
    {
      "role": "Background",
      "rgb": {
        "r": 0,
        "g": 122,
        "b": 0
      },
      "hsv": [
        120.0,
        1.0,
        0.47843137
      ],
      "lab": [
        44.1153,
        -49.94373,
        48.203243
      ],
      "hex": "#007a00",
      "sourceClusterIndex": 0,
      "confidence": 0.5,
      "origin": "cluster"
    },
    {
      "role": "Text",
      "rgb": {
        "r": 220,
        "g": 220,
        "b": 220
      },
      "hsv": [
        0.0,
        0.0,
        0.8627451
      ],
      "lab": [
        87.760895,
        0.0,
        0.0
      ],
      "hex": "#dcdcdc",
      "confidence": 0.45,
      "contrastAgainstBackground": 4.0472064,
      "origin": "synthetic"
    },
    {
      "role": "Accent",
      "rgb": {
        "r": 104,
        "g": 104,
        "b": 104
      },
      "hsv": [
        0.0,
        0.0,
        0.40784314
      ],
      "lab": [
        44.007168,
        -0.000029802322,
        0.000011920929
      ],
      "hex": "#686868",
      "confidence": 0.45,
      "contrastAgainstBackground": 1.0040282,
      "contrastAgainstText": 4.0635095,
      "origin": "synthetic:bg-neutral"
    },
    {
      "role": "Border",
      "rgb": {
        "r": 118,
        "g": 98,
        "b": 200
      },
      "hsv": [
        251.7647,
        0.51,
        0.78431374
      ],
      "lab": [
        47.951546,
        32.55272,
        -50.638355
      ],
      "hex": "#7662c8",
      "sourceClusterIndex": 28,
      "confidence": 0.8,
      "origin": "cluster"
    },
    {
      "role": "ActiveItem",
      "rgb": {
        "r": 0,
        "g": 0,
        "b": 66
      },
      "hsv": [
        240.0,
        1.0,
        0.25882354
      ],
      "lab": [
        3.5518646,
        24.66269,
        -38.746376
      ],
      "hex": "#000042",
      "sourceClusterIndex": 11,
      "confidence": 0.7,
      "contrastAgainstBackground": 3.5078518,
      "contrastAgainstText": 14.197001,
      "origin": "adjusted:11:-46.9"
    },
    {
      "role": "HighlightText",
      "rgb": {
        "r": 220,
        "g": 220,
        "b": 220
      },
      "hsv": [
        0.0,
        0.0,
        0.8627451
      ],
      "lab": [
        87.760895,
        0.0,
        0.0
      ],
      "hex": "#dcdcdc",
      "confidence": 0.85,
      "contrastAgainstBackground": 14.197001,
      "origin": "text"
    },
    {
      "role": "Frame",
      "rgb": {
        "r": 0,
        "g": 0,
        "b": 0
      },
      "hsv": [
        0.0,
        0.0,
        0.0
      ],
      "lab": [
        0.0,
        0.0,
        0.0
      ],
      "hex": "#000000",
      "confidence": 0.55,
      "contrastAgainstBackground": 3.783813,
      "contrastAgainstText": 15.313873,
      "origin": "synthetic:black"
    },
    {
      "role": "HeaderAccent",
      "rgb": {
        "r": 255,
        "g": 255,
        "b": 255
      },
      "hsv": [
        0.0,
        0.0,
        1.0
      ],
      "lab": [
        100.0,
        0.0,
        0.0
      ],
      "hex": "#ffffff",
      "confidence": 0.6,
      "contrastAgainstBackground": 5.549957,
      "contrastAgainstText": 1.3713055,
      "origin": "header_accent:white"
    },
    {
      "role": "InactiveItem",
      "rgb": {
        "r": 118,
        "g": 98,
        "b": 200
      },
      "hsv": [
        251.7647,
        0.51,
        0.78431374
      ],
      "lab": [
        47.951546,
        32.55272,
        -50.638355
      ],
      "hex": "#7662c8",
      "sourceClusterIndex": 28,
      "confidence": 0.7,
      "origin": "cluster"
    },
    {
      "role": "ProgressBar",
      "rgb": {
        "r": 104,
        "g": 104,
        "b": 104
      },
      "hsv": [
        0.0,
        0.0,
        0.40784314
      ],
      "lab": [
        44.007168,
        -0.000029802322,
        0.000011920929
      ],
      "hex": "#686868",
      "confidence": 0.45,
      "contrastAgainstBackground": 1.0040282,
      "contrastAgainstText": 4.0635095,
      "origin": "synthetic:bg-neutral"
    },
    {
      "role": "Scrollbar",
      "rgb": {
        "r": 0,
        "g": 0,
        "b": 66
      },
      "hsv": [
        240.0,
        1.0,
        0.25882354
      ],
      "lab": [
        3.5518646,
        24.66269,
        -38.746376
      ],
      "hex": "#000042",
      "sourceClusterIndex": 11,
      "confidence": 0.7,
      "contrastAgainstBackground": 3.5078518,
      "contrastAgainstText": 14.197001,
      "origin": "adjusted:11:-46.9"
    }
  ],
  "totalSamples": 30625,
  "iterations": 8,
  "durationMs": 35.818261,
  "colorSpace": "CIELAB",
  "scrollbarEnabled": true
}
[2026-06-09 11:05:45] Theme generated successfully: /home/vlvin/.config/rmpc/themes/current-song.ron
[2026-06-09 11:05:45] ========== Theme Update Complete ==========

[2026-06-09 11:05:50] ========== Song Change Detected ==========
[2026-06-09 11:05:50] File: C418 (FLAC)/Albums/2008 - zweitonegoismus/01. zweiton.flac
[2026-06-09 11:05:50] Artist: C418
[2026-06-09 11:05:50] Title: zweiton
[2026-06-09 11:05:50] Extracting album art...
[2026-06-09 11:05:50] Album art extracted successfully
[2026-06-09 11:05:50] Generating theme (format: image/jpeg)...
Theme written to: /home/vlvin/.config/rmpc/themes/current-song.ron
{
  "version": "1.0.0",
  "clusters": [
    {
      "rgb": {
        "r": 251,
        "g": 252,
        "b": 249
      },
      "hsv": [
        79.99999,
        0.011904761,
        0.9882353
      ],
      "lab": [
        98.81621,
        -0.8544326,
        1.3165951
      ],
      "count": 1920,
      "share": 0.0626938775510204
    },
    {
      "rgb": {
        "r": 138,
        "g": 151,
        "b": 71
      },
      "hsv": [
        69.74999,
        0.5298013,
        0.5921569
      ],
      "lab": [
        59.881187,
        -16.923069,
        40.092175
      ],
      "count": 1497,
      "share": 0.048881632653061224
    },
    {
      "rgb": {
        "r": 126,
        "g": 149,
        "b": 76
      },
      "hsv": [
        78.904106,
        0.4899329,
        0.58431375
      ],
      "lab": [
        58.46383,
        -20.352333,
        35.65274
      ],
      "count": 1462,
      "share": 0.047738775510204084
    },
    {
      "rgb": {
        "r": 146,
        "g": 162,
        "b": 92
      },
      "hsv": [
        73.71429,
        0.43209878,
        0.63529414
      ],
      "lab": [
        63.937187,
        -17.06925,
        34.45412
      ],
      "count": 1416,
      "share": 0.046236734693877554
    },
    {
      "rgb": {
        "r": 110,
        "g": 133,
        "b": 65
      },
      "hsv": [
        80.29412,
        0.5112782,
        0.52156866
      ],
      "lab": [
        52.366272,
        -19.922316,
        33.68736
      ],
      "count": 1400,
      "share": 0.045714285714285714
    },
    {
      "rgb": {
        "r": 122,
        "g": 137,
        "b": 61
      },
      "hsv": [
        71.84211,
        0.5547446,
        0.5372549
      ],
      "lab": [
        54.413124,
        -17.364294,
        38.365246
      ],
      "count": 1375,
      "share": 0.044897959183673466
    },
    {
      "rgb": {
        "r": 142,
        "g": 162,
        "b": 80
      },
      "hsv": [
        74.63415,
        0.50617284,
        0.63529414
      ],
      "lab": [
        63.483704,
        -20.021051,
        39.960323
      ],
      "count": 1351,
      "share": 0.04411428571428572
    },
    {
      "rgb": {
        "r": 123,
        "g": 143,
        "b": 82
      },
      "hsv": [
        79.672134,
        0.42657343,
        0.56078434
      ],
      "lab": [
        56.550385,
        -17.751902,
        30.070608
      ],
      "count": 1241,
      "share": 0.040522448979591834
    },
    {
      "rgb": {
        "r": 114,
        "g": 127,
        "b": 62
      },
      "hsv": [
        71.99999,
        0.511811,
        0.49803922
      ],
      "lab": [
        50.80871,
        -15.395612,
        33.449005
      ],
      "count": 1205,
      "share": 0.0393469387755102
    },
    {
      "rgb": {
        "r": 144,
        "g": 160,
        "b": 66
      },
      "hsv": [
        70.21277,
        0.5875,
        0.627451
      ],
      "lab": [
        62.89779,
        -19.477726,
        46.077503
      ],
      "count": 1149,
      "share": 0.03751836734693877
    },
    {
      "rgb": {
        "r": 239,
        "g": 241,
        "b": 227
      },
      "hsv": [
        68.57143,
        0.058091283,
        0.94509804
      ],
      "lab": [
        94.65655,
        -3.0895174,
        6.5234423
      ],
      "count": 1148,
      "share": 0.03748571428571429
    },
    {
      "rgb": {
        "r": 134,
        "g": 146,
        "b": 77
      },
      "hsv": [
        70.434784,
        0.47260275,
        0.57254905
      ],
      "lab": [
        58.190605,
        -15.371174,
        34.9377
      ],
      "count": 1145,
      "share": 0.037387755102040815
    },
    {
      "rgb": {
        "r": 157,
        "g": 174,
        "b": 85
      },
      "hsv": [
        71.46067,
        0.5114943,
        0.68235296
      ],
      "lab": [
        68.09152,
        -19.47543,
        43.254055
      ],
      "count": 1110,
      "share": 0.036244897959183675
    },
    {
      "rgb": {
        "r": 163,
        "g": 178,
        "b": 100
      },
      "hsv": [
        71.53846,
        0.43820226,
        0.69803923
      ],
      "lab": [
        69.85783,
        -17.5049,
        38.011314
      ],
      "count": 1110,
      "share": 0.036244897959183675
    },
    {
      "rgb": {
        "r": 124,
        "g": 144,
        "b": 58
      },
      "hsv": [
        73.95349,
        0.59722227,
        0.5647059
      ],
      "lab": [
        56.621613,
        -20.417631,
        42.378826
      ],
      "count": 1108,
      "share": 0.03617959183673469
    },
    {
      "rgb": {
        "r": 159,
        "g": 165,
        "b": 81
      },
      "hsv": [
        64.28571,
        0.5090909,
        0.64705884
      ],
      "lab": [
        65.651855,
        -14.418602,
        42.361504
      ],
      "count": 1094,
      "share": 0.035722448979591835
    },
    {
      "rgb": {
        "r": 176,
        "g": 186,
        "b": 98
      },
      "hsv": [
        66.818184,
        0.47311828,
        0.7294118
      ],
      "lab": [
        73.04327,
        -16.538918,
        43.152798
      ],
      "count": 1061,
      "share": 0.03464489795918367
    },
    {
      "rgb": {
        "r": 107,
        "g": 127,
        "b": 72
      },
      "hsv": [
        81.818184,
        0.43307084,
        0.49803922
      ],
      "lab": [
        50.419754,
        -17.16131,
        27.485472
      ],
      "count": 1045,
      "share": 0.03412244897959184
    },
    {
      "rgb": {
        "r": 165,
        "g": 177,
        "b": 76
      },
      "hsv": [
        67.12871,
        0.5706215,
        0.69411767
      ],
      "lab": [
        69.44522,
        -18.501759,
        49.25342
      ],
      "count": 969,
      "share": 0.03164081632653061
    },
    {
      "rgb": {
        "r": 94,
        "g": 114,
        "b": 48
      },
      "hsv": [
        78.181816,
        0.5789473,
        0.44705883
      ],
      "lab": [
        45.11993,
        -18.559261,
        33.61239
      ],
      "count": 968,
      "share": 0.031608163265306126
    },
    {
      "rgb": {
        "r": 106,
        "g": 122,
        "b": 43
      },
      "hsv": [
        72.15189,
        0.6475409,
        0.47843137
      ],
      "lab": [
        48.458145,
        -17.997324,
        40.024364
      ],
      "count": 783,
      "share": 0.02556734693877551
    },
    {
      "rgb": {
        "r": 191,
        "g": 201,
        "b": 118
      },
      "hsv": [
        67.22892,
        0.41293532,
        0.7882353
      ],
      "lab": [
        78.5539,
        -16.014904,
        40.2542
      ],
      "count": 743,
      "share": 0.024261224489795917
    },
    {
      "rgb": {
        "r": 143,
        "g": 148,
        "b": 57
      },
      "hsv": [
        63.2967,
        0.6148649,
        0.5803922
      ],
      "lab": [
        59.265083,
        -14.398634,
        46.178776
      ],
      "count": 699,
      "share": 0.022824489795918366
    },
    {
      "rgb": {
        "r": 125,
        "g": 132,
        "b": 45
      },
      "hsv": [
        64.8276,
        0.65909094,
        0.5176471
      ],
      "lab": [
        53.006683,
        -14.72342,
        44.42128
      ],
      "count": 647,
      "share": 0.021126530612244898
    },
    {
      "rgb": {
        "r": 220,
        "g": 225,
        "b": 195
      },
      "hsv": [
        70.00001,
        0.13333333,
        0.88235295
      ],
      "lab": [
        88.4508,
        -6.8087873,
        14.122486
      ],
      "count": 628,
      "share": 0.02050612244897959
    },
    {
      "rgb": {
        "r": 189,
        "g": 199,
        "b": 98
      },
      "hsv": [
        65.94059,
        0.50753766,
        0.78039217
      ],
      "lab": [
        77.60748,
        -17.822266,
        48.85491
      ],
      "count": 620,
      "share": 0.020244897959183675
    },
    {
      "rgb": {
        "r": 95,
        "g": 111,
        "b": 59
      },
      "hsv": [
        78.46154,
        0.46846846,
        0.43529412
      ],
      "lab": [
        44.40098,
        -15.268892,
        26.898706
      ],
      "count": 566,
      "share": 0.018481632653061224
    },
    {
      "rgb": {
        "r": 202,
        "g": 209,
        "b": 161
      },
      "hsv": [
        68.74999,
        0.22966506,
        0.81960785
      ],
      "lab": [
        82.233955,
        -10.356665,
        23.078705
      ],
      "count": 426,
      "share": 0.013910204081632653
    },
    {
      "rgb": {
        "r": 145,
        "g": 161,
        "b": 106
      },
      "hsv": [
        77.454544,
        0.34161493,
        0.6313726
      ],
      "lab": [
        63.794952,
        -15.165329,
        26.820421
      ],
      "count": 380,
      "share": 0.012408163265306122
    },
    {
      "rgb": {
        "r": 178,
        "g": 189,
        "b": 127
      },
      "hsv": [
        70.64516,
        0.32804233,
        0.7411765
      ],
      "lab": [
        74.4403,
        -13.925523,
        30.134415
      ],
      "count": 359,
      "share": 0.011722448979591836
    }
  ],
  "roleAssignments": [
    {
      "role": "Background",
      "rgb": {
        "r": 202,
        "g": 209,
        "b": 161
      },
      "hsv": [
        68.74999,
        0.22966506,
        0.81960785
      ],
      "lab": [
        82.233955,
        -10.356665,
        23.078705
      ],
      "hex": "#cad1a1",
      "sourceClusterIndex": 27,
      "confidence": 0.9,
      "origin": "cluster"
    },
    {
      "role": "Text",
      "rgb": {
        "r": 30,
        "g": 30,
        "b": 30
      },
      "hsv": [
        0.0,
        0.0,
        0.11764706
      ],
      "lab": [
        11.263611,
        -0.0000074505806,
        0.0000029802322
      ],
      "hex": "#1e1e1e",
      "confidence": 0.45,
      "contrastAgainstBackground": 10.436255,
      "origin": "synthetic"
    },
    {
      "role": "Accent",
      "rgb": {
        "r": 205,
        "g": 205,
        "b": 205
      },
      "hsv": [
        0.0,
        0.0,
        0.8039216
      ],
      "lab": [
        82.40538,
        -0.000029802322,
        0.000011920929
      ],
      "hex": "#cdcdcd",
      "confidence": 0.45,
      "contrastAgainstBackground": 1.004851,
      "contrastAgainstText": 10.48688,
      "origin": "synthetic:bg-neutral"
    },
    {
      "role": "Border",
      "rgb": {
        "r": 94,
        "g": 114,
        "b": 48
      },
      "hsv": [
        78.181816,
        0.5789473,
        0.44705883
      ],
      "lab": [
        45.11993,
        -18.559261,
        33.61239
      ],
      "hex": "#5e7230",
      "sourceClusterIndex": 19,
      "confidence": 0.8,
      "origin": "cluster"
    },
    {
      "role": "ActiveItem",
      "rgb": {
        "r": 30,
        "g": 30,
        "b": 30
      },
      "hsv": [
        0.0,
        0.0,
        0.11764706
      ],
      "lab": [
        11.263611,
        -0.0000074505806,
        0.0000029802322
      ],
      "hex": "#1e1e1e",
      "confidence": 0.45,
      "contrastAgainstBackground": 10.436255,
      "contrastAgainstText": 1.0,
      "origin": "synthetic:text-neutral"
    },
    {
      "role": "HighlightText",
      "rgb": {
        "r": 250,
        "g": 250,
        "b": 250
      },
      "hsv": [
        0.0,
        0.0,
        0.98039216
      ],
      "lab": [
        98.27203,
        0.0,
        0.0
      ],
      "hex": "#fafafa",
      "confidence": 0.65,
      "contrastAgainstBackground": 15.972134,
      "origin": "accent_adjusted:+16.0"
    },
    {
      "role": "Frame",
      "rgb": {
        "r": 106,
        "g": 113,
        "b": 70
      },
      "hsv": [
        69.76745,
        0.38053095,
        0.44313726
      ],
      "lab": [
        46.064987,
        -10.207027,
        23.007847
      ],
      "hex": "#6a7146",
      "confidence": 0.65,
      "contrastAgainstBackground": 3.235316,
      "contrastAgainstText": 3.2257297,
      "origin": "background_adjusted:-36.0"
    },
    {
      "role": "HeaderAccent",
      "rgb": {
        "r": 0,
        "g": 0,
        "b": 0
      },
      "hsv": [
        0.0,
        0.0,
        0.0
      ],
      "lab": [
        0.0,
        0.0,
        0.0
      ],
      "hex": "#000000",
      "confidence": 0.6,
      "contrastAgainstBackground": 13.14614,
      "contrastAgainstText": 1.2596607,
      "origin": "header_accent:black"
    },
    {
      "role": "InactiveItem",
      "rgb": {
        "r": 94,
        "g": 114,
        "b": 48
      },
      "hsv": [
        78.181816,
        0.5789473,
        0.44705883
      ],
      "lab": [
        45.11993,
        -18.559261,
        33.61239
      ],
      "hex": "#5e7230",
      "sourceClusterIndex": 19,
      "confidence": 0.7,
      "origin": "cluster"
    },
    {
      "role": "ProgressBar",
      "rgb": {
        "r": 205,
        "g": 205,
        "b": 205
      },
      "hsv": [
        0.0,
        0.0,
        0.8039216
      ],
      "lab": [
        82.40538,
        -0.000029802322,
        0.000011920929
      ],
      "hex": "#cdcdcd",
      "confidence": 0.45,
      "contrastAgainstBackground": 1.004851,
      "contrastAgainstText": 10.48688,
      "origin": "synthetic:bg-neutral"
    },
    {
      "role": "Scrollbar",
      "rgb": {
        "r": 30,
        "g": 30,
        "b": 30
      },
      "hsv": [
        0.0,
        0.0,
        0.11764706
      ],
      "lab": [
        11.263611,
        -0.0000074505806,
        0.0000029802322
      ],
      "hex": "#1e1e1e",
      "confidence": 0.45,
      "contrastAgainstBackground": 10.436255,
      "contrastAgainstText": 1.0,
      "origin": "synthetic:text-neutral"
    }
  ],
  "totalSamples": 30625,
  "iterations": 40,
  "durationMs": 86.971066,
  "colorSpace": "CIELAB",
  "scrollbarEnabled": true
}
[2026-06-09 11:05:50] Theme generated successfully: /home/vlvin/.config/rmpc/themes/current-song.ron
[2026-06-09 11:05:50] ========== Theme Update Complete ==========

[2026-06-09 11:08:19] ========== Song Change Detected ==========
[2026-06-09 11:08:19] File: C418 (FLAC)/Albums/2008 - zweitonegoismus/02. egoismus.flac
[2026-06-09 11:08:19] Artist: C418
[2026-06-09 11:08:19] Title: egoismus
[2026-06-09 11:08:19] Extracting album art...
[2026-06-09 11:08:19] Album art extracted successfully
[2026-06-09 11:08:19] Album art hash unchanged; skipping theme generation (skip_count=60)
[2026-06-09 11:17:01] ========== Song Change Detected ==========
[2026-06-09 11:17:01] File: C418 (FLAC)/Albums/2008 - zweitonegoismus/03. einfallslos.flac
[2026-06-09 11:17:01] Artist: C418
[2026-06-09 11:17:01] Title: einfallslos
[2026-06-09 11:17:01] Extracting album art...
[2026-06-09 11:17:01] Album art extracted successfully
[2026-06-09 11:17:01] Album art hash unchanged; skipping theme generation (skip_count=61)
[2026-06-09 11:38:35] ========== Song Change Detected ==========
[2026-06-09 11:38:35] File: C418 (FLAC)/Albums/2008 - zweitonegoismus/04. kopfmusik.flac
[2026-06-09 11:38:35] Artist: C418
[2026-06-09 11:38:35] Title: kopfmusik
[2026-06-09 11:38:35] Extracting album art...
[2026-06-09 11:38:35] Album art extracted successfully
[2026-06-09 11:38:35] Album art hash unchanged; skipping theme generation (skip_count=62)
[2026-06-09 11:42:56] ========== Song Change Detected ==========
[2026-06-09 11:42:56] File: C418 (FLAC)/Albums/2008 - zweitonegoismus/05. phlips.flac
[2026-06-09 11:42:56] Artist: C418
[2026-06-09 11:42:56] Title: phlips
[2026-06-09 11:42:56] Extracting album art...
[2026-06-09 11:42:56] Album art extracted successfully
[2026-06-09 11:42:56] Album art hash unchanged; skipping theme generation (skip_count=63)
[2026-06-09 11:45:31] ========== Song Change Detected ==========
[2026-06-09 11:45:31] File: C418 (FLAC)/Albums/2008 - zweitonegoismus/06. krank.flac
[2026-06-09 11:45:31] Artist: C418
[2026-06-09 11:45:31] Title: krank
[2026-06-09 11:45:31] Extracting album art...
[2026-06-09 11:45:31] Album art extracted successfully
[2026-06-09 11:45:31] Album art hash unchanged; skipping theme generation (skip_count=64)
[2026-06-09 11:48:52] ========== Song Change Detected ==========
[2026-06-09 11:48:52] File: C418 (FLAC)/Albums/2008 - zweitonegoismus/07. phleps.flac
[2026-06-09 11:48:52] Artist: C418
[2026-06-09 11:48:52] Title: phleps
[2026-06-09 11:48:52] Extracting album art...
[2026-06-09 11:48:52] Album art extracted successfully
[2026-06-09 11:48:52] Album art hash unchanged; skipping theme generation (skip_count=65)
[2026-06-09 11:50:39] ========== Song Change Detected ==========
[2026-06-09 11:50:39] File: C418 (FLAC)/Albums/2008 - zweitonegoismus/08. sand.flac
[2026-06-09 11:50:39] Artist: C418
[2026-06-09 11:50:39] Title: sand
[2026-06-09 11:50:39] Extracting album art...
[2026-06-09 11:50:39] Album art extracted successfully
[2026-06-09 11:50:39] Album art hash unchanged; skipping theme generation (skip_count=66)
[2026-06-09 11:54:12] ========== Song Change Detected ==========
[2026-06-09 11:54:12] File: C418 (FLAC)/Albums/2008 - zweitonegoismus/09. anthem.flac
[2026-06-09 11:54:12] Artist: C418
[2026-06-09 11:54:12] Title: anthem
[2026-06-09 11:54:12] Extracting album art...
[2026-06-09 11:54:12] Album art extracted successfully
[2026-06-09 11:54:12] Album art hash unchanged; skipping theme generation (skip_count=67)
[2026-06-09 11:57:11] ========== Song Change Detected ==========
[2026-06-09 11:57:11] File: C418 (FLAC)/Albums/2008 - zweitonegoismus/10. plastik.flac
[2026-06-09 11:57:11] Artist: C418
[2026-06-09 11:57:11] Title: plastik
[2026-06-09 11:57:11] Extracting album art...
[2026-06-09 11:57:11] Album art extracted successfully
[2026-06-09 11:57:11] Album art hash unchanged; skipping theme generation (skip_count=68)
[2026-06-09 11:57:41] ========== Song Change Detected ==========
[2026-06-09 11:57:41] File: C418 (FLAC)/Albums/2008 - zweitonegoismus/11. ritalin.flac
[2026-06-09 11:57:41] Artist: C418
[2026-06-09 11:57:41] Title: ritalin
[2026-06-09 11:57:41] Extracting album art...
[2026-06-09 11:57:41] Album art extracted successfully
[2026-06-09 11:57:41] Album art hash unchanged; skipping theme generation (skip_count=69)
[2026-06-09 11:57:43] ========== Song Change Detected ==========
[2026-06-09 11:57:43] File: Hollow Knight Soundtrack Collection by Christopher Larkin [FLAC]/2017 - Hollow Knight (Original Soundtrack)/01. Enter Hallownest.flac
[2026-06-09 11:57:43] Artist: Christopher Larkin
[2026-06-09 11:57:43] Title: Enter Hallownest
[2026-06-09 11:57:43] Extracting album art...
[2026-06-09 11:57:43] Album art extracted successfully
[2026-06-09 11:57:43] Generating theme (format: image/jpeg)...
Theme written to: /home/vlvin/.config/rmpc/themes/current-song.ron
{
  "version": "1.0.0",
  "clusters": [
    {
      "rgb": {
        "r": 0,
        "g": 0,
        "b": 1
      },
      "hsv": [
        240.0,
        1.0,
        0.003921569
      ],
      "lab": [
        0.019788742,
        0.13905764,
        -0.3784567
      ],
      "count": 4941,
      "share": 0.316224
    },
    {
      "rgb": {
        "r": 5,
        "g": 4,
        "b": 11
      },
      "hsv": [
        248.57143,
        0.6363636,
        0.043137256
      ],
      "lab": [
        1.294033,
        1.2384355,
        -2.5667012
      ],
      "count": 1627,
      "share": 0.104128
    },
    {
      "rgb": {
        "r": 125,
        "g": 128,
        "b": 143
      },
      "hsv": [
        229.99998,
        0.12587416,
        0.56078434
      ],
      "lab": [
        53.79415,
        2.0734966,
        -8.451271
      ],
      "count": 1072,
      "share": 0.068608
    },
    {
      "rgb": {
        "r": 10,
        "g": 10,
        "b": 21
      },
      "hsv": [
        240.0,
        0.5238095,
        0.08235294
      ],
      "lab": [
        3.0327644,
        2.0449905,
        -5.565691
      ],
      "count": 807,
      "share": 0.051648
    },
    {
      "rgb": {
        "r": 136,
        "g": 138,
        "b": 151
      },
      "hsv": [
        232.0,
        0.09933774,
        0.5921569
      ],
      "lab": [
        57.698906,
        1.9490719,
        -7.1593404
      ],
      "count": 653,
      "share": 0.041792
    },
    {
      "rgb": {
        "r": 16,
        "g": 15,
        "b": 30
      },
      "hsv": [
        244.0,
        0.5,
        0.11764706
      ],
      "lab": [
        4.927723,
        4.1080117,
        -9.637758
      ],
      "count": 613,
      "share": 0.039232
    },
    {
      "rgb": {
        "r": 19,
        "g": 20,
        "b": 40
      },
      "hsv": [
        237.14285,
        0.525,
        0.15686275
      ],
      "lab": [
        7.153393,
        6.0440154,
        -13.82108
      ],
      "count": 549,
      "share": 0.035136
    },
    {
      "rgb": {
        "r": 252,
        "g": 250,
        "b": 251
      },
      "hsv": [
        330.0,
        0.007936507,
        0.9882353
      ],
      "lab": [
        98.444885,
        0.83610415,
        -0.24418831
      ],
      "count": 522,
      "share": 0.033408
    },
    {
      "rgb": {
        "r": 32,
        "g": 32,
        "b": 64
      },
      "hsv": [
        240.0,
        0.5,
        0.2509804
      ],
      "lab": [
        13.886248,
        10.071799,
        -20.435106
      ],
      "count": 498,
      "share": 0.031872
    },
    {
      "rgb": {
        "r": 26,
        "g": 26,
        "b": 52
      },
      "hsv": [
        240.0,
        0.5,
        0.20392157
      ],
      "lab": [
        10.603577,
        8.332029,
        -17.151428
      ],
      "count": 472,
      "share": 0.030208
    },
    {
      "rgb": {
        "r": 117,
        "g": 122,
        "b": 137
      },
      "hsv": [
        225.0,
        0.14598544,
        0.5372549
      ],
      "lab": [
        51.27501,
        1.3972521,
        -8.778572
      ],
      "count": 453,
      "share": 0.028992
    },
    {
      "rgb": {
        "r": 150,
        "g": 150,
        "b": 163
      },
      "hsv": [
        240.0,
        0.07975459,
        0.6392157
      ],
      "lab": [
        62.457733,
        2.606213,
        -6.8003774
      ],
      "count": 424,
      "share": 0.027136
    },
    {
      "rgb": {
        "r": 36,
        "g": 39,
        "b": 74
      },
      "hsv": [
        235.26317,
        0.5135135,
        0.2901961
      ],
      "lab": [
        17.085999,
        9.73688,
        -22.240597
      ],
      "count": 361,
      "share": 0.023104
    },
    {
      "rgb": {
        "r": 54,
        "g": 67,
        "b": 89
      },
      "hsv": [
        217.71428,
        0.39325842,
        0.34901962
      ],
      "lab": [
        28.166584,
        1.021266,
        -14.783716
      ],
      "count": 307,
      "share": 0.019648
    },
    {
      "rgb": {
        "r": 47,
        "g": 58,
        "b": 81
      },
      "hsv": [
        220.58824,
        0.4197531,
        0.31764707
      ],
      "lab": [
        24.39962,
        2.2124946,
        -15.413785
      ],
      "count": 263,
      "share": 0.016832
    },
    {
      "rgb": {
        "r": 62,
        "g": 75,
        "b": 94
      },
      "hsv": [
        215.625,
        0.34042555,
        0.36862746
      ],
      "lab": [
        31.495682,
        -0.018045306,
        -12.837547
      ],
      "count": 261,
      "share": 0.016704
    },
    {
      "rgb": {
        "r": 226,
        "g": 219,
        "b": 223
      },
      "hsv": [
        325.7143,
        0.03097345,
        0.8862745
      ],
      "lab": [
        88.04547,
        3.0891597,
        -1.110208
      ],
      "count": 261,
      "share": 0.016704
    },
    {
      "rgb": {
        "r": 42,
        "g": 48,
        "b": 77
      },
      "hsv": [
        229.7143,
        0.45454547,
        0.3019608
      ],
      "lab": [
        20.603104,
        6.1786323,
        -18.691402
      ],
      "count": 257,
      "share": 0.016448
    },
    {
      "rgb": {
        "r": 203,
        "g": 198,
        "b": 205
      },
      "hsv": [
        282.85715,
        0.03414634,
        0.8039216
      ],
      "lab": [
        80.45586,
        3.0097365,
        -2.873683
      ],
      "count": 198,
      "share": 0.012672
    },
    {
      "rgb": {
        "r": 174,
        "g": 174,
        "b": 184
      },
      "hsv": [
        240.0,
        0.05434782,
        0.72156864
      ],
      "lab": [
        71.372246,
        1.9277036,
        -5.0988317
      ],
      "count": 160,
      "share": 0.01024
    },
    {
      "rgb": {
        "r": 57,
        "g": 75,
        "b": 105
      },
      "hsv": [
        217.5,
        0.45714286,
        0.4117647
      ],
      "lab": [
        31.627628,
        1.7909706,
        -19.64417
      ],
      "count": 152,
      "share": 0.009728
    },
    {
      "rgb": {
        "r": 42,
        "g": 60,
        "b": 92
      },
      "hsv": [
        218.40001,
        0.54347825,
        0.36078432
      ],
      "lab": [
        25.248806,
        3.109589,
        -21.329313
      ],
      "count": 148,
      "share": 0.009472
    },
    {
      "rgb": {
        "r": 97,
        "g": 105,
        "b": 123
      },
      "hsv": [
        221.53847,
        0.2113821,
        0.48235294
      ],
      "lab": [
        44.339302,
        1.1509955,
        -11.036658
      ],
      "count": 141,
      "share": 0.009024
    },
    {
      "rgb": {
        "r": 32,
        "g": 48,
        "b": 82
      },
      "hsv": [
        220.8,
        0.6097561,
        0.32156864
      ],
      "lab": [
        20.163364,
        5.1543264,
        -22.784931
      ],
      "count": 130,
      "share": 0.00832
    },
    {
      "rgb": {
        "r": 78,
        "g": 90,
        "b": 113
      },
      "hsv": [
        219.42857,
        0.3097345,
        0.44313726
      ],
      "lab": [
        38.063957,
        1.2473166,
        -14.604062
      ],
      "count": 129,
      "share": 0.008256
    },
    {
      "rgb": {
        "r": 37,
        "g": 40,
        "b": 62
      },
      "hsv": [
        232.8,
        0.40322578,
        0.24313726
      ],
      "lab": [
        16.78978,
        5.1689296,
        -14.442408
      ],
      "count": 82,
      "share": 0.005248
    },
    {
      "rgb": {
        "r": 7,
        "g": 16,
        "b": 51
      },
      "hsv": [
        227.72726,
        0.8627451,
        0.2
      ],
      "lab": [
        5.9136753,
        10.146037,
        -24.013842
      ],
      "count": 64,
      "share": 0.004096
    },
    {
      "rgb": {
        "r": 40,
        "g": 42,
        "b": 45
      },
      "hsv": [
        216.0,
        0.111111104,
        0.1764706
      ],
      "lab": [
        16.972042,
        -0.13358891,
        -2.2599638
      ],
      "count": 38,
      "share": 0.002432
    },
    {
      "rgb": {
        "r": 20,
        "g": 21,
        "b": 22
      },
      "hsv": [
        210.0,
        0.090909086,
        0.08627451
      ],
      "lab": [
        6.7112713,
        -0.1937598,
        -0.80643594
      ],
      "count": 27,
      "share": 0.001728
    },
    {
      "rgb": {
        "r": 84,
        "g": 84,
        "b": 87
      },
      "hsv": [
        240.0,
        0.034482755,
        0.34117648
      ],
      "lab": [
        35.817356,
        0.6518215,
        -1.7449319
      ],
      "count": 15,
      "share": 0.00096
    }
  ],
  "roleAssignments": [
    {
      "role": "Background",
      "rgb": {
        "r": 125,
        "g": 128,
        "b": 143
      },
      "hsv": [
        229.99998,
        0.12587416,
        0.56078434
      ],
      "lab": [
        53.79415,
        2.0734966,
        -8.451271
      ],
      "hex": "#7d808f",
      "sourceClusterIndex": 2,
      "confidence": 0.9,
      "origin": "cluster"
    },
    {
      "role": "Text",
      "rgb": {
        "r": 0,
        "g": 0,
        "b": 1
      },
      "hsv": [
        240.0,
        1.0,
        0.003921569
      ],
      "lab": [
        0.019788742,
        0.13905764,
        -0.3784567
      ],
      "hex": "#000001",
      "sourceClusterIndex": 0,
      "confidence": 0.9,
      "contrastAgainstBackground": 5.3539505,
      "origin": "cluster"
    },
    {
      "role": "Accent",
      "rgb": {
        "r": 129,
        "g": 129,
        "b": 129
      },
      "hsv": [
        0.0,
        0.0,
        0.5058824
      ],
      "lab": [
        53.976707,
        -0.000029802322,
        0.000011920929
      ],
      "hex": "#818181",
      "confidence": 0.45,
      "contrastAgainstBackground": 1.0063901,
      "contrastAgainstText": 5.388163,
      "origin": "synthetic:bg-neutral"
    },
    {
      "role": "Border",
      "rgb": {
        "r": 10,
        "g": 10,
        "b": 21
      },
      "hsv": [
        240.0,
        0.5238095,
        0.08235294
      ],
      "lab": [
        3.0327644,
        2.0449905,
        -5.565691
      ],
      "hex": "#0a0a15",
      "sourceClusterIndex": 3,
      "confidence": 0.8,
      "origin": "cluster"
    },
    {
      "role": "ActiveItem",
      "rgb": {
        "r": 255,
        "g": 254,
        "b": 255
      },
      "hsv": [
        300.0,
        0.0039215684,
        1.0
      ],
      "lab": [
        99.75343,
        0.5042553,
        -0.36016703
      ],
      "hex": "#fffeff",
      "sourceClusterIndex": 7,
      "confidence": 0.7,
      "contrastAgainstBackground": 3.8968573,
      "contrastAgainstText": 20.86358,
      "origin": "adjusted:7:+1.6"
    },
    {
      "role": "HighlightText",
      "rgb": {
        "r": 0,
        "g": 0,
        "b": 1
      },
      "hsv": [
        240.0,
        1.0,
        0.003921569
      ],
      "lab": [
        0.019788742,
        0.13905764,
        -0.3784567
      ],
      "hex": "#000001",
      "confidence": 0.9,
      "contrastAgainstBackground": 20.86358,
      "origin": "text"
    },
    {
      "role": "Frame",
      "rgb": {
        "r": 222,
        "g": 225,
        "b": 242
      },
      "hsv": [
        231.0,
        0.08264463,
        0.9490196
      ],
      "lab": [
        89.76191,
        2.1765828,
        -8.605612
      ],
      "hex": "#dee1f2",
      "confidence": 0.65,
      "contrastAgainstBackground": 3.0166674,
      "contrastAgainstText": 16.151089,
      "origin": "background_adjusted:+36.0"
    },
    {
      "role": "HeaderAccent",
      "rgb": {
        "r": 0,
        "g": 0,
        "b": 0
      },
      "hsv": [
        0.0,
        0.0,
        0.0
      ],
      "lab": [
        0.0,
        0.0,
        0.0
      ],
      "hex": "#000000",
      "confidence": 0.6,
      "contrastAgainstBackground": 5.3562975,
      "contrastAgainstText": 1.0004383,
      "origin": "header_accent:black"
    },
    {
      "role": "InactiveItem",
      "rgb": {
        "r": 10,
        "g": 10,
        "b": 21
      },
      "hsv": [
        240.0,
        0.5238095,
        0.08235294
      ],
      "lab": [
        3.0327644,
        2.0449905,
        -5.565691
      ],
      "hex": "#0a0a15",
      "sourceClusterIndex": 3,
      "confidence": 0.7,
      "origin": "cluster"
    },
    {
      "role": "ProgressBar",
      "rgb": {
        "r": 129,
        "g": 129,
        "b": 129
      },
      "hsv": [
        0.0,
        0.0,
        0.5058824
      ],
      "lab": [
        53.976707,
        -0.000029802322,
        0.000011920929
      ],
      "hex": "#818181",
      "confidence": 0.45,
      "contrastAgainstBackground": 1.0063901,
      "contrastAgainstText": 5.388163,
      "origin": "synthetic:bg-neutral"
    },
    {
      "role": "Scrollbar",
      "rgb": {
        "r": 255,
        "g": 254,
        "b": 255
      },
      "hsv": [
        300.0,
        0.0039215684,
        1.0
      ],
      "lab": [
        99.75343,
        0.5042553,
        -0.36016703
      ],
      "hex": "#fffeff",
      "sourceClusterIndex": 7,
      "confidence": 0.7,
      "contrastAgainstBackground": 3.8968573,
      "contrastAgainstText": 20.86358,
      "origin": "adjusted:7:+1.6"
    }
  ],
  "totalSamples": 15625,
  "iterations": 27,
  "durationMs": 43.769677,
  "colorSpace": "CIELAB",
  "scrollbarEnabled": true
}
[2026-06-09 11:57:43] Theme generated successfully: /home/vlvin/.config/rmpc/themes/current-song.ron
[2026-06-09 11:57:43] ========== Theme Update Complete ==========

[2026-06-09 11:59:12] ========== Song Change Detected ==========
[2026-06-09 11:59:12] File: Hollow Knight Soundtrack Collection by Christopher Larkin [FLAC]/2017 - Hollow Knight (Original Soundtrack)/02. Dirtmouth.flac
[2026-06-09 11:59:12] Artist: Christopher Larkin
[2026-06-09 11:59:12] Title: Dirtmouth
[2026-06-09 11:59:12] Extracting album art...
[2026-06-09 11:59:12] Album art extracted successfully
[2026-06-09 11:59:12] Album art hash unchanged; skipping theme generation (skip_count=70)
[2026-06-09 12:01:07] ========== Song Change Detected ==========
[2026-06-09 12:01:07] File: Hollow Knight Soundtrack Collection by Christopher Larkin [FLAC]/2017 - Hollow Knight (Original Soundtrack)/03. Crossroads.flac
[2026-06-09 12:01:07] Artist: Christopher Larkin
[2026-06-09 12:01:07] Title: Crossroads
[2026-06-09 12:01:07] Extracting album art...
[2026-06-09 12:01:07] Album art extracted successfully
[2026-06-09 12:01:07] Album art hash unchanged; skipping theme generation (skip_count=71)
[2026-06-09 12:02:16] ========== Song Change Detected ==========
[2026-06-09 12:02:16] File: Hollow Knight Soundtrack Collection by Christopher Larkin [FLAC]/2017 - Hollow Knight (Original Soundtrack)/01. Enter Hallownest.flac
[2026-06-09 12:02:16] Artist: Christopher Larkin
[2026-06-09 12:02:16] Title: Enter Hallownest
[2026-06-09 12:02:16] Extracting album art...
[2026-06-09 12:02:16] Album art extracted successfully
[2026-06-09 12:02:16] Album art hash unchanged; skipping theme generation (skip_count=72)
[2026-06-09 12:02:20] ========== Song Change Detected ==========
[2026-06-09 12:02:20] File: Hollow Knight Soundtrack Collection by Christopher Larkin [FLAC]/2017 - Hollow Knight (Original Soundtrack)/03. Crossroads.flac
[2026-06-09 12:02:20] Artist: Christopher Larkin
[2026-06-09 12:02:20] Title: Crossroads
[2026-06-09 12:02:20] Extracting album art...
[2026-06-09 12:02:21] Album art extracted successfully
[2026-06-09 12:02:21] Album art hash unchanged; skipping theme generation (skip_count=73)
[2026-06-09 13:02:41] ========== Song Change Detected ==========
[2026-06-09 13:02:41] File: Hollow Knight Soundtrack Collection by Christopher Larkin [FLAC]/2017 - Hollow Knight (Original Soundtrack)/04. False Knight.flac
[2026-06-09 13:02:41] Artist: Christopher Larkin
[2026-06-09 13:02:41] Title: False Knight
[2026-06-09 13:02:41] Extracting album art...
[2026-06-09 13:02:41] Album art extracted successfully
[2026-06-09 13:02:42] Album art hash unchanged; skipping theme generation (skip_count=74)
[2026-06-09 13:05:46] ========== Song Change Detected ==========
[2026-06-09 13:05:46] File: Hollow Knight Soundtrack Collection by Christopher Larkin [FLAC]/2017 - Hollow Knight (Original Soundtrack)/05. Greenpath.flac
[2026-06-09 13:05:46] Artist: Christopher Larkin
[2026-06-09 13:05:46] Title: Greenpath
[2026-06-09 13:05:46] Extracting album art...
[2026-06-09 13:05:46] Album art extracted successfully
[2026-06-09 13:05:46] Album art hash unchanged; skipping theme generation (skip_count=75)
[2026-06-09 13:09:23] ========== Song Change Detected ==========
[2026-06-09 13:09:23] File: Hollow Knight Soundtrack Collection by Christopher Larkin [FLAC]/2017 - Hollow Knight (Original Soundtrack)/06. Hornet.flac
[2026-06-09 13:09:23] Artist: Christopher Larkin
[2026-06-09 13:09:23] Title: Hornet
[2026-06-09 13:09:23] Extracting album art...
[2026-06-09 13:09:23] Album art extracted successfully
[2026-06-09 13:09:23] Album art hash unchanged; skipping theme generation (skip_count=76)
[2026-06-09 13:12:10] ========== Song Change Detected ==========
[2026-06-09 13:12:10] File: Hollow Knight Soundtrack Collection by Christopher Larkin [FLAC]/2017 - Hollow Knight (Original Soundtrack)/07. Reflection.flac
[2026-06-09 13:12:10] Artist: Christopher Larkin
[2026-06-09 13:12:10] Title: Reflection
[2026-06-09 13:12:10] Extracting album art...
[2026-06-09 13:12:10] Album art extracted successfully
[2026-06-09 13:12:10] Album art hash unchanged; skipping theme generation (skip_count=77)
[2026-06-09 13:13:49] ========== Song Change Detected ==========
[2026-06-09 13:13:49] File: Hollow Knight Soundtrack Collection by Christopher Larkin [FLAC]/2017 - Hollow Knight (Original Soundtrack)/08. Mantis Lords.flac
[2026-06-09 13:13:49] Artist: Christopher Larkin
[2026-06-09 13:13:49] Title: Mantis Lords
[2026-06-09 13:13:49] Extracting album art...
[2026-06-09 13:13:49] Album art extracted successfully
[2026-06-09 13:13:49] Album art hash unchanged; skipping theme generation (skip_count=78)
[2026-06-09 13:18:52] ========== Song Change Detected ==========
[2026-06-09 13:18:52] File: Hollow Knight Soundtrack Collection by Christopher Larkin [FLAC]/2017 - Hollow Knight (Original Soundtrack)/09. City of Tears.flac
[2026-06-09 13:18:52] Artist: Christopher Larkin
[2026-06-09 13:18:52] Title: City of Tears
[2026-06-09 13:18:52] Extracting album art...
[2026-06-09 13:18:52] Album art extracted successfully
[2026-06-09 13:18:52] Album art hash unchanged; skipping theme generation (skip_count=79)
[2026-06-09 13:21:51] ========== Song Change Detected ==========
[2026-06-09 13:21:51] File: Hollow Knight Soundtrack Collection by Christopher Larkin [FLAC]/2017 - Hollow Knight (Original Soundtrack)/10. Dung Defender.flac
[2026-06-09 13:21:51] Artist: Christopher Larkin
[2026-06-09 13:21:51] Title: Dung Defender
[2026-06-09 13:21:51] Extracting album art...
[2026-06-09 13:21:51] Album art extracted successfully
[2026-06-09 13:21:51] Album art hash unchanged; skipping theme generation (skip_count=80)
[2026-06-09 13:23:58] ========== Song Change Detected ==========
[2026-06-09 13:23:58] File: Hollow Knight Soundtrack Collection by Christopher Larkin [FLAC]/2017 - Hollow Knight (Original Soundtrack)/11. Crystal Peak.flac
[2026-06-09 13:23:58] Artist: Christopher Larkin
[2026-06-09 13:23:58] Title: Crystal Peak
[2026-06-09 13:23:58] Extracting album art...
[2026-06-09 13:23:58] Album art extracted successfully
[2026-06-09 13:23:58] Album art hash unchanged; skipping theme generation (skip_count=81)
[2026-06-09 13:28:06] ========== Song Change Detected ==========
[2026-06-09 13:28:06] File: Hollow Knight Soundtrack Collection by Christopher Larkin [FLAC]/2017 - Hollow Knight (Original Soundtrack)/12. Fungal Wastes.flac
[2026-06-09 13:28:06] Artist: Christopher Larkin
[2026-06-09 13:28:06] Title: Fungal Wastes
[2026-06-09 13:28:06] Extracting album art...
[2026-06-09 13:28:06] Album art extracted successfully
[2026-06-09 13:28:06] Album art hash unchanged; skipping theme generation (skip_count=82)
[2026-06-09 13:31:11] ========== Song Change Detected ==========
[2026-06-09 13:31:11] File: Hollow Knight Soundtrack Collection by Christopher Larkin [FLAC]/2017 - Hollow Knight (Original Soundtrack)/13. Decisive Battle.flac
[2026-06-09 13:31:11] Artist: Christopher Larkin
[2026-06-09 13:31:11] Title: Decisive Battle
[2026-06-09 13:31:11] Extracting album art...
[2026-06-09 13:31:11] Album art extracted successfully
[2026-06-09 13:31:11] Album art hash unchanged; skipping theme generation (skip_count=83)
[2026-06-09 13:33:16] ========== Song Change Detected ==========
[2026-06-09 13:33:16] File: Hollow Knight Soundtrack Collection by Christopher Larkin [FLAC]/2017 - Hollow Knight (Original Soundtrack)/14. Soul Sanctum.flac
[2026-06-09 13:33:16] Artist: Christopher Larkin
[2026-06-09 13:33:16] Title: Soul Sanctum
[2026-06-09 13:33:16] Extracting album art...
[2026-06-09 13:33:16] Album art extracted successfully
[2026-06-09 13:33:16] Album art hash unchanged; skipping theme generation (skip_count=84)
[2026-06-09 13:37:47] ========== Song Change Detected ==========
[2026-06-09 13:37:47] File: Hollow Knight Soundtrack Collection by Christopher Larkin [FLAC]/2017 - Hollow Knight (Original Soundtrack)/15. Resting Grounds.flac
[2026-06-09 13:37:47] Artist: Christopher Larkin
[2026-06-09 13:37:47] Title: Resting Grounds
[2026-06-09 13:37:47] Extracting album art...
[2026-06-09 13:37:47] Album art extracted successfully
[2026-06-09 13:37:47] Album art hash unchanged; skipping theme generation (skip_count=85)
[2026-06-09 13:40:00] ========== Song Change Detected ==========
[2026-06-09 13:40:00] File: Hollow Knight Soundtrack Collection by Christopher Larkin [FLAC]/2017 - Hollow Knight (Original Soundtrack)/16. Queen's Gardens.flac
[2026-06-09 13:40:00] Artist: Christopher Larkin
[2026-06-09 13:40:00] Title: Queen's Gardens
[2026-06-09 13:40:00] Extracting album art...
[2026-06-09 13:40:00] Album art extracted successfully
[2026-06-09 13:40:00] Album art hash unchanged; skipping theme generation (skip_count=86)
[2026-06-09 13:51:29] ========== Song Change Detected ==========
[2026-06-09 13:51:29] File: Hollow Knight Soundtrack Collection by Christopher Larkin [FLAC]/2017 - Hollow Knight (Original Soundtrack)/17. The White Lady.flac
[2026-06-09 13:51:29] Artist: Christopher Larkin
[2026-06-09 13:51:29] Title: The White Lady
[2026-06-09 13:51:29] Extracting album art...
[2026-06-09 13:51:29] Album art extracted successfully
[2026-06-09 13:51:29] Album art hash unchanged; skipping theme generation (skip_count=87)
[2026-06-09 13:52:49] ========== Song Change Detected ==========
[2026-06-09 13:52:49] File: Hollow Knight Soundtrack Collection by Christopher Larkin [FLAC]/2017 - Hollow Knight (Original Soundtrack)/18. Broken Vessel.flac
[2026-06-09 13:52:49] Artist: Christopher Larkin
[2026-06-09 13:52:49] Title: Broken Vessel
[2026-06-09 13:52:49] Extracting album art...
[2026-06-09 13:52:49] Album art extracted successfully
[2026-06-09 13:52:49] Album art hash unchanged; skipping theme generation (skip_count=88)
[2026-06-09 14:05:54] ========== Song Change Detected ==========
[2026-06-09 14:05:54] File: Hollow Knight Soundtrack Collection by Christopher Larkin [FLAC]/2017 - Hollow Knight (Original Soundtrack)/19. Kingdom's Edge.flac
[2026-06-09 14:05:54] Artist: Christopher Larkin
[2026-06-09 14:05:54] Title: Kingdom's Edge
[2026-06-09 14:05:54] Extracting album art...
[2026-06-09 14:05:54] Album art extracted successfully
[2026-06-09 14:05:54] Album art hash unchanged; skipping theme generation (skip_count=89)
[2026-06-09 14:08:16] ========== Song Change Detected ==========
[2026-06-09 14:08:16] File: Hollow Knight Soundtrack Collection by Christopher Larkin [FLAC]/2017 - Hollow Knight (Original Soundtrack)/20. Nosk.flac
[2026-06-09 14:08:16] Artist: Christopher Larkin
[2026-06-09 14:08:16] Title: Nosk
[2026-06-09 14:08:16] Extracting album art...
[2026-06-09 14:08:16] Album art extracted successfully
[2026-06-09 14:08:16] Album art hash unchanged; skipping theme generation (skip_count=90)
[2026-06-09 14:10:06] ========== Song Change Detected ==========
[2026-06-09 14:10:06] File: Hollow Knight Soundtrack Collection by Christopher Larkin [FLAC]/2017 - Hollow Knight (Original Soundtrack)/21. Dream.flac
[2026-06-09 14:10:06] Artist: Christopher Larkin
[2026-06-09 14:10:06] Title: Dream
[2026-06-09 14:10:06] Extracting album art...
[2026-06-09 14:10:06] Album art extracted successfully
[2026-06-09 14:10:06] Album art hash unchanged; skipping theme generation (skip_count=91)
[2026-06-09 14:12:07] ========== Song Change Detected ==========
[2026-06-09 14:12:07] File: Hollow Knight Soundtrack Collection by Christopher Larkin [FLAC]/2017 - Hollow Knight (Original Soundtrack)/22. Dream Battle.flac
[2026-06-09 14:12:07] Artist: Christopher Larkin
[2026-06-09 14:12:07] Title: Dream Battle
[2026-06-09 14:12:07] Extracting album art...
[2026-06-09 14:12:07] Album art extracted successfully
[2026-06-09 14:12:07] Album art hash unchanged; skipping theme generation (skip_count=92)
[2026-06-09 14:14:33] ========== Song Change Detected ==========
[2026-06-09 14:14:33] File: Hollow Knight Soundtrack Collection by Christopher Larkin [FLAC]/2017 - Hollow Knight (Original Soundtrack)/23. White Palace.flac
[2026-06-09 14:14:33] Artist: Christopher Larkin
[2026-06-09 14:14:33] Title: White Palace
[2026-06-09 14:14:33] Extracting album art...
[2026-06-09 14:14:33] Album art extracted successfully
[2026-06-09 14:14:33] Album art hash unchanged; skipping theme generation (skip_count=93)
[2026-06-09 14:18:52] ========== Song Change Detected ==========
[2026-06-09 14:18:52] File: Hollow Knight Soundtrack Collection by Christopher Larkin [FLAC]/2017 - Hollow Knight (Original Soundtrack)/24. Sealed Vessel.flac
[2026-06-09 14:18:52] Artist: Christopher Larkin
[2026-06-09 14:18:52] Title: Sealed Vessel
[2026-06-09 14:18:52] Extracting album art...
[2026-06-09 14:18:52] Album art extracted successfully
[2026-06-09 14:18:52] Album art hash unchanged; skipping theme generation (skip_count=94)
[2026-06-09 14:24:37] ========== Song Change Detected ==========
[2026-06-09 14:24:37] File: Hollow Knight Soundtrack Collection by Christopher Larkin [FLAC]/2017 - Hollow Knight (Original Soundtrack)/25. Radiance.flac
[2026-06-09 14:24:37] Artist: Christopher Larkin
[2026-06-09 14:24:37] Title: Radiance
[2026-06-09 14:24:37] Extracting album art...
[2026-06-09 14:24:37] Album art extracted successfully
[2026-06-09 14:24:37] Album art hash unchanged; skipping theme generation (skip_count=95)
[2026-06-09 14:26:55] ========== Song Change Detected ==========
[2026-06-09 14:26:55] File: Hollow Knight Soundtrack Collection by Christopher Larkin [FLAC]/2017 - Hollow Knight (Original Soundtrack)/26. Hollow Knight.flac
[2026-06-09 14:26:55] Artist: Christopher Larkin
[2026-06-09 14:26:55] Title: Hollow Knight
[2026-06-09 14:26:55] Extracting album art...
[2026-06-09 14:26:55] Album art extracted successfully
[2026-06-09 14:26:55] Album art hash unchanged; skipping theme generation (skip_count=96)
[2026-06-09 14:28:59] ========== Song Change Detected ==========
[2026-06-09 14:28:59] File: April Rain - 2016 - A Melting Snowman (EP)/01 - I Wrote This Instead of a Letter.mp3
[2026-06-09 14:28:59] Artist: April Rain
[2026-06-09 14:28:59] Title: I Wrote This Instead of a Letter
[2026-06-09 14:28:59] Extracting album art...
[38;5;3mWARN[0m: Expected binary data but got 'OK' 
[38;5;1mERROR[0m: Read MPD line with error line="ACK [50@0] {albumart} No file exists" 
[38;5;1mERROR[0m: Read MPD line with error line="ACK [50@0] {albumart} No file exists" 
[2026-06-09 14:28:59] ERROR: Album art extraction failed
[2026-06-09 14:31:36] ========== Song Change Detected ==========
[2026-06-09 14:31:36] File: April Rain - 2016 - A Melting Snowman (EP)/02 - Downpour.mp3
[2026-06-09 14:31:36] Artist: April Rain
[2026-06-09 14:31:36] Title: Downpour
[2026-06-09 14:31:36] Extracting album art...
[38;5;3mWARN[0m: Expected binary data but got 'OK' 
[38;5;1mERROR[0m: Read MPD line with error line="ACK [50@0] {albumart} No file exists" 
[38;5;1mERROR[0m: Read MPD line with error line="ACK [50@0] {albumart} No file exists" 
[2026-06-09 14:31:36] ERROR: Album art extraction failed
[2026-06-09 14:35:45] ========== Song Change Detected ==========
[2026-06-09 14:35:45] File: April Rain - 2016 - A Melting Snowman (EP)/03 - Melting Snowman.mp3
[2026-06-09 14:35:45] Artist: April Rain
[2026-06-09 14:35:45] Title: Melting Snowman
[2026-06-09 14:35:45] Extracting album art...
[38;5;3mWARN[0m: Expected binary data but got 'OK' 
[38;5;1mERROR[0m: Read MPD line with error line="ACK [50@0] {albumart} No file exists" 
[38;5;1mERROR[0m: Read MPD line with error line="ACK [50@0] {albumart} No file exists" 
[2026-06-09 14:35:45] ERROR: Album art extraction failed
[2026-06-09 14:38:56] ========== Song Change Detected ==========
[2026-06-09 14:38:56] File: April Rain - 2016 - A Melting Snowman (EP)/04 - Dontclosethedoorandletmein.mp3
[2026-06-09 14:38:56] Artist: April Rain
[2026-06-09 14:38:56] Title: Dontclosethedoorandletmein
[2026-06-09 14:38:56] Extracting album art...
[38;5;3mWARN[0m: Expected binary data but got 'OK' 
[38;5;1mERROR[0m: Read MPD line with error line="ACK [50@0] {albumart} No file exists" 
[38;5;1mERROR[0m: Read MPD line with error line="ACK [50@0] {albumart} No file exists" 
[2026-06-09 14:38:56] ERROR: Album art extraction failed
[2026-06-09 14:42:49] ========== Song Change Detected ==========
[2026-06-09 14:42:49] File: April Rain - 2016 - A Melting Snowman (EP)/05 - Take Care.mp3
[2026-06-09 14:42:49] Artist: April Rain
[2026-06-09 14:42:49] Title: Take Care
[2026-06-09 14:42:49] Extracting album art...
[38;5;3mWARN[0m: Expected binary data but got 'OK' 
[38;5;1mERROR[0m: Read MPD line with error line="ACK [50@0] {albumart} No file exists" 
[38;5;1mERROR[0m: Read MPD line with error line="ACK [50@0] {albumart} No file exists" 
[2026-06-09 14:42:49] ERROR: Album art extraction failed
[2026-06-09 19:27:46] ========== Song Change Detected ==========
[2026-06-09 19:27:46] File: April Rain - 2016 - A Melting Snowman (EP)/06 - When Birds Will Break Through My Chest.mp3
[2026-06-09 19:27:46] Artist: April Rain
[2026-06-09 19:27:46] Title: When Birds Will Break Through My Chest
[2026-06-09 19:27:46] Extracting album art...
[38;5;3mWARN[0m: Expected binary data but got 'OK' 
[38;5;1mERROR[0m: Read MPD line with error line="ACK [50@0] {albumart} No file exists" 
[38;5;1mERROR[0m: Read MPD line with error line="ACK [50@0] {albumart} No file exists" 
[2026-06-09 19:27:46] ERROR: Album art extraction failed
[2026-06-09 19:30:55] ========== Song Change Detected ==========
[2026-06-09 19:30:55] File: April Rain - 2016 - A Melting Snowman (EP)/07 - Words I Can Not Say.mp3
[2026-06-09 19:30:55] Artist: April Rain
[2026-06-09 19:30:55] Title: Words I Can Not Say
[2026-06-09 19:30:55] Extracting album art...
[38;5;3mWARN[0m: Expected binary data but got 'OK' 
[38;5;1mERROR[0m: Read MPD line with error line="ACK [50@0] {albumart} No file exists" 
[38;5;1mERROR[0m: Read MPD line with error line="ACK [50@0] {albumart} No file exists" 
[2026-06-09 19:30:55] ERROR: Album art extraction failed
[2026-06-09 19:34:32] ========== Song Change Detected ==========
[2026-06-09 19:34:32] File: April Rain - 2016 - A Melting Snowman (EP)/08 - Seasons Pass In Your Eyes.mp3
[2026-06-09 19:34:32] Artist: April Rain
[2026-06-09 19:34:32] Title: Seasons Pass In Your Eyes
[2026-06-09 19:34:32] Extracting album art...
[38;5;3mWARN[0m: Expected binary data but got 'OK' 
[38;5;1mERROR[0m: Read MPD line with error line="ACK [50@0] {albumart} No file exists" 
[38;5;1mERROR[0m: Read MPD line with error line="ACK [50@0] {albumart} No file exists" 
[2026-06-09 19:34:32] ERROR: Album art extraction failed
[2026-06-09 19:40:22] ========== Song Change Detected ==========
[2026-06-09 19:40:22] File: April Rain - 2016 - A Melting Snowman (EP)/09 - Lullaby for Panda.mp3
[2026-06-09 19:40:22] Artist: April Rain
[2026-06-09 19:40:22] Title: Lullaby for Panda
[2026-06-09 19:40:22] Extracting album art...
[38;5;3mWARN[0m: Expected binary data but got 'OK' 
[38;5;1mERROR[0m: Read MPD line with error line="ACK [50@0] {albumart} No file exists" 
[38;5;1mERROR[0m: Read MPD line with error line="ACK [50@0] {albumart} No file exists" 
[2026-06-09 19:40:22] ERROR: Album art extraction failed
[2026-06-09 20:41:30] ========== Song Change Detected ==========
[2026-06-09 20:41:30] File: April Rain - 2016 - A Melting Snowman (EP)/01 - I Wrote This Instead of a Letter.mp3
[2026-06-09 20:41:30] Artist: April Rain
[2026-06-09 20:41:30] Title: I Wrote This Instead of a Letter
[2026-06-09 20:41:30] Extracting album art...
[38;5;3mWARN[0m: Expected binary data but got 'OK' 
[38;5;1mERROR[0m: Read MPD line with error line="ACK [50@0] {albumart} No file exists" 
[38;5;1mERROR[0m: Read MPD line with error line="ACK [50@0] {albumart} No file exists" 
[2026-06-09 20:41:30] ERROR: Album art extraction failed
[2026-06-09 20:41:41] ========== Song Change Detected ==========
[2026-06-09 20:41:41] File: April Rain - 2018 - To Whom It May Concern/01 - The Projector.mp3
[2026-06-09 20:41:41] Artist: April Rain
[2026-06-09 20:41:41] Title: The Projector
[2026-06-09 20:41:41] Extracting album art...
[2026-06-09 20:41:41] Album art extracted successfully
[2026-06-09 20:41:41] Generating theme (format: image/jpeg)...
Theme written to: /home/vlvin/.config/rmpc/themes/current-song.ron
{
  "version": "1.0.0",
  "clusters": [
    {
      "rgb": {
        "r": 219,
        "g": 210,
        "b": 204
      },
      "hsv": [
        24.0,
        0.06849314,
        0.85882354
      ],
      "lab": [
        84.747635,
        2.057284,
        4.0718913
      ],
      "count": 3500,
      "share": 0.11428571428571428
    },
    {
      "rgb": {
        "r": 228,
        "g": 222,
        "b": 219
      },
      "hsv": [
        20.0,
        0.039473683,
        0.89411765
      ],
      "lab": [
        88.85221,
        1.5123785,
        2.1906137
      ],
      "count": 3403,
      "share": 0.11111836734693878
    },
    {
      "rgb": {
        "r": 206,
        "g": 199,
        "b": 194
      },
      "hsv": [
        25.0,
        0.058252424,
        0.80784315
      ],
      "lab": [
        80.66319,
        1.5479326,
        3.3620715
      ],
      "count": 2517,
      "share": 0.08218775510204082
    },
    {
      "rgb": {
        "r": 211,
        "g": 197,
        "b": 187
      },
      "hsv": [
        25.0,
        0.113744065,
        0.827451
      ],
      "lab": [
        80.38731,
        3.2021105,
        6.7706823
      ],
      "count": 2145,
      "share": 0.07004081632653061
    },
    {
      "rgb": {
        "r": 194,
        "g": 183,
        "b": 177
      },
      "hsv": [
        21.176472,
        0.08762886,
        0.7607843
      ],
      "lab": [
        75.146225,
        2.8427541,
        4.4407606
      ],
      "count": 1766,
      "share": 0.05766530612244898
    },
    {
      "rgb": {
        "r": 228,
        "g": 229,
        "b": 235
      },
      "hsv": [
        231.42857,
        0.029787231,
        0.92156863
      ],
      "lab": [
        91.021484,
        0.75265765,
        -3.02943
      ],
      "count": 1682,
      "share": 0.05492244897959184
    },
    {
      "rgb": {
        "r": 236,
        "g": 238,
        "b": 240
      },
      "hsv": [
        210.0,
        0.016666666,
        0.9411765
      ],
      "lab": [
        94.000656,
        -0.30723214,
        -1.1983037
      ],
      "count": 1417,
      "share": 0.04626938775510204
    },
    {
      "rgb": {
        "r": 242,
        "g": 239,
        "b": 230
      },
      "hsv": [
        45.0,
        0.049586773,
        0.9490196
      ],
      "lab": [
        94.45062,
        -0.5475879,
        4.7005057
      ],
      "count": 1320,
      "share": 0.04310204081632653
    },
    {
      "rgb": {
        "r": 217,
        "g": 221,
        "b": 228
      },
      "hsv": [
        218.18181,
        0.048245613,
        0.89411765
      ],
      "lab": [
        88.00021,
        -0.05158782,
        -3.8905263
      ],
      "count": 1214,
      "share": 0.03964081632653061
    },
    {
      "rgb": {
        "r": 200,
        "g": 181,
        "b": 170
      },
      "hsv": [
        22.0,
        0.14999999,
        0.78431374
      ],
      "lab": [
        74.97002,
        4.947156,
        8.063639
      ],
      "count": 1207,
      "share": 0.039412244897959185
    },
    {
      "rgb": {
        "r": 18,
        "g": 14,
        "b": 10
      },
      "hsv": [
        29.999996,
        0.44444445,
        0.07058824
      ],
      "lab": [
        4.1967525,
        0.80661476,
        2.1940827
      ],
      "count": 1180,
      "share": 0.03853061224489796
    },
    {
      "rgb": {
        "r": 184,
        "g": 166,
        "b": 155
      },
      "hsv": [
        22.758621,
        0.15760869,
        0.72156864
      ],
      "lab": [
        69.34842,
        4.6763716,
        8.065772
      ],
      "count": 1108,
      "share": 0.03617959183673469
    },
    {
      "rgb": {
        "r": 248,
        "g": 248,
        "b": 248
      },
      "hsv": [
        0.0,
        0.0,
        0.972549
      ],
      "lab": [
        97.57902,
        -0.000029802322,
        0.0
      ],
      "count": 941,
      "share": 0.0307265306122449
    },
    {
      "rgb": {
        "r": 207,
        "g": 208,
        "b": 214
      },
      "hsv": [
        231.42857,
        0.032710277,
        0.8392157
      ],
      "lab": [
        83.56432,
        0.76803565,
        -3.0842423
      ],
      "count": 926,
      "share": 0.03023673469387755
    },
    {
      "rgb": {
        "r": 188,
        "g": 190,
        "b": 197
      },
      "hsv": [
        226.66666,
        0.045685276,
        0.77254903
      ],
      "lab": [
        77.01057,
        0.63338876,
        -3.759265
      ],
      "count": 580,
      "share": 0.018938775510204082
    },
    {
      "rgb": {
        "r": 29,
        "g": 29,
        "b": 31
      },
      "hsv": [
        240.0,
        0.06451613,
        0.12156863
      ],
      "lab": [
        10.841045,
        0.5161986,
        -1.3702035
      ],
      "count": 530,
      "share": 0.017306122448979593
    },
    {
      "rgb": {
        "r": 164,
        "g": 147,
        "b": 135
      },
      "hsv": [
        24.827587,
        0.17682925,
        0.6431373
      ],
      "lab": [
        62.091736,
        4.2707324,
        8.6507435
      ],
      "count": 528,
      "share": 0.01724081632653061
    },
    {
      "rgb": {
        "r": 61,
        "g": 59,
        "b": 58
      },
      "hsv": [
        20.0,
        0.049180325,
        0.23921569
      ],
      "lab": [
        25.031132,
        0.63823164,
        0.92362165
      ],
      "count": 510,
      "share": 0.016653061224489795
    },
    {
      "rgb": {
        "r": 167,
        "g": 167,
        "b": 172
      },
      "hsv": [
        240.0,
        0.029069765,
        0.6745098
      ],
      "lab": [
        68.62898,
        0.9595752,
        -2.572918
      ],
      "count": 480,
      "share": 0.0156734693877551
    },
    {
      "rgb": {
        "r": 44,
        "g": 43,
        "b": 44
      },
      "hsv": [
        300.0,
        0.022727272,
        0.17254902
      ],
      "lab": [
        17.668392,
        0.6869137,
        -0.4891932
      ],
      "count": 475,
      "share": 0.015510204081632653
    },
    {
      "rgb": {
        "r": 79,
        "g": 75,
        "b": 74
      },
      "hsv": [
        12.0,
        0.06329113,
        0.30980393
      ],
      "lab": [
        32.233124,
        1.4460832,
        1.1861026
      ],
      "count": 474,
      "share": 0.015477551020408164
    },
    {
      "rgb": {
        "r": 239,
        "g": 229,
        "b": 202
      },
      "hsv": [
        43.783783,
        0.15481171,
        0.9372549
      ],
      "lab": [
        91.07782,
        -0.9961724,
        14.391017
      ],
      "count": 446,
      "share": 0.01456326530612245
    },
    {
      "rgb": {
        "r": 143,
        "g": 123,
        "b": 107
      },
      "hsv": [
        26.666662,
        0.25174826,
        0.56078434
      ],
      "lab": [
        53.023598,
        5.065709,
        11.599911
      ],
      "count": 382,
      "share": 0.012473469387755102
    },
    {
      "rgb": {
        "r": 121,
        "g": 120,
        "b": 121
      },
      "hsv": [
        300.0,
        0.008264462,
        0.4745098
      ],
      "lab": [
        50.544617,
        0.57917833,
        -0.4133463
      ],
      "count": 368,
      "share": 0.012016326530612244
    },
    {
      "rgb": {
        "r": 98,
        "g": 96,
        "b": 97
      },
      "hsv": [
        330.0,
        0.020408161,
        0.38431373
      ],
      "lab": [
        40.93745,
        0.9960532,
        -0.28924346
      ],
      "count": 359,
      "share": 0.011722448979591836
    },
    {
      "rgb": {
        "r": 143,
        "g": 143,
        "b": 146
      },
      "hsv": [
        240.0,
        0.020547943,
        0.57254905
      ],
      "lab": [
        59.489,
        0.5899668,
        -1.5891075
      ],
      "count": 345,
      "share": 0.011265306122448979
    },
    {
      "rgb": {
        "r": 115,
        "g": 96,
        "b": 83
      },
      "hsv": [
        24.375,
        0.27826086,
        0.4509804
      ],
      "lab": [
        42.208958,
        5.4839554,
        10.288155
      ],
      "count": 305,
      "share": 0.009959183673469388
    },
    {
      "rgb": {
        "r": 170,
        "g": 145,
        "b": 120
      },
      "hsv": [
        30.000004,
        0.29411766,
        0.6666667
      ],
      "lab": [
        61.78689,
        5.4976344,
        16.75465
      ],
      "count": 293,
      "share": 0.00956734693877551
    },
    {
      "rgb": {
        "r": 206,
        "g": 186,
        "b": 158
      },
      "hsv": [
        35.0,
        0.2330097,
        0.80784315
      ],
      "lab": [
        76.50273,
        2.7014613,
        16.801239
      ],
      "count": 132,
      "share": 0.004310204081632653
    },
    {
      "rgb": {
        "r": 233,
        "g": 213,
        "b": 158
      },
      "hsv": [
        44.0,
        0.3218884,
        0.9137255
      ],
      "lab": [
        85.69682,
        -1.0846555,
        29.752731
      ],
      "count": 92,
      "share": 0.003004081632653061
    }
  ],
  "roleAssignments": [
    {
      "role": "Background",
      "rgb": {
        "r": 219,
        "g": 210,
        "b": 204
      },
      "hsv": [
        24.0,
        0.06849314,
        0.85882354
      ],
      "lab": [
        84.747635,
        2.057284,
        4.0718913
      ],
      "hex": "#dbd2cc",
      "sourceClusterIndex": 0,
      "confidence": 0.9,
      "origin": "cluster"
    },
    {
      "role": "Text",
      "rgb": {
        "r": 18,
        "g": 14,
        "b": 10
      },
      "hsv": [
        29.999996,
        0.44444445,
        0.07058824
      ],
      "lab": [
        4.1967525,
        0.80661476,
        2.1940827
      ],
      "hex": "#120e0a",
      "sourceClusterIndex": 10,
      "confidence": 0.9,
      "contrastAgainstBackground": 12.903605,
      "origin": "cluster"
    },
    {
      "role": "Accent",
      "rgb": {
        "r": 212,
        "g": 212,
        "b": 212
      },
      "hsv": [
        0.0,
        0.0,
        0.83137256
      ],
      "lab": [
        84.91345,
        0.0,
        0.0
      ],
      "hex": "#d4d4d4",
      "confidence": 0.45,
      "contrastAgainstBackground": 1.0046033,
      "contrastAgainstText": 12.963004,
      "origin": "synthetic:bg-neutral"
    },
    {
      "role": "Border",
      "rgb": {
        "r": 29,
        "g": 29,
        "b": 31
      },
      "hsv": [
        240.0,
        0.06451613,
        0.12156863
      ],
      "lab": [
        10.841045,
        0.5161986,
        -1.3702035
      ],
      "hex": "#1d1d1f",
      "sourceClusterIndex": 15,
      "confidence": 0.8,
      "origin": "cluster"
    },
    {
      "role": "ActiveItem",
      "rgb": {
        "r": 15,
        "g": 15,
        "b": 15
      },
      "hsv": [
        0.0,
        0.0,
        0.05882353
      ],
      "lab": [
        4.3150043,
        -0.0000074505806,
        0.0000029802322
      ],
      "hex": "#0f0f0f",
      "confidence": 0.45,
      "contrastAgainstBackground": 12.87273,
      "contrastAgainstText": 1.0023985,
      "origin": "synthetic:text-neutral"
    },
    {
      "role": "HighlightText",
      "rgb": {
        "r": 168,
        "g": 168,
        "b": 168
      },
      "hsv": [
        0.0,
        0.0,
        0.65882355
      ],
      "lab": [
        68.86502,
        0.0,
        0.0
      ],
      "hex": "#a8a8a8",
      "confidence": 0.65,
      "contrastAgainstBackground": 8.061283,
      "origin": "accent_adjusted:-16.0"
    },
    {
      "role": "Frame",
      "rgb": {
        "r": 122,
        "g": 114,
        "b": 109
      },
      "hsv": [
        23.076923,
        0.10655737,
        0.47843137
      ],
      "lab": [
        48.606636,
        2.1459758,
        3.877139
      ],
      "hex": "#7a726d",
      "confidence": 0.65,
      "contrastAgainstBackground": 3.1653733,
      "contrastAgainstText": 4.0764875,
      "origin": "background_adjusted:-36.0"
    },
    {
      "role": "HeaderAccent",
      "rgb": {
        "r": 0,
        "g": 0,
        "b": 0
      },
      "hsv": [
        0.0,
        0.0,
        0.0
      ],
      "lab": [
        0.0,
        0.0,
        0.0
      ],
      "hex": "#000000",
      "confidence": 0.6,
      "contrastAgainstBackground": 14.102579,
      "contrastAgainstText": 1.0929178,
      "origin": "header_accent:black"
    },
    {
      "role": "InactiveItem",
      "rgb": {
        "r": 29,
        "g": 29,
        "b": 31
      },
      "hsv": [
        240.0,
        0.06451613,
        0.12156863
      ],
      "lab": [
        10.841045,
        0.5161986,
        -1.3702035
      ],
      "hex": "#1d1d1f",
      "sourceClusterIndex": 15,
      "confidence": 0.7,
      "origin": "cluster"
    },
    {
      "role": "ProgressBar",
      "rgb": {
        "r": 212,
        "g": 212,
        "b": 212
      },
      "hsv": [
        0.0,
        0.0,
        0.83137256
      ],
      "lab": [
        84.91345,
        0.0,
        0.0
      ],
      "hex": "#d4d4d4",
      "confidence": 0.45,
      "contrastAgainstBackground": 1.0046033,
      "contrastAgainstText": 12.963004,
      "origin": "synthetic:bg-neutral"
    },
    {
      "role": "Scrollbar",
      "rgb": {
        "r": 15,
        "g": 15,
        "b": 15
      },
      "hsv": [
        0.0,
        0.0,
        0.05882353
      ],
      "lab": [
        4.3150043,
        -0.0000074505806,
        0.0000029802322
      ],
      "hex": "#0f0f0f",
      "confidence": 0.45,
      "contrastAgainstBackground": 12.87273,
      "contrastAgainstText": 1.0023985,
      "origin": "synthetic:text-neutral"
    }
  ],
  "totalSamples": 30625,
  "iterations": 40,
  "durationMs": 98.517511,
  "colorSpace": "CIELAB",
  "scrollbarEnabled": true
}
[2026-06-09 20:41:41] Theme generated successfully: /home/vlvin/.config/rmpc/themes/current-song.ron
[2026-06-09 20:41:41] ========== Theme Update Complete ==========

[2026-06-09 20:51:24] ========== Song Change Detected ==========
[2026-06-09 20:51:24] File: April Rain - 2018 - To Whom It May Concern/02 - Rust and Stardust.mp3
[2026-06-09 20:51:24] Artist: April Rain
[2026-06-09 20:51:24] Title: Rust and Stardust
[2026-06-09 20:51:24] Extracting album art...
[2026-06-09 20:51:24] Album art extracted successfully
[2026-06-09 20:51:24] Album art hash unchanged; skipping theme generation (skip_count=97)
[2026-06-09 21:16:47] ========== Song Change Detected ==========
[2026-06-09 21:16:47] File: April Rain - 2018 - To Whom It May Concern/03 - Cat`s Cradle.mp3
[2026-06-09 21:16:47] Artist: April Rain
[2026-06-09 21:16:47] Title: Cat`s Cradle
[2026-06-09 21:16:47] Extracting album art...
[2026-06-09 21:16:47] Album art extracted successfully
[2026-06-09 21:16:47] Album art hash unchanged; skipping theme generation (skip_count=98)
[2026-06-09 21:26:50] ========== Song Change Detected ==========
[2026-06-09 21:26:50] File: April Rain - 2018 - To Whom It May Concern/04 - Searching for Inevitabilities.mp3
[2026-06-09 21:26:50] Artist: April Rain
[2026-06-09 21:26:50] Title: Searching for Inevitabilities
[2026-06-09 21:26:50] Extracting album art...
[2026-06-09 21:26:50] Album art extracted successfully
[2026-06-09 21:26:50] Album art hash unchanged; skipping theme generation (skip_count=99)
[2026-06-09 21:29:47] ========== Song Change Detected ==========
[2026-06-09 21:29:47] File: C418 (FLAC)/Albums/2011 - 72 Minutes Of Fame/01. Timelapse Kingdom.flac
[2026-06-09 21:29:47] Artist: C418
[2026-06-09 21:29:47] Title: Timelapse Kingdom
[2026-06-09 21:29:47] Extracting album art...
[2026-06-09 21:29:47] Album art extracted successfully
[2026-06-09 21:29:47] Generating theme (format: image/png)...
Theme written to: /home/vlvin/.config/rmpc/themes/current-song.ron
{
  "version": "1.0.0",
  "clusters": [
    {
      "rgb": {
        "r": 145,
        "g": 199,
        "b": 39
      },
      "hsv": [
        80.25,
        0.8040201,
        0.78039217
      ],
      "lab": [
        74.19768,
        -39.264442,
        67.48879
      ],
      "count": 20380,
      "share": 0.665469387755102
    },
    {
      "rgb": {
        "r": 255,
        "g": 255,
        "b": 255
      },
      "hsv": [
        0.0,
        0.0,
        1.0
      ],
      "lab": [
        100.0,
        0.0,
        0.0
      ],
      "count": 2375,
      "share": 0.07755102040816327
    },
    {
      "rgb": {
        "r": 143,
        "g": 198,
        "b": 36
      },
      "hsv": [
        80.37037,
        0.8181818,
        0.7764706
      ],
      "lab": [
        73.77494,
        -39.705067,
        67.862045
      ],
      "count": 1048,
      "share": 0.034220408163265305
    },
    {
      "rgb": {
        "r": 150,
        "g": 201,
        "b": 48
      },
      "hsv": [
        79.99999,
        0.76119405,
        0.7882353
      ],
      "lab": [
        75.12046,
        -37.831573,
        65.79822
      ],
      "count": 494,
      "share": 0.01613061224489796
    },
    {
      "rgb": {
        "r": 233,
        "g": 244,
        "b": 212
      },
      "hsv": [
        80.625,
        0.13114753,
        0.95686275
      ],
      "lab": [
        94.64419,
        -9.122938,
        14.195919
      ],
      "count": 368,
      "share": 0.012016326530612244
    },
    {
      "rgb": {
        "r": 228,
        "g": 241,
        "b": 202
      },
      "hsv": [
        79.99999,
        0.16182572,
        0.94509804
      ],
      "lab": [
        93.30647,
        -10.946661,
        17.412233
      ],
      "count": 367,
      "share": 0.011983673469387755
    },
    {
      "rgb": {
        "r": 182,
        "g": 218,
        "b": 111
      },
      "hsv": [
        80.18691,
        0.49082568,
        0.85490197
      ],
      "lab": [
        82.50505,
        -28.553486,
        48.410416
      ],
      "count": 314,
      "share": 0.010253061224489796
    },
    {
      "rgb": {
        "r": 154,
        "g": 204,
        "b": 57
      },
      "hsv": [
        80.408165,
        0.72058827,
        0.8
      ],
      "lab": [
        76.28391,
        -37.16147,
        63.999355
      ],
      "count": 310,
      "share": 0.010122448979591837
    },
    {
      "rgb": {
        "r": 187,
        "g": 221,
        "b": 122
      },
      "hsv": [
        80.606064,
        0.4479638,
        0.8666667
      ],
      "lab": [
        83.80021,
        -26.915848,
        44.77489
      ],
      "count": 290,
      "share": 0.009469387755102041
    },
    {
      "rgb": {
        "r": 251,
        "g": 253,
        "b": 247
      },
      "hsv": [
        79.99999,
        0.023715414,
        0.99215686
      ],
      "lab": [
        99.01541,
        -1.7048419,
        2.633381
      ],
      "count": 282,
      "share": 0.009208163265306123
    },
    {
      "rgb": {
        "r": 237,
        "g": 246,
        "b": 220
      },
      "hsv": [
        80.76923,
        0.10569105,
        0.9647059
      ],
      "lab": [
        95.61525,
        -7.4519215,
        11.493528
      ],
      "count": 277,
      "share": 0.009044897959183673
    },
    {
      "rgb": {
        "r": 158,
        "g": 206,
        "b": 65
      },
      "hsv": [
        80.42553,
        0.68446606,
        0.80784315
      ],
      "lab": [
        77.15676,
        -36.040844,
        62.029404
      ],
      "count": 274,
      "share": 0.008946938775510204
    },
    {
      "rgb": {
        "r": 241,
        "g": 248,
        "b": 227
      },
      "hsv": [
        79.99999,
        0.08467741,
        0.972549
      ],
      "lab": [
        96.56697,
        -5.9369206,
        9.288036
      ],
      "count": 272,
      "share": 0.008881632653061225
    },
    {
      "rgb": {
        "r": 192,
        "g": 223,
        "b": 132
      },
      "hsv": [
        80.43956,
        0.40807173,
        0.8745098
      ],
      "lab": [
        84.81629,
        -24.854004,
        41.207947
      ],
      "count": 271,
      "share": 0.008848979591836734
    },
    {
      "rgb": {
        "r": 169,
        "g": 211,
        "b": 85
      },
      "hsv": [
        79.99999,
        0.5971564,
        0.827451
      ],
      "lab": [
        79.43077,
        -32.640545,
        56.496155
      ],
      "count": 254,
      "share": 0.008293877551020408
    },
    {
      "rgb": {
        "r": 224,
        "g": 239,
        "b": 194
      },
      "hsv": [
        79.99999,
        0.1882845,
        0.9372549
      ],
      "lab": [
        92.34279,
        -12.591213,
        20.144224
      ],
      "count": 249,
      "share": 0.008130612244897958
    },
    {
      "rgb": {
        "r": 247,
        "g": 251,
        "b": 240
      },
      "hsv": [
        81.818184,
        0.0438247,
        0.9843137
      ],
      "lab": [
        98.05744,
        -3.233105,
        4.8035264
      ],
      "count": 237,
      "share": 0.007738775510204082
    },
    {
      "rgb": {
        "r": 165,
        "g": 209,
        "b": 78
      },
      "hsv": [
        80.15267,
        0.6267943,
        0.81960785
      ],
      "lab": [
        78.54903,
        -33.806206,
        58.43637
      ],
      "count": 234,
      "share": 0.007640816326530612
    },
    {
      "rgb": {
        "r": 208,
        "g": 231,
        "b": 162
      },
      "hsv": [
        79.99999,
        0.2987013,
        0.90588236
      ],
      "lab": [
        88.52885,
        -19.010126,
        31.159437
      ],
      "count": 219,
      "share": 0.0071510204081632655
    },
    {
      "rgb": {
        "r": 220,
        "g": 237,
        "b": 186
      },
      "hsv": [
        79.99999,
        0.21518986,
        0.92941177
      ],
      "lab": [
        91.383,
        -14.22143,
        22.887075
      ],
      "count": 219,
      "share": 0.0071510204081632655
    },
    {
      "rgb": {
        "r": 173,
        "g": 213,
        "b": 93
      },
      "hsv": [
        79.99999,
        0.5633803,
        0.8352941
      ],
      "lab": [
        80.327095,
        -31.355112,
        54.043304
      ],
      "count": 217,
      "share": 0.0070857142857142855
    },
    {
      "rgb": {
        "r": 244,
        "g": 249,
        "b": 233
      },
      "hsv": [
        78.75,
        0.064257026,
        0.9764706
      ],
      "lab": [
        97.17388,
        -4.421234,
        7.1004033
      ],
      "count": 213,
      "share": 0.006955102040816326
    },
    {
      "rgb": {
        "r": 204,
        "g": 229,
        "b": 155
      },
      "hsv": [
        80.27027,
        0.32314408,
        0.8980392
      ],
      "lab": [
        87.602646,
        -20.43441,
        33.436157
      ],
      "count": 210,
      "share": 0.006857142857142857
    },
    {
      "rgb": {
        "r": 177,
        "g": 215,
        "b": 101
      },
      "hsv": [
        79.99999,
        0.53023255,
        0.84313726
      ],
      "lab": [
        81.22956,
        -30.028522,
        51.505947
      ],
      "count": 207,
      "share": 0.006759183673469388
    },
    {
      "rgb": {
        "r": 197,
        "g": 225,
        "b": 141
      },
      "hsv": [
        79.99999,
        0.3733333,
        0.88235295
      ],
      "lab": [
        85.82795,
        -22.86765,
        38.085926
      ],
      "count": 203,
      "share": 0.006628571428571429
    },
    {
      "rgb": {
        "r": 214,
        "g": 234,
        "b": 174
      },
      "hsv": [
        79.99999,
        0.25641024,
        0.91764706
      ],
      "lab": [
        89.95105,
        -16.636461,
        27.017439
      ],
      "count": 201,
      "share": 0.006563265306122449
    },
    {
      "rgb": {
        "r": 201,
        "g": 227,
        "b": 148
      },
      "hsv": [
        79.74684,
        0.3480176,
        0.8901961
      ],
      "lab": [
        86.74792,
        -21.475433,
        35.814537
      ],
      "count": 175,
      "share": 0.005714285714285714
    },
    {
      "rgb": {
        "r": 162,
        "g": 208,
        "b": 72
      },
      "hsv": [
        80.29411,
        0.6538461,
        0.8156863
      ],
      "lab": [
        78.028534,
        -34.941345,
        60.279644
      ],
      "count": 169,
      "share": 0.005518367346938775
    },
    {
      "rgb": {
        "r": 217,
        "g": 236,
        "b": 180
      },
      "hsv": [
        80.35715,
        0.23728812,
        0.9254902
      ],
      "lab": [
        90.79716,
        -15.68079,
        25.130188
      ],
      "count": 153,
      "share": 0.004995918367346939
    },
    {
      "rgb": {
        "r": 211,
        "g": 232,
        "b": 168
      },
      "hsv": [
        79.6875,
        0.27586204,
        0.9098039
      ],
      "lab": [
        89.106094,
        -17.582893,
        28.908587
      ],
      "count": 143,
      "share": 0.0046693877551020405
    }
  ],
  "roleAssignments": [
    {
      "role": "Background",
      "rgb": {
        "r": 145,
        "g": 199,
        "b": 39
      },
      "hsv": [
        80.25,
        0.8040201,
        0.78039217
      ],
      "lab": [
        74.19768,
        -39.264442,
        67.48879
      ],
      "hex": "#91c727",
      "sourceClusterIndex": 0,
      "confidence": 0.5,
      "origin": "cluster"
    },
    {
      "role": "Text",
      "rgb": {
        "r": 30,
        "g": 30,
        "b": 30
      },
      "hsv": [
        0.0,
        0.0,
        0.11764706
      ],
      "lab": [
        11.263611,
        -0.0000074505806,
        0.0000029802322
      ],
      "hex": "#1e1e1e",
      "confidence": 0.45,
      "contrastAgainstBackground": 8.258268,
      "origin": "synthetic"
    },
    {
      "role": "Accent",
      "rgb": {
        "r": 182,
        "g": 182,
        "b": 182
      },
      "hsv": [
        0.0,
        0.0,
        0.7137255
      ],
      "lab": [
        74.04779,
        -0.000029802322,
        0.000011920929
      ],
      "hex": "#b6b6b6",
      "confidence": 0.45,
      "contrastAgainstBackground": 1.0045328,
      "contrastAgainstText": 8.2210045,
      "origin": "synthetic:bg-neutral"
    },
    {
      "role": "Border",
      "rgb": {
        "r": 255,
        "g": 255,
        "b": 255
      },
      "hsv": [
        0.0,
        0.0,
        1.0
      ],
      "lab": [
        100.0,
        0.0,
        0.0
      ],
      "hex": "#ffffff",
      "sourceClusterIndex": 1,
      "confidence": 0.8,
      "origin": "cluster"
    },
    {
      "role": "ActiveItem",
      "rgb": {
        "r": 30,
        "g": 30,
        "b": 30
      },
      "hsv": [
        0.0,
        0.0,
        0.11764706
      ],
      "lab": [
        11.263611,
        -0.0000074505806,
        0.0000029802322
      ],
      "hex": "#1e1e1e",
      "confidence": 0.45,
      "contrastAgainstBackground": 8.258268,
      "contrastAgainstText": 1.0,
      "origin": "synthetic:text-neutral"
    },
    {
      "role": "HighlightText",
      "rgb": {
        "r": 226,
        "g": 226,
        "b": 226
      },
      "hsv": [
        0.0,
        0.0,
        0.8862745
      ],
      "lab": [
        89.883705,
        -0.000029802322,
        0.000011920929
      ],
      "hex": "#e2e2e2",
      "confidence": 0.65,
      "contrastAgainstBackground": 12.868936,
      "origin": "accent_adjusted:+16.0"
    },
    {
      "role": "Frame",
      "rgb": {
        "r": 43,
        "g": 104,
        "b": 0
      },
      "hsv": [
        95.19231,
        1.0,
        0.40784314
      ],
      "lab": [
        38.57497,
        -36.74565,
        44.139847
      ],
      "hex": "#2b6800",
      "confidence": 0.65,
      "contrastAgainstBackground": 3.374357,
      "contrastAgainstText": 2.4473605,
      "origin": "background_adjusted:-36.0"
    },
    {
      "role": "HeaderAccent",
      "rgb": {
        "r": 0,
        "g": 0,
        "b": 0
      },
      "hsv": [
        0.0,
        0.0,
        0.0
      ],
      "lab": [
        0.0,
        0.0,
        0.0
      ],
      "hex": "#000000",
      "confidence": 0.6,
      "contrastAgainstBackground": 10.4026165,
      "contrastAgainstText": 1.2596607,
      "origin": "header_accent:black"
    },
    {
      "role": "InactiveItem",
      "rgb": {
        "r": 255,
        "g": 255,
        "b": 255
      },
      "hsv": [
        0.0,
        0.0,
        1.0
      ],
      "lab": [
        100.0,
        0.0,
        0.0
      ],
      "hex": "#ffffff",
      "sourceClusterIndex": 1,
      "confidence": 0.7,
      "origin": "cluster"
    },
    {
      "role": "ProgressBar",
      "rgb": {
        "r": 182,
        "g": 182,
        "b": 182
      },
      "hsv": [
        0.0,
        0.0,
        0.7137255
      ],
      "lab": [
        74.04779,
        -0.000029802322,
        0.000011920929
      ],
      "hex": "#b6b6b6",
      "confidence": 0.45,
      "contrastAgainstBackground": 1.0045328,
      "contrastAgainstText": 8.2210045,
      "origin": "synthetic:bg-neutral"
    },
    {
      "role": "Scrollbar",
      "rgb": {
        "r": 30,
        "g": 30,
        "b": 30
      },
      "hsv": [
        0.0,
        0.0,
        0.11764706
      ],
      "lab": [
        11.263611,
        -0.0000074505806,
        0.0000029802322
      ],
      "hex": "#1e1e1e",
      "confidence": 0.45,
      "contrastAgainstBackground": 8.258268,
      "contrastAgainstText": 1.0,
      "origin": "synthetic:text-neutral"
    }
  ],
  "totalSamples": 30625,
  "iterations": 12,
  "durationMs": 47.027556999999995,
  "colorSpace": "CIELAB",
  "scrollbarEnabled": true
}
[2026-06-09 21:29:47] Theme generated successfully: /home/vlvin/.config/rmpc/themes/current-song.ron
[2026-06-09 21:29:47] ========== Theme Update Complete ==========

[2026-06-09 21:31:10] ========== Song Change Detected ==========
[2026-06-09 21:31:10] File: C418 (FLAC)/Albums/2011 - Minecraft - Volume Alpha/01. Key.flac
[2026-06-09 21:31:10] Artist: C418
[2026-06-09 21:31:10] Title: Key
[2026-06-09 21:31:10] Extracting album art...
[2026-06-09 21:31:10] Album art extracted successfully
[2026-06-09 21:31:10] Generating theme (format: image/jpeg)...
Theme written to: /home/vlvin/.config/rmpc/themes/current-song.ron
{
  "version": "1.0.0",
  "clusters": [
    {
      "rgb": {
        "r": 45,
        "g": 79,
        "b": 26
      },
      "hsv": [
        98.49056,
        0.6708861,
        0.30980393
      ],
      "lab": [
        29.971264,
        -23.30415,
        26.806604
      ],
      "count": 2704,
      "share": 0.0882938775510204
    },
    {
      "rgb": {
        "r": 127,
        "g": 85,
        "b": 55
      },
      "hsv": [
        25.000004,
        0.5669291,
        0.49803922
      ],
      "lab": [
        40.057854,
        13.930649,
        24.446
      ],
      "count": 1997,
      "share": 0.06520816326530612
    },
    {
      "rgb": {
        "r": 38,
        "g": 67,
        "b": 21
      },
      "hsv": [
        97.82609,
        0.6865672,
        0.2627451
      ],
      "lab": [
        25.199902,
        -20.60008,
        23.967371
      ],
      "count": 1916,
      "share": 0.06256326530612245
    },
    {
      "rgb": {
        "r": 50,
        "g": 87,
        "b": 29
      },
      "hsv": [
        98.27586,
        0.6666667,
        0.34117648
      ],
      "lab": [
        33.098793,
        -24.972052,
        28.848654
      ],
      "count": 1916,
      "share": 0.06256326530612245
    },
    {
      "rgb": {
        "r": 29,
        "g": 48,
        "b": 18
      },
      "hsv": [
        98.0,
        0.625,
        0.1882353
      ],
      "lab": [
        17.546967,
        -14.540821,
        16.652607
      ],
      "count": 1887,
      "share": 0.06161632653061225
    },
    {
      "rgb": {
        "r": 30,
        "g": 55,
        "b": 17
      },
      "hsv": [
        99.47369,
        0.690909,
        0.21568628
      ],
      "lab": [
        20.238144,
        -18.09746,
        20.41324
      ],
      "count": 1818,
      "share": 0.05936326530612245
    },
    {
      "rgb": {
        "r": 57,
        "g": 39,
        "b": 26
      },
      "hsv": [
        25.161293,
        0.54385966,
        0.22352941
      ],
      "lab": [
        17.439972,
        6.5055637,
        11.913565
      ],
      "count": 1739,
      "share": 0.05678367346938776
    },
    {
      "rgb": {
        "r": 39,
        "g": 26,
        "b": 17
      },
      "hsv": [
        24.545452,
        0.56410253,
        0.15294118
      ],
      "lab": [
        10.63592,
        4.9886556,
        8.396414
      ],
      "count": 1618,
      "share": 0.05283265306122449
    },
    {
      "rgb": {
        "r": 21,
        "g": 38,
        "b": 13
      },
      "hsv": [
        100.8,
        0.6578948,
        0.14901961
      ],
      "lab": [
        13.075073,
        -13.089352,
        13.560763
      ],
      "count": 1278,
      "share": 0.041730612244897956
    },
    {
      "rgb": {
        "r": 91,
        "g": 60,
        "b": 39
      },
      "hsv": [
        24.230766,
        0.57142854,
        0.35686275
      ],
      "lab": [
        28.387512,
        10.990709,
        18.433302
      ],
      "count": 1255,
      "share": 0.04097959183673469
    },
    {
      "rgb": {
        "r": 71,
        "g": 50,
        "b": 33
      },
      "hsv": [
        26.842102,
        0.53521127,
        0.2784314
      ],
      "lab": [
        22.760979,
        7.044807,
        14.527231
      ],
      "count": 1245,
      "share": 0.0406530612244898
    },
    {
      "rgb": {
        "r": 67,
        "g": 95,
        "b": 43
      },
      "hsv": [
        92.307686,
        0.5473684,
        0.37254903
      ],
      "lab": [
        37.025936,
        -20.556747,
        26.247961
      ],
      "count": 1183,
      "share": 0.03862857142857143
    },
    {
      "rgb": {
        "r": 118,
        "g": 185,
        "b": 68
      },
      "hsv": [
        94.35898,
        0.6324324,
        0.7254902
      ],
      "lab": [
        68.72641,
        -41.1959,
        51.197018
      ],
      "count": 1076,
      "share": 0.03513469387755102
    },
    {
      "rgb": {
        "r": 85,
        "g": 58,
        "b": 37
      },
      "hsv": [
        26.249998,
        0.56470585,
        0.33333334
      ],
      "lab": [
        26.993572,
        9.168521,
        17.755741
      ],
      "count": 1008,
      "share": 0.032914285714285715
    },
    {
      "rgb": {
        "r": 43,
        "g": 63,
        "b": 29
      },
      "hsv": [
        95.29411,
        0.5396825,
        0.24705882
      ],
      "lab": [
        24.184544,
        -15.273899,
        18.27119
      ],
      "count": 978,
      "share": 0.03193469387755102
    },
    {
      "rgb": {
        "r": 56,
        "g": 80,
        "b": 37
      },
      "hsv": [
        93.48837,
        0.5375,
        0.3137255
      ],
      "lab": [
        31.140911,
        -17.950832,
        22.309721
      ],
      "count": 956,
      "share": 0.031216326530612244
    },
    {
      "rgb": {
        "r": 161,
        "g": 112,
        "b": 72
      },
      "hsv": [
        26.96629,
        0.55279505,
        0.6313726
      ],
      "lab": [
        51.421944,
        14.80782,
        29.843801
      ],
      "count": 839,
      "share": 0.02739591836734694
    },
    {
      "rgb": {
        "r": 101,
        "g": 171,
        "b": 54
      },
      "hsv": [
        95.89744,
        0.68421054,
        0.67058825
      ],
      "lab": [
        63.473076,
        -42.240204,
        51.174335
      ],
      "count": 706,
      "share": 0.023053061224489795
    },
    {
      "rgb": {
        "r": 194,
        "g": 142,
        "b": 93
      },
      "hsv": [
        29.108913,
        0.52061856,
        0.7607843
      ],
      "lab": [
        63.017586,
        13.9899845,
        33.708202
      ],
      "count": 613,
      "share": 0.020016326530612246
    },
    {
      "rgb": {
        "r": 59,
        "g": 103,
        "b": 33
      },
      "hsv": [
        97.71429,
        0.6796116,
        0.40392157
      ],
      "lab": [
        39.138626,
        -28.802067,
        33.692593
      ],
      "count": 572,
      "share": 0.018677551020408162
    },
    {
      "rgb": {
        "r": 91,
        "g": 157,
        "b": 50
      },
      "hsv": [
        97.009346,
        0.6815287,
        0.6156863
      ],
      "lab": [
        58.5718,
        -40.012123,
        47.50133
      ],
      "count": 508,
      "share": 0.016587755102040816
    },
    {
      "rgb": {
        "r": 148,
        "g": 190,
        "b": 93
      },
      "hsv": [
        85.97938,
        0.5105263,
        0.74509805
      ],
      "lab": [
        72.17001,
        -30.04092,
        44.0866
      ],
      "count": 471,
      "share": 0.015379591836734693
    },
    {
      "rgb": {
        "r": 16,
        "g": 29,
        "b": 9
      },
      "hsv": [
        99.0,
        0.6896551,
        0.11372549
      ],
      "lab": [
        9.062748,
        -10.292761,
        9.67429
      ],
      "count": 461,
      "share": 0.015053061224489796
    },
    {
      "rgb": {
        "r": 79,
        "g": 138,
        "b": 43
      },
      "hsv": [
        97.26316,
        0.6884058,
        0.5411765
      ],
      "lab": [
        51.851837,
        -36.52057,
        43.161148
      ],
      "count": 378,
      "share": 0.012342857142857143
    },
    {
      "rgb": {
        "r": 76,
        "g": 125,
        "b": 45
      },
      "hsv": [
        96.75,
        0.64,
        0.49019608
      ],
      "lab": [
        47.485504,
        -31.561405,
        37.468292
      ],
      "count": 333,
      "share": 0.010873469387755103
    },
    {
      "rgb": {
        "r": 56,
        "g": 56,
        "b": 55
      },
      "hsv": [
        60.0,
        0.017857142,
        0.21960784
      ],
      "lab": [
        23.488571,
        -0.22739172,
        0.62372684
      ],
      "count": 299,
      "share": 0.009763265306122449
    },
    {
      "rgb": {
        "r": 85,
        "g": 119,
        "b": 54
      },
      "hsv": [
        91.38461,
        0.54621845,
        0.46666667
      ],
      "lab": [
        46.16511,
        -24.225697,
        31.584406
      ],
      "count": 284,
      "share": 0.009273469387755102
    },
    {
      "rgb": {
        "r": 114,
        "g": 151,
        "b": 74
      },
      "hsv": [
        88.83117,
        0.50993377,
        0.5921569
      ],
      "lab": [
        58.23076,
        -26.37136,
        36.206757
      ],
      "count": 222,
      "share": 0.007248979591836735
    },
    {
      "rgb": {
        "r": 25,
        "g": 20,
        "b": 10
      },
      "hsv": [
        40.0,
        0.59999996,
        0.09803922
      ],
      "lab": [
        6.5843906,
        0.5341396,
        5.7652025
      ],
      "count": 211,
      "share": 0.006889795918367347
    },
    {
      "rgb": {
        "r": 112,
        "g": 112,
        "b": 109
      },
      "hsv": [
        60.0,
        0.026785713,
        0.4392157
      ],
      "lab": [
        47.154026,
        -0.60361624,
        1.6645312
      ],
      "count": 154,
      "share": 0.005028571428571428
    }
  ],
  "roleAssignments": [
    {
      "role": "Background",
      "rgb": {
        "r": 56,
        "g": 56,
        "b": 55
      },
      "hsv": [
        60.0,
        0.017857142,
        0.21960784
      ],
      "lab": [
        23.488571,
        -0.22739172,
        0.62372684
      ],
      "hex": "#383837",
      "sourceClusterIndex": 25,
      "confidence": 0.9,
      "origin": "cluster"
    },
    {
      "role": "Text",
      "rgb": {
        "r": 148,
        "g": 190,
        "b": 93
      },
      "hsv": [
        85.97938,
        0.5105263,
        0.74509805
      ],
      "lab": [
        72.17001,
        -30.04092,
        44.0866
      ],
      "hex": "#94be5d",
      "sourceClusterIndex": 21,
      "confidence": 0.9,
      "contrastAgainstBackground": 5.4682493,
      "origin": "cluster"
    },
    {
      "role": "Accent",
      "rgb": {
        "r": 56,
        "g": 56,
        "b": 56
      },
      "hsv": [
        0.0,
        0.0,
        0.21960784
      ],
      "lab": [
        23.520863,
        -0.000014901161,
        0.0000059604645
      ],
      "hex": "#383838",
      "confidence": 0.45,
      "contrastAgainstBackground": 1.001083,
      "contrastAgainstText": 5.462333,
      "origin": "synthetic:bg-neutral"
    },
    {
      "role": "Border",
      "rgb": {
        "r": 114,
        "g": 151,
        "b": 74
      },
      "hsv": [
        88.83117,
        0.50993377,
        0.5921569
      ],
      "lab": [
        58.23076,
        -26.37136,
        36.206757
      ],
      "hex": "#72974a",
      "sourceClusterIndex": 27,
      "confidence": 0.8,
      "origin": "cluster"
    },
    {
      "role": "ActiveItem",
      "rgb": {
        "r": 177,
        "g": 177,
        "b": 177
      },
      "hsv": [
        0.0,
        0.0,
        0.69411767
      ],
      "lab": [
        72.20558,
        0.0,
        0.0
      ],
      "hex": "#b1b1b1",
      "confidence": 0.45,
      "contrastAgainstBackground": 5.4741282,
      "contrastAgainstText": 1.0010751,
      "origin": "synthetic:text-neutral"
    },
    {
      "role": "HighlightText",
      "rgb": {
        "r": 23,
        "g": 23,
        "b": 23
      },
      "hsv": [
        0.0,
        0.0,
        0.09019608
      ],
      "lab": [
        7.7395554,
        -0.0000074505806,
        0.0000029802322
      ],
      "hex": "#171717",
      "confidence": 0.65,
      "contrastAgainstBackground": 8.360473,
      "origin": "accent_adjusted:-16.0"
    },
    {
      "role": "Frame",
      "rgb": {
        "r": 255,
        "g": 255,
        "b": 255
      },
      "hsv": [
        0.0,
        0.0,
        1.0
      ],
      "lab": [
        100.0,
        0.0,
        0.0
      ],
      "hex": "#ffffff",
      "confidence": 0.55,
      "contrastAgainstBackground": 11.738485,
      "contrastAgainstText": 2.1466625,
      "origin": "synthetic:white"
    },
    {
      "role": "HeaderAccent",
      "rgb": {
        "r": 255,
        "g": 255,
        "b": 255
      },
      "hsv": [
        0.0,
        0.0,
        1.0
      ],
      "lab": [
        100.0,
        0.0,
        0.0
      ],
      "hex": "#ffffff",
      "confidence": 0.6,
      "contrastAgainstBackground": 11.738485,
      "contrastAgainstText": 2.1466625,
      "origin": "header_accent:white"
    },
    {
      "role": "InactiveItem",
      "rgb": {
        "r": 114,
        "g": 151,
        "b": 74
      },
      "hsv": [
        88.83117,
        0.50993377,
        0.5921569
      ],
      "lab": [
        58.23076,
        -26.37136,
        36.206757
      ],
      "hex": "#72974a",
      "sourceClusterIndex": 27,
      "confidence": 0.7,
      "origin": "cluster"
    },
    {
      "role": "ProgressBar",
      "rgb": {
        "r": 56,
        "g": 56,
        "b": 56
      },
      "hsv": [
        0.0,
        0.0,
        0.21960784
      ],
      "lab": [
        23.520863,
        -0.000014901161,
        0.0000059604645
      ],
      "hex": "#383838",
      "confidence": 0.45,
      "contrastAgainstBackground": 1.001083,
      "contrastAgainstText": 5.462333,
      "origin": "synthetic:bg-neutral"
    },
    {
      "role": "Scrollbar",
      "rgb": {
        "r": 177,
        "g": 177,
        "b": 177
      },
      "hsv": [
        0.0,
        0.0,
        0.69411767
      ],
      "lab": [
        72.20558,
        0.0,
        0.0
      ],
      "hex": "#b1b1b1",
      "confidence": 0.45,
      "contrastAgainstBackground": 5.4741282,
      "contrastAgainstText": 1.0010751,
      "origin": "synthetic:text-neutral"
    }
  ],
  "totalSamples": 30625,
  "iterations": 33,
  "durationMs": 72.781307,
  "colorSpace": "CIELAB",
  "scrollbarEnabled": true
}
[2026-06-09 21:31:11] Theme generated successfully: /home/vlvin/.config/rmpc/themes/current-song.ron
[2026-06-09 21:31:11] ========== Theme Update Complete ==========

[2026-06-09 21:32:15] ========== Song Change Detected ==========
[2026-06-09 21:32:15] File: C418 (FLAC)/Albums/2011 - Minecraft - Volume Alpha/02. Door.flac
[2026-06-09 21:32:15] Artist: C418
[2026-06-09 21:32:15] Title: Door
[2026-06-09 21:32:15] Extracting album art...
[2026-06-09 21:32:15] Album art extracted successfully
[2026-06-09 21:32:15] Album art hash unchanged; skipping theme generation (skip_count=100)
[2026-06-09 21:34:06] ========== Song Change Detected ==========
[2026-06-09 21:34:06] File: C418 (FLAC)/Albums/2011 - Minecraft - Volume Alpha/03. Subwoofer Lullaby.flac
[2026-06-09 21:34:06] Artist: C418
[2026-06-09 21:34:06] Title: Subwoofer Lullaby
[2026-06-09 21:34:06] Extracting album art...
[2026-06-09 21:34:06] Album art extracted successfully
[2026-06-09 21:34:06] Album art hash unchanged; skipping theme generation (skip_count=101)
[2026-06-09 21:38:34] ========== Song Change Detected ==========
[2026-06-09 21:38:34] File: C418 (FLAC)/Albums/2011 - Minecraft - Volume Alpha/04. Death.flac
[2026-06-09 21:38:34] Artist: C418
[2026-06-09 21:38:34] Title: Death
[2026-06-09 21:38:34] Extracting album art...
[2026-06-09 21:38:34] Album art extracted successfully
[2026-06-09 21:38:34] Album art hash unchanged; skipping theme generation (skip_count=102)
[2026-06-09 21:54:42] ========== Song Change Detected ==========
[2026-06-09 21:54:42] File: C418 (FLAC)/Albums/2011 - Minecraft - Volume Alpha/05. Living Mice.flac
[2026-06-09 21:54:42] Artist: C418
[2026-06-09 21:54:42] Title: Living Mice
[2026-06-09 21:54:42] Extracting album art...
[2026-06-09 21:54:42] Album art extracted successfully
[2026-06-09 21:54:43] Album art hash unchanged; skipping theme generation (skip_count=103)
[2026-06-09 21:57:40] ========== Song Change Detected ==========
[2026-06-09 21:57:40] File: C418 (FLAC)/Albums/2011 - Minecraft - Volume Alpha/06. Moog City.flac
[2026-06-09 21:57:40] Artist: C418
[2026-06-09 21:57:40] Title: Moog City
[2026-06-09 21:57:40] Extracting album art...
[2026-06-09 21:57:40] Album art extracted successfully
[2026-06-09 21:57:40] Album art hash unchanged; skipping theme generation (skip_count=104)
[2026-06-09 22:00:20] ========== Song Change Detected ==========
[2026-06-09 22:00:20] File: C418 (FLAC)/Albums/2011 - Minecraft - Volume Alpha/07. Haggstrom.flac
[2026-06-09 22:00:20] Artist: C418
[2026-06-09 22:00:20] Title: Haggstrom
[2026-06-09 22:00:20] Extracting album art...
[2026-06-09 22:00:20] Album art extracted successfully
[2026-06-09 22:00:20] Album art hash unchanged; skipping theme generation (skip_count=105)
[2026-06-09 22:03:44] ========== Song Change Detected ==========
[2026-06-09 22:03:44] File: C418 (FLAC)/Albums/2011 - Minecraft - Volume Alpha/08. Minecraft.flac
[2026-06-09 22:03:44] Artist: C418
[2026-06-09 22:03:44] Title: Minecraft
[2026-06-09 22:03:44] Extracting album art...
[2026-06-09 22:03:44] Album art extracted successfully
[2026-06-09 22:03:44] Album art hash unchanged; skipping theme generation (skip_count=106)
[2026-06-09 22:07:58] ========== Song Change Detected ==========
[2026-06-09 22:07:58] File: C418 (FLAC)/Albums/2011 - Minecraft - Volume Alpha/09. Oxygene.flac
[2026-06-09 22:07:58] Artist: C418
[2026-06-09 22:07:58] Title: Oxygène
[2026-06-09 22:07:58] Extracting album art...
[2026-06-09 22:07:58] Album art extracted successfully
[2026-06-09 22:07:58] Album art hash unchanged; skipping theme generation (skip_count=107)
[2026-06-09 22:09:03] ========== Song Change Detected ==========
[2026-06-09 22:09:03] File: C418 (FLAC)/Albums/2011 - Minecraft - Volume Alpha/10. Equinoxe.flac
[2026-06-09 22:09:03] Artist: C418
[2026-06-09 22:09:03] Title: Équinoxe
[2026-06-09 22:09:03] Extracting album art...
[2026-06-09 22:09:03] Album art extracted successfully
[2026-06-09 22:09:03] Album art hash unchanged; skipping theme generation (skip_count=108)
[2026-06-09 22:57:33] ========== Song Change Detected ==========
[2026-06-09 22:57:33] File: C418 (FLAC)/Albums/2011 - Minecraft - Volume Alpha/11. Mice on Venus.flac
[2026-06-09 22:57:33] Artist: C418
[2026-06-09 22:57:33] Title: Mice on Venus
[2026-06-09 22:57:33] Extracting album art...
[2026-06-09 22:57:33] Album art extracted successfully
[2026-06-09 22:57:33] Album art hash unchanged; skipping theme generation (skip_count=109)
[2026-06-09 23:03:04] ========== Song Change Detected ==========
[2026-06-09 23:03:04] File: C418 (FLAC)/Albums/2011 - Minecraft - Volume Alpha/12. Dry Hands.flac
[2026-06-09 23:03:04] Artist: C418
[2026-06-09 23:03:04] Title: Dry Hands
[2026-06-09 23:03:04] Extracting album art...
[2026-06-09 23:03:04] Album art extracted successfully
[2026-06-09 23:03:04] Album art hash unchanged; skipping theme generation (skip_count=110)
[2026-06-09 23:04:12] ========== Song Change Detected ==========
[2026-06-09 23:04:12] File: C418 (FLAC)/Albums/2011 - Minecraft - Volume Alpha/13. Wet Hands.flac
[2026-06-09 23:04:12] Artist: C418
[2026-06-09 23:04:12] Title: Wet Hands
[2026-06-09 23:04:12] Extracting album art...
[2026-06-09 23:04:12] Album art extracted successfully
[2026-06-09 23:04:12] Album art hash unchanged; skipping theme generation (skip_count=111)
[2026-06-09 23:05:42] ========== Song Change Detected ==========
[2026-06-09 23:05:42] File: C418 (FLAC)/Albums/2011 - Minecraft - Volume Alpha/14. Clark.flac
[2026-06-09 23:05:42] Artist: C418
[2026-06-09 23:05:42] Title: Clark
[2026-06-09 23:05:42] Extracting album art...
[2026-06-09 23:05:42] Album art extracted successfully
[2026-06-09 23:05:42] Album art hash unchanged; skipping theme generation (skip_count=112)
[2026-06-09 23:08:54] ========== Song Change Detected ==========
[2026-06-09 23:08:54] File: C418 (FLAC)/Albums/2011 - Minecraft - Volume Alpha/15. Chris.flac
[2026-06-09 23:08:54] Artist: C418
[2026-06-09 23:08:54] Title: Chris
[2026-06-09 23:08:54] Extracting album art...
[2026-06-09 23:08:54] Album art extracted successfully
[2026-06-09 23:08:54] Album art hash unchanged; skipping theme generation (skip_count=113)
[2026-06-09 23:10:22] ========== Song Change Detected ==========
[2026-06-09 23:10:22] File: C418 (FLAC)/Albums/2011 - Minecraft - Volume Alpha/16. Thirteen.flac
[2026-06-09 23:10:22] Artist: C418
[2026-06-09 23:10:22] Title: Thirteen
[2026-06-09 23:10:22] Extracting album art...
[2026-06-09 23:10:22] Album art extracted successfully
[2026-06-09 23:10:22] Album art hash unchanged; skipping theme generation (skip_count=114)
[2026-06-09 23:16:26] ========== Song Change Detected ==========
[2026-06-09 23:16:26] File: C418 (FLAC)/Albums/2011 - Minecraft - Volume Alpha/17. Excuse.flac
[2026-06-09 23:16:26] Artist: C418
[2026-06-09 23:16:26] Title: Excuse
[2026-06-09 23:16:26] Extracting album art...
[2026-06-09 23:16:26] Album art extracted successfully
[2026-06-09 23:16:26] Album art hash unchanged; skipping theme generation (skip_count=115)
[2026-06-09 23:18:30] ========== Song Change Detected ==========
[2026-06-09 23:18:30] File: C418 (FLAC)/Albums/2011 - Minecraft - Volume Alpha/18. Sweden.flac
[2026-06-09 23:18:30] Artist: C418
[2026-06-09 23:18:30] Title: Sweden
[2026-06-09 23:18:30] Extracting album art...
[2026-06-09 23:18:30] Album art extracted successfully
[2026-06-09 23:18:30] Album art hash unchanged; skipping theme generation (skip_count=116)
[2026-06-09 23:22:06] ========== Song Change Detected ==========
[2026-06-09 23:22:06] File: C418 (FLAC)/Albums/2011 - Minecraft - Volume Alpha/19. Cat.flac
[2026-06-09 23:22:06] Artist: C418
[2026-06-09 23:22:06] Title: Cat
[2026-06-09 23:22:06] Extracting album art...
[2026-06-09 23:22:06] Album art extracted successfully
[2026-06-09 23:22:06] Album art hash unchanged; skipping theme generation (skip_count=117)
[2026-06-09 23:25:12] ========== Song Change Detected ==========
[2026-06-09 23:25:12] File: C418 (FLAC)/Albums/2011 - Minecraft - Volume Alpha/20. Dog.flac
[2026-06-09 23:25:12] Artist: C418
[2026-06-09 23:25:12] Title: Dog
[2026-06-09 23:25:12] Extracting album art...
[2026-06-09 23:25:12] Album art extracted successfully
[2026-06-09 23:25:12] Album art hash unchanged; skipping theme generation (skip_count=118)
[2026-06-09 23:27:38] ========== Song Change Detected ==========
[2026-06-09 23:27:38] File: C418 (FLAC)/Albums/2011 - Minecraft - Volume Alpha/21. Danny.flac
[2026-06-09 23:27:38] Artist: C418
[2026-06-09 23:27:38] Title: Danny
[2026-06-09 23:27:38] Extracting album art...
[2026-06-09 23:27:38] Album art extracted successfully
[2026-06-09 23:27:38] Album art hash unchanged; skipping theme generation (skip_count=119)
[2026-06-10 00:40:10] ========== Song Change Detected ==========
[2026-06-10 00:40:10] File: C418 (FLAC)/Albums/2011 - Minecraft - Volume Alpha/22. Beginning.flac
[2026-06-10 00:40:10] Artist: C418
[2026-06-10 00:40:10] Title: Beginning
[2026-06-10 00:40:10] Extracting album art...
[2026-06-10 00:40:10] Album art extracted successfully
[2026-06-10 00:40:10] Album art hash unchanged; skipping theme generation (skip_count=120)
[2026-06-10 00:42:20] ========== Song Change Detected ==========
[2026-06-10 00:42:20] File: C418 (FLAC)/Albums/2011 - Minecraft - Volume Alpha/23. Droopy Likes Ricochet.flac
[2026-06-10 00:42:20] Artist: C418
[2026-06-10 00:42:20] Title: Droopy Likes Ricochet
[2026-06-10 00:42:20] Extracting album art...
[2026-06-10 00:42:20] Album art extracted successfully
[2026-06-10 00:42:20] Album art hash unchanged; skipping theme generation (skip_count=121)
[2026-06-10 00:43:56] ========== Song Change Detected ==========
[2026-06-10 00:43:56] File: C418 (FLAC)/Albums/2011 - Minecraft - Volume Alpha/24. Droopy Likes Your Face.flac
[2026-06-10 00:43:56] Artist: C418
[2026-06-10 00:43:56] Title: Droopy Likes Your Face
[2026-06-10 00:43:56] Extracting album art...
[2026-06-10 00:43:56] Album art extracted successfully
[2026-06-10 00:43:56] Album art hash unchanged; skipping theme generation (skip_count=122)
[2026-06-10 00:46:27] ========== Song Change Detected ==========
[2026-06-10 00:46:27] File: C418 (FLAC)/Albums/2011 - Seven Years of Server Data/01. Atempause.flac
[2026-06-10 00:46:27] Artist: C418
[2026-06-10 00:46:27] Title: Atempause
[2026-06-10 00:46:27] Extracting album art...
[2026-06-10 00:46:27] Album art extracted successfully
[2026-06-10 00:46:27] Generating theme (format: image/jpeg)...
Theme written to: /home/vlvin/.config/rmpc/themes/current-song.ron
{
  "version": "1.0.0",
  "clusters": [
    {
      "rgb": {
        "r": 81,
        "g": 229,
        "b": 66
      },
      "hsv": [
        114.47852,
        0.7117904,
        0.8980392
      ],
      "lab": [
        80.83767,
        -68.145546,
        64.4181
      ],
      "count": 2809,
      "share": 0.09172244897959184
    },
    {
      "rgb": {
        "r": 44,
        "g": 120,
        "b": 196
      },
      "hsv": [
        210.0,
        0.7755102,
        0.76862746
      ],
      "lab": [
        49.437653,
        3.550738,
        -46.211243
      ],
      "count": 2760,
      "share": 0.09012244897959183
    },
    {
      "rgb": {
        "r": 254,
        "g": 235,
        "b": 3
      },
      "hsv": [
        55.458168,
        0.988189,
        0.99607843
      ],
      "lab": [
        91.90755,
        -12.295872,
        90.4123
      ],
      "count": 1912,
      "share": 0.06243265306122449
    },
    {
      "rgb": {
        "r": 28,
        "g": 85,
        "b": 164
      },
      "hsv": [
        214.85294,
        0.82926834,
        0.6431373
      ],
      "lab": [
        36.786163,
        11.819586,
        -47.77585
      ],
      "count": 1793,
      "share": 0.058546938775510204
    },
    {
      "rgb": {
        "r": 15,
        "g": 188,
        "b": 205
      },
      "hsv": [
        185.36842,
        0.9268293,
        0.8039216
      ],
      "lab": [
        69.80431,
        -32.487602,
        -19.612133
      ],
      "count": 1695,
      "share": 0.0553469387755102
    },
    {
      "rgb": {
        "r": 254,
        "g": 1,
        "b": 186
      },
      "hsv": [
        316.12646,
        0.996063,
        0.99607843
      ],
      "lab": [
        56.72661,
        89.474945,
        -27.43659
      ],
      "count": 1420,
      "share": 0.04636734693877551
    },
    {
      "rgb": {
        "r": 254,
        "g": 0,
        "b": 86
      },
      "hsv": [
        339.68503,
        1.0,
        0.99607843
      ],
      "lab": [
        53.76043,
        81.82499,
        27.811981
      ],
      "count": 1371,
      "share": 0.04476734693877551
    },
    {
      "rgb": {
        "r": 8,
        "g": 18,
        "b": 250
      },
      "hsv": [
        237.52066,
        0.968,
        0.98039216
      ],
      "lab": [
        32.665497,
        75.03918,
        -104.43073
      ],
      "count": 1340,
      "share": 0.04375510204081633
    },
    {
      "rgb": {
        "r": 254,
        "g": 200,
        "b": 7
      },
      "hsv": [
        46.88259,
        0.97244096,
        0.99607843
      ],
      "lab": [
        83.12526,
        5.3626595,
        83.77663
      ],
      "count": 1240,
      "share": 0.04048979591836735
    },
    {
      "rgb": {
        "r": 10,
        "g": 12,
        "b": 192
      },
      "hsv": [
        239.34067,
        0.9479167,
        0.7529412
      ],
      "lab": [
        24.102898,
        61.343998,
        -85.30291
      ],
      "count": 1164,
      "share": 0.03800816326530612
    },
    {
      "rgb": {
        "r": 253,
        "g": 4,
        "b": 156
      },
      "hsv": [
        323.3735,
        0.98418975,
        0.99215686
      ],
      "lab": [
        55.45764,
        86.13059,
        -11.82394
      ],
      "count": 1138,
      "share": 0.03715918367346939
    },
    {
      "rgb": {
        "r": 18,
        "g": 139,
        "b": 175
      },
      "hsv": [
        193.75797,
        0.8971429,
        0.6862745
      ],
      "lab": [
        53.693024,
        -17.496168,
        -27.509773
      ],
      "count": 1138,
      "share": 0.03715918367346939
    },
    {
      "rgb": {
        "r": 253,
        "g": 4,
        "b": 123
      },
      "hsv": [
        331.3253,
        0.98418975,
        0.99215686
      ],
      "lab": [
        54.455368,
        83.48578,
        6.407261
      ],
      "count": 1090,
      "share": 0.03559183673469388
    },
    {
      "rgb": {
        "r": 253,
        "g": 217,
        "b": 5
      },
      "hsv": [
        51.290325,
        0.9802371,
        0.99215686
      ],
      "lab": [
        87.252815,
        -3.745228,
        86.85292
      ],
      "count": 1071,
      "share": 0.03497142857142857
    },
    {
      "rgb": {
        "r": 254,
        "g": 187,
        "b": 4
      },
      "hsv": [
        43.92,
        0.984252,
        0.99607843
      ],
      "lab": [
        79.96827,
        12.068004,
        81.854195
      ],
      "count": 846,
      "share": 0.027624489795918368
    },
    {
      "rgb": {
        "r": 227,
        "g": 73,
        "b": 103
      },
      "hsv": [
        348.31168,
        0.67841405,
        0.8901961
      ],
      "lab": [
        54.11199,
        61.265587,
        17.203606
      ],
      "count": 828,
      "share": 0.027036734693877552
    },
    {
      "rgb": {
        "r": 9,
        "g": 32,
        "b": 109
      },
      "hsv": [
        226.2,
        0.9174312,
        0.42745098
      ],
      "lab": [
        16.478008,
        24.569555,
        -46.627277
      ],
      "count": 802,
      "share": 0.026187755102040817
    },
    {
      "rgb": {
        "r": 8,
        "g": 36,
        "b": 240
      },
      "hsv": [
        232.75862,
        0.9666667,
        0.9411765
      ],
      "lab": [
        33.14073,
        66.84904,
        -97.9892
      ],
      "count": 791,
      "share": 0.02582857142857143
    },
    {
      "rgb": {
        "r": 10,
        "g": 17,
        "b": 159
      },
      "hsv": [
        237.18121,
        0.9371069,
        0.62352943
      ],
      "lab": [
        19.91431,
        50.517036,
        -72.44892
      ],
      "count": 768,
      "share": 0.025077551020408165
    },
    {
      "rgb": {
        "r": 5,
        "g": 253,
        "b": 93
      },
      "hsv": [
        141.29033,
        0.9802371,
        0.99215686
      ],
      "lab": [
        87.51813,
        -80.58867,
        60.920048
      ],
      "count": 733,
      "share": 0.02393469387755102
    },
    {
      "rgb": {
        "r": 8,
        "g": 19,
        "b": 126
      },
      "hsv": [
        234.40678,
        0.93650794,
        0.49411765
      ],
      "lab": [
        15.608482,
        39.077477,
        -59.019627
      ],
      "count": 719,
      "share": 0.023477551020408164
    },
    {
      "rgb": {
        "r": 4,
        "g": 23,
        "b": 64
      },
      "hsv": [
        221.0,
        0.9375,
        0.2509804
      ],
      "lab": [
        9.062958,
        10.975935,
        -28.296083
      ],
      "count": 714,
      "share": 0.023314285714285714
    },
    {
      "rgb": {
        "r": 24,
        "g": 244,
        "b": 132
      },
      "hsv": [
        149.45454,
        0.90163934,
        0.95686275
      ],
      "lab": [
        85.27958,
        -71.83382,
        40.64746
      ],
      "count": 532,
      "share": 0.017371428571428572
    },
    {
      "rgb": {
        "r": 9,
        "g": 34,
        "b": 46
      },
      "hsv": [
        199.45946,
        0.8043478,
        0.18039216
      ],
      "lab": [
        11.952747,
        -4.787624,
        -10.784313
      ],
      "count": 480,
      "share": 0.0156734693877551
    },
    {
      "rgb": {
        "r": 108,
        "g": 128,
        "b": 121
      },
      "hsv": [
        158.99997,
        0.15625004,
        0.5019608
      ],
      "lab": [
        51.84462,
        -8.779615,
        1.35988
      ],
      "count": 348,
      "share": 0.01136326530612245
    },
    {
      "rgb": {
        "r": 242,
        "g": 234,
        "b": 97
      },
      "hsv": [
        56.689655,
        0.5991736,
        0.9490196
      ],
      "lab": [
        91.047646,
        -13.78116,
        65.655266
      ],
      "count": 311,
      "share": 0.010155102040816327
    },
    {
      "rgb": {
        "r": 249,
        "g": 233,
        "b": 158
      },
      "hsv": [
        49.45055,
        0.36546183,
        0.9764706
      ],
      "lab": [
        92.08199,
        -5.1122007,
        38.444363
      ],
      "count": 296,
      "share": 0.00966530612244898
    },
    {
      "rgb": {
        "r": 254,
        "g": 0,
        "b": 215
      },
      "hsv": [
        309.2126,
        1.0,
        0.99607843
      ],
      "lab": [
        58.020584,
        92.85173,
        -42.060448
      ],
      "count": 264,
      "share": 0.008620408163265305
    },
    {
      "rgb": {
        "r": 168,
        "g": 58,
        "b": 107
      },
      "hsv": [
        333.27274,
        0.6547619,
        0.65882355
      ],
      "lab": [
        41.86787,
        49.52541,
        -4.054582
      ],
      "count": 137,
      "share": 0.004473469387755102
    },
    {
      "rgb": {
        "r": 174,
        "g": 165,
        "b": 85
      },
      "hsv": [
        53.932587,
        0.5114943,
        0.68235296
      ],
      "lab": [
        66.95006,
        -7.721692,
        42.226578
      ],
      "count": 115,
      "share": 0.0037551020408163266
    }
  ],
  "roleAssignments": [
    {
      "role": "Background",
      "rgb": {
        "r": 108,
        "g": 128,
        "b": 121
      },
      "hsv": [
        158.99997,
        0.15625004,
        0.5019608
      ],
      "lab": [
        51.84462,
        -8.779615,
        1.35988
      ],
      "hex": "#6c8079",
      "sourceClusterIndex": 24,
      "confidence": 0.9,
      "origin": "cluster"
    },
    {
      "role": "Text",
      "rgb": {
        "r": 30,
        "g": 30,
        "b": 30
      },
      "hsv": [
        0.0,
        0.0,
        0.11764706
      ],
      "lab": [
        11.263611,
        -0.0000074505806,
        0.0000029802322
      ],
      "hex": "#1e1e1e",
      "confidence": 0.45,
      "contrastAgainstBackground": 3.9704292,
      "origin": "synthetic"
    },
    {
      "role": "Accent",
      "rgb": {
        "r": 124,
        "g": 124,
        "b": 124
      },
      "hsv": [
        0.0,
        0.0,
        0.4862745
      ],
      "lab": [
        52.01271,
        0.0,
        0.0
      ],
      "hex": "#7c7c7c",
      "confidence": 0.45,
      "contrastAgainstBackground": 1.0059445,
      "contrastAgainstText": 3.9940312,
      "origin": "synthetic:bg-neutral"
    },
    {
      "role": "Border",
      "rgb": {
        "r": 8,
        "g": 18,
        "b": 250
      },
      "hsv": [
        237.52066,
        0.968,
        0.98039216
      ],
      "lab": [
        32.665497,
        75.03918,
        -104.43073
      ],
      "hex": "#0812fa",
      "sourceClusterIndex": 7,
      "confidence": 0.8,
      "origin": "cluster"
    },
    {
      "role": "ActiveItem",
      "rgb": {
        "r": 255,
        "g": 243,
        "b": 85
      },
      "hsv": [
        55.764706,
        0.6666666,
        1.0
      ],
      "lab": [
        94.32084,
        -13.620109,
        74.20006
      ],
      "hex": "#fff355",
      "sourceClusterIndex": 14,
      "confidence": 0.7,
      "contrastAgainstBackground": 3.6396682,
      "contrastAgainstText": 14.451045,
      "origin": "adjusted:14:+20.0"
    },
    {
      "role": "HighlightText",
      "rgb": {
        "r": 30,
        "g": 30,
        "b": 30
      },
      "hsv": [
        0.0,
        0.0,
        0.11764706
      ],
      "lab": [
        11.263611,
        -0.0000074505806,
        0.0000029802322
      ],
      "hex": "#1e1e1e",
      "confidence": 0.85,
      "contrastAgainstBackground": 14.451045,
      "origin": "text"
    },
    {
      "role": "Frame",
      "rgb": {
        "r": 203,
        "g": 225,
        "b": 217
      },
      "hsv": [
        158.18181,
        0.09777777,
        0.88235295
      ],
      "lab": [
        87.7543,
        -8.799434,
        1.4225483
      ],
      "hex": "#cbe1d9",
      "confidence": 0.65,
      "contrastAgainstBackground": 3.0614147,
      "contrastAgainstText": 12.15513,
      "origin": "background_adjusted:+36.0"
    },
    {
      "role": "HeaderAccent",
      "rgb": {
        "r": 0,
        "g": 0,
        "b": 0
      },
      "hsv": [
        0.0,
        0.0,
        0.0
      ],
      "lab": [
        0.0,
        0.0,
        0.0
      ],
      "hex": "#000000",
      "confidence": 0.6,
      "contrastAgainstBackground": 5.0013933,
      "contrastAgainstText": 1.2596607,
      "origin": "header_accent:black"
    },
    {
      "role": "InactiveItem",
      "rgb": {
        "r": 8,
        "g": 18,
        "b": 250
      },
      "hsv": [
        237.52066,
        0.968,
        0.98039216
      ],
      "lab": [
        32.665497,
        75.03918,
        -104.43073
      ],
      "hex": "#0812fa",
      "sourceClusterIndex": 7,
      "confidence": 0.7,
      "origin": "cluster"
    },
    {
      "role": "ProgressBar",
      "rgb": {
        "r": 124,
        "g": 124,
        "b": 124
      },
      "hsv": [
        0.0,
        0.0,
        0.4862745
      ],
      "lab": [
        52.01271,
        0.0,
        0.0
      ],
      "hex": "#7c7c7c",
      "confidence": 0.45,
      "contrastAgainstBackground": 1.0059445,
      "contrastAgainstText": 3.9940312,
      "origin": "synthetic:bg-neutral"
    },
    {
      "role": "Scrollbar",
      "rgb": {
        "r": 255,
        "g": 243,
        "b": 85
      },
      "hsv": [
        55.764706,
        0.6666666,
        1.0
      ],
      "lab": [
        94.32084,
        -13.620109,
        74.20006
      ],
      "hex": "#fff355",
      "sourceClusterIndex": 14,
      "confidence": 0.7,
      "contrastAgainstBackground": 3.6396682,
      "contrastAgainstText": 14.451045,
      "origin": "adjusted:14:+20.0"
    }
  ],
  "totalSamples": 30625,
  "iterations": 36,
  "durationMs": 82.673583,
  "colorSpace": "CIELAB",
  "scrollbarEnabled": true
}
[2026-06-10 00:46:27] Theme generated successfully: /home/vlvin/.config/rmpc/themes/current-song.ron
[2026-06-10 00:46:27] ========== Theme Update Complete ==========

[2026-06-10 00:48:29] ========== Song Change Detected ==========
[2026-06-10 00:48:29] File: C418 (FLAC)/Albums/2011 - Seven Years of Server Data/02. Vlem.flac
[2026-06-10 00:48:29] Artist: C418
[2026-06-10 00:48:29] Title: Vlem
[2026-06-10 00:48:29] Extracting album art...
[2026-06-10 00:48:29] Album art extracted successfully
[2026-06-10 00:48:29] Album art hash unchanged; skipping theme generation (skip_count=123)
[2026-06-10 00:50:37] ========== Song Change Detected ==========
[2026-06-10 00:50:37] File: C418 (FLAC)/Albums/2011 - Seven Years of Server Data/03. BGC418.flac
[2026-06-10 00:50:37] Artist: C418, Big Giant Circles
[2026-06-10 00:50:37] Title: BGC418
[2026-06-10 00:50:37] Extracting album art...
[2026-06-10 00:50:37] Album art extracted successfully
[2026-06-10 00:50:37] Album art hash unchanged; skipping theme generation (skip_count=124)
[2026-06-10 00:54:39] ========== Song Change Detected ==========
[2026-06-10 00:54:39] File: C418 (FLAC)/Albums/2011 - Seven Years of Server Data/04. mau5cave.flac
[2026-06-10 00:54:39] Artist: C418, Deadmau5
[2026-06-10 00:54:39] Title: mau5cave
[2026-06-10 00:54:39] Extracting album art...
[2026-06-10 00:54:39] Album art extracted successfully
[2026-06-10 00:54:39] Album art hash unchanged; skipping theme generation (skip_count=125)
[2026-06-10 00:57:43] ========== Song Change Detected ==========
[2026-06-10 00:57:43] File: C418 (FLAC)/Albums/2011 - Seven Years of Server Data/05. The first unfinished song for the Minecraft documentary.flac
[2026-06-10 00:57:43] Artist: C418
[2026-06-10 00:57:43] Title: The first unfinished song for the Minecraft documentary
[2026-06-10 00:57:43] Extracting album art...
[2026-06-10 00:57:43] Album art extracted successfully
[2026-06-10 00:57:43] Album art hash unchanged; skipping theme generation (skip_count=126)
[2026-06-10 01:05:21] ========== Song Change Detected ==========
[2026-06-10 01:05:21] File: C418 (FLAC)/Albums/2011 - Seven Years of Server Data/06. The song I show if someone wants to hear a new Minecraft song.flac
[2026-06-10 01:05:21] Artist: C418
[2026-06-10 01:05:21] Title: The song I show if someone wants to hear a new Minecraft song
[2026-06-10 01:05:21] Extracting album art...
[2026-06-10 01:05:21] Album art extracted successfully
[2026-06-10 01:05:21] Album art hash unchanged; skipping theme generation (skip_count=127)
[2026-06-10 01:06:15] ========== Song Change Detected ==========
[2026-06-10 01:06:15] File: C418 (FLAC)/Albums/2011 - Seven Years of Server Data/07. Tonic (C418's -I use this in my set- remix).flac
[2026-06-10 01:06:15] Artist: Lusine Icl
[2026-06-10 01:06:15] Title: Tonic (C418's "I use this in my set" remix)
[2026-06-10 01:06:15] Extracting album art...
[2026-06-10 01:06:15] Album art extracted successfully
[2026-06-10 01:06:15] Album art hash unchanged; skipping theme generation (skip_count=128)
[2026-06-10 01:10:18] ========== Song Change Detected ==========
[2026-06-10 01:10:18] File: C418 (FLAC)/Albums/2011 - Seven Years of Server Data/08. Lemons (C418's -I want this to be a complete song- mix).flac
[2026-06-10 01:10:18] Artist: Weebl
[2026-06-10 01:10:18] Title: Lemons (C418's "I want this to be a complete song" mix)
[2026-06-10 01:10:18] Extracting album art...
[2026-06-10 01:10:18] Album art extracted successfully
[2026-06-10 01:10:18] Album art hash unchanged; skipping theme generation (skip_count=129)
[2026-06-10 01:13:08] ========== Song Change Detected ==========
[2026-06-10 01:13:08] File: C418 (FLAC)/Albums/2011 - Seven Years of Server Data/09. water.flac
[2026-06-10 01:13:08] Artist: C418
[2026-06-10 01:13:08] Title: water
[2026-06-10 01:13:08] Extracting album art...
[2026-06-10 01:13:08] Album art extracted successfully
[2026-06-10 01:13:08] Album art hash unchanged; skipping theme generation (skip_count=130)
[2026-06-10 01:14:54] ========== Song Change Detected ==========
[2026-06-10 01:14:54] File: C418 (FLAC)/Albums/2011 - Seven Years of Server Data/10. a fail.flac
[2026-06-10 01:14:54] Artist: C418
[2026-06-10 01:14:54] Title: a fail
[2026-06-10 01:14:54] Extracting album art...
[2026-06-10 01:14:54] Album art extracted successfully
[2026-06-10 01:14:54] Album art hash unchanged; skipping theme generation (skip_count=131)
[2026-06-10 01:16:46] ========== Song Change Detected ==========
[2026-06-10 01:16:46] File: C418 (FLAC)/Albums/2011 - Seven Years of Server Data/11. The weirdest remix I ever worked on..flac
[2026-06-10 01:16:46] Artist: C418
[2026-06-10 01:16:46] Title: The weirdest remix I ever worked on.
[2026-06-10 01:16:46] Extracting album art...
[2026-06-10 01:16:46] Album art extracted successfully
[2026-06-10 01:16:47] Album art hash unchanged; skipping theme generation (skip_count=132)
[2026-06-10 01:19:38] ========== Song Change Detected ==========
[2026-06-10 01:19:38] File: C418 (FLAC)/Albums/2011 - Seven Years of Server Data/12. Some really obscure ambient tune.flac
[2026-06-10 01:19:38] Artist: C418
[2026-06-10 01:19:38] Title: Some really obscure ambient tune
[2026-06-10 01:19:38] Extracting album art...
[2026-06-10 01:19:38] Album art extracted successfully
[2026-06-10 01:19:38] Album art hash unchanged; skipping theme generation (skip_count=133)
[2026-06-10 01:21:18] ========== Song Change Detected ==========
[2026-06-10 01:21:18] File: C418 (FLAC)/Albums/2011 - Seven Years of Server Data/13. komphund.flac
[2026-06-10 01:21:18] Artist: C418
[2026-06-10 01:21:18] Title: komphund
[2026-06-10 01:21:18] Extracting album art...
[2026-06-10 01:21:18] Album art extracted successfully
[2026-06-10 01:21:18] Album art hash unchanged; skipping theme generation (skip_count=134)
[2026-06-10 01:22:54] ========== Song Change Detected ==========
[2026-06-10 01:22:54] File: C418 (FLAC)/Albums/2011 - Seven Years of Server Data/14. Not Atlantis.flac
[2026-06-10 01:22:54] Artist: C418
[2026-06-10 01:22:54] Title: Not Atlantis
[2026-06-10 01:22:54] Extracting album art...
[2026-06-10 01:22:54] Album art extracted successfully
[2026-06-10 01:22:54] Album art hash unchanged; skipping theme generation (skip_count=135)
[2026-06-10 01:24:09] ========== Song Change Detected ==========
[2026-06-10 01:24:09] File: C418 (FLAC)/Albums/2011 - Seven Years of Server Data/15. Another weird ambient tune..flac
[2026-06-10 01:24:09] Artist: C418
[2026-06-10 01:24:09] Title: Another weird ambient tune.
[2026-06-10 01:24:09] Extracting album art...
[2026-06-10 01:24:09] Album art extracted successfully
[2026-06-10 01:24:09] Album art hash unchanged; skipping theme generation (skip_count=136)
[2026-06-10 01:26:26] ========== Song Change Detected ==========
[2026-06-10 01:26:26] File: C418 (FLAC)/Albums/2011 - Seven Years of Server Data/16. sirtet.flac
[2026-06-10 01:26:26] Artist: C418
[2026-06-10 01:26:26] Title: sirtet
[2026-06-10 01:26:26] Extracting album art...
[2026-06-10 01:26:26] Album art extracted successfully
[2026-06-10 01:26:26] Album art hash unchanged; skipping theme generation (skip_count=137)
[2026-06-10 01:28:01] ========== Song Change Detected ==========
[2026-06-10 01:28:01] File: C418 (FLAC)/Albums/2011 - Seven Years of Server Data/17. What it would have sounded like if I were to DJ 5 years ago.flac
[2026-06-10 01:28:01] Artist: C418
[2026-06-10 01:28:01] Title: What it would have sounded like if I were to DJ 5 years ago
[2026-06-10 01:28:01] Extracting album art...
[2026-06-10 01:28:01] Album art extracted successfully
[2026-06-10 01:28:01] Album art hash unchanged; skipping theme generation (skip_count=138)
[2026-06-10 01:34:39] ========== Song Change Detected ==========
[2026-06-10 01:34:39] File: C418 (FLAC)/Albums/2011 - Seven Years of Server Data/18. Cobalt Something Something.flac
[2026-06-10 01:34:39] Artist: C418
[2026-06-10 01:34:39] Title: Cobalt Something Something
[2026-06-10 01:34:39] Extracting album art...
[2026-06-10 01:34:40] Album art extracted successfully
[2026-06-10 01:34:40] Album art hash unchanged; skipping theme generation (skip_count=139)
[2026-06-10 01:36:00] ========== Song Change Detected ==========
[2026-06-10 01:36:00] File: C418 (FLAC)/Albums/2013 - Minecraft - Volume Beta/01. Ki.flac
[2026-06-10 01:36:00] Artist: C418
[2026-06-10 01:36:00] Title: Ki
[2026-06-10 01:36:00] Extracting album art...
[2026-06-10 01:36:00] Album art extracted successfully
[2026-06-10 01:36:00] Generating theme (format: image/jpeg)...
Theme written to: /home/vlvin/.config/rmpc/themes/current-song.ron
{
  "version": "1.0.0",
  "clusters": [
    {
      "rgb": {
        "r": 0,
        "g": 0,
        "b": 0
      },
      "hsv": [
        0.0,
        0.0,
        0.0
      ],
      "lab": [
        0.0,
        0.0,
        0.0
      ],
      "count": 22922,
      "share": 0.748473469387755
    },
    {
      "rgb": {
        "r": 5,
        "g": 4,
        "b": 1
      },
      "hsv": [
        45.0,
        0.8,
        0.019607844
      ],
      "lab": [
        1.095644,
        -0.15566498,
        1.22751
      ],
      "count": 2534,
      "share": 0.08274285714285715
    },
    {
      "rgb": {
        "r": 9,
        "g": 1,
        "b": 1
      },
      "hsv": [
        0.0,
        0.8888889,
        0.03529412
      ],
      "lab": [
        0.7406502,
        2.0920186,
        0.7371187
      ],
      "count": 1643,
      "share": 0.05364897959183673
    },
    {
      "rgb": {
        "r": 15,
        "g": 10,
        "b": 1
      },
      "hsv": [
        38.57143,
        0.93333334,
        0.05882353
      ],
      "lab": [
        2.8982391,
        0.2490431,
        3.9348154
      ],
      "count": 902,
      "share": 0.029453061224489797
    },
    {
      "rgb": {
        "r": 22,
        "g": 2,
        "b": 1
      },
      "hsv": [
        2.857143,
        0.95454544,
        0.08627451
      ],
      "lab": [
        1.953249,
        6.250292,
        2.6297271
      ],
      "count": 423,
      "share": 0.013812244897959184
    },
    {
      "rgb": {
        "r": 30,
        "g": 15,
        "b": 2
      },
      "hsv": [
        27.857143,
        0.93333334,
        0.11764706
      ],
      "lab": [
        5.619587,
        5.159549,
        7.6903553
      ],
      "count": 201,
      "share": 0.006563265306122449
    },
    {
      "rgb": {
        "r": 34,
        "g": 3,
        "b": 2
      },
      "hsv": [
        1.8749998,
        0.9411765,
        0.13333334
      ],
      "lab": [
        3.7008018,
        12.857981,
        4.957938
      ],
      "count": 199,
      "share": 0.006497959183673469
    },
    {
      "rgb": {
        "r": 47,
        "g": 4,
        "b": 1
      },
      "hsv": [
        3.913044,
        0.9787234,
        0.18431373
      ],
      "lab": [
        6.264925,
        21.14287,
        9.395933
      ],
      "count": 122,
      "share": 0.003983673469387755
    },
    {
      "rgb": {
        "r": 43,
        "g": 20,
        "b": 4
      },
      "hsv": [
        24.615385,
        0.90697676,
        0.16862746
      ],
      "lab": [
        9.180021,
        10.064379,
        12.316645
      ],
      "count": 107,
      "share": 0.003493877551020408
    },
    {
      "rgb": {
        "r": 188,
        "g": 71,
        "b": 5
      },
      "hsv": [
        21.639345,
        0.9734042,
        0.7372549
      ],
      "lab": [
        45.923428,
        44.76735,
        55.1864
      ],
      "count": 103,
      "share": 0.003363265306122449
    },
    {
      "rgb": {
        "r": 64,
        "g": 5,
        "b": 2
      },
      "hsv": [
        2.9032257,
        0.96875,
        0.2509804
      ],
      "lab": [
        10.581532,
        27.482838,
        15.742317
      ],
      "count": 101,
      "share": 0.0032979591836734693
    },
    {
      "rgb": {
        "r": 58,
        "g": 29,
        "b": 5
      },
      "hsv": [
        27.169811,
        0.9137931,
        0.22745098
      ],
      "lab": [
        14.341223,
        11.969402,
        19.39861
      ],
      "count": 95,
      "share": 0.0031020408163265306
    },
    {
      "rgb": {
        "r": 210,
        "g": 84,
        "b": 6
      },
      "hsv": [
        22.941177,
        0.9714286,
        0.8235294
      ],
      "lab": [
        51.904648,
        46.92462,
        60.416294
      ],
      "count": 94,
      "share": 0.0030693877551020406
    },
    {
      "rgb": {
        "r": 202,
        "g": 45,
        "b": 14
      },
      "hsv": [
        9.893618,
        0.9306931,
        0.7921569
      ],
      "lab": [
        44.89845,
        59.4725,
        53.378124
      ],
      "count": 89,
      "share": 0.002906122448979592
    },
    {
      "rgb": {
        "r": 130,
        "g": 49,
        "b": 5
      },
      "hsv": [
        21.119999,
        0.9615385,
        0.50980395
      ],
      "lab": [
        31.703987,
        33.012062,
        41.18976
      ],
      "count": 87,
      "share": 0.0028408163265306124
    },
    {
      "rgb": {
        "r": 223,
        "g": 109,
        "b": 5
      },
      "hsv": [
        28.623854,
        0.97757846,
        0.8745098
      ],
      "lab": [
        58.64042,
        39.807083,
        65.74957
      ],
      "count": 85,
      "share": 0.002775510204081633
    },
    {
      "rgb": {
        "r": 78,
        "g": 41,
        "b": 8
      },
      "hsv": [
        28.285715,
        0.8974359,
        0.30588236
      ],
      "lab": [
        20.917835,
        14.48445,
        26.877455
      ],
      "count": 81,
      "share": 0.0026448979591836737
    },
    {
      "rgb": {
        "r": 76,
        "g": 28,
        "b": 2
      },
      "hsv": [
        21.081081,
        0.9736842,
        0.29803923
      ],
      "lab": [
        17.328903,
        21.201923,
        25.073921
      ],
      "count": 78,
      "share": 0.002546938775510204
    },
    {
      "rgb": {
        "r": 241,
        "g": 80,
        "b": 9
      },
      "hsv": [
        18.36207,
        0.9626556,
        0.94509804
      ],
      "lab": [
        56.549232,
        59.46213,
        65.244736
      ],
      "count": 78,
      "share": 0.002546938775510204
    },
    {
      "rgb": {
        "r": 124,
        "g": 22,
        "b": 7
      },
      "hsv": [
        7.692308,
        0.9435484,
        0.4862745
      ],
      "lab": [
        26.377571,
        42.142063,
        35.64883
      ],
      "count": 78,
      "share": 0.002546938775510204
    },
    {
      "rgb": {
        "r": 168,
        "g": 41,
        "b": 12
      },
      "hsv": [
        11.153847,
        0.92857146,
        0.65882355
      ],
      "lab": [
        37.734516,
        50.153255,
        46.119823
      ],
      "count": 76,
      "share": 0.0024816326530612246
    },
    {
      "rgb": {
        "r": 186,
        "g": 92,
        "b": 10
      },
      "hsv": [
        27.954546,
        0.94623655,
        0.7294118
      ],
      "lab": [
        49.639366,
        33.688812,
        56.225193
      ],
      "count": 74,
      "share": 0.002416326530612245
    },
    {
      "rgb": {
        "r": 98,
        "g": 42,
        "b": 4
      },
      "hsv": [
        24.25532,
        0.9591837,
        0.38431373
      ],
      "lab": [
        24.519802,
        23.179739,
        33.300243
      ],
      "count": 74,
      "share": 0.002416326530612245
    },
    {
      "rgb": {
        "r": 239,
        "g": 50,
        "b": 5
      },
      "hsv": [
        11.538462,
        0.9790795,
        0.9372549
      ],
      "lab": [
        52.563217,
        68.79139,
        63.79512
      ],
      "count": 72,
      "share": 0.0023510204081632654
    },
    {
      "rgb": {
        "r": 163,
        "g": 67,
        "b": 6
      },
      "hsv": [
        23.312103,
        0.9631902,
        0.6392157
      ],
      "lab": [
        40.9228,
        37.16141,
        49.669277
      ],
      "count": 72,
      "share": 0.0023510204081632654
    },
    {
      "rgb": {
        "r": 90,
        "g": 13,
        "b": 4
      },
      "hsv": [
        6.279069,
        0.95555556,
        0.3529412
      ],
      "lab": [
        17.786926,
        33.664913,
        25.503244
      ],
      "count": 71,
      "share": 0.0023183673469387754
    },
    {
      "rgb": {
        "r": 146,
        "g": 73,
        "b": 8
      },
      "hsv": [
        28.26087,
        0.9452055,
        0.57254905
      ],
      "lab": [
        39.40371,
        27.00971,
        46.734974
      ],
      "count": 57,
      "share": 0.0018612244897959183
    },
    {
      "rgb": {
        "r": 120,
        "g": 61,
        "b": 12
      },
      "hsv": [
        27.222221,
        0.90000004,
        0.47058824
      ],
      "lab": [
        32.608917,
        22.371367,
        38.466682
      ],
      "count": 57,
      "share": 0.0018612244897959183
    },
    {
      "rgb": {
        "r": 239,
        "g": 141,
        "b": 15
      },
      "hsv": [
        33.75,
        0.9372385,
        0.9372549
      ],
      "lab": [
        67.60582,
        29.938698,
        71.13486
      ],
      "count": 38,
      "share": 0.0012408163265306123
    },
    {
      "rgb": {
        "r": 207,
        "g": 128,
        "b": 62
      },
      "hsv": [
        27.310349,
        0.70048314,
        0.8117647
      ],
      "lab": [
        60.830086,
        24.89412,
        47.47054
      ],
      "count": 12,
      "share": 0.0003918367346938776
    }
  ],
  "roleAssignments": [
    {
      "role": "Background",
      "rgb": {
        "r": 0,
        "g": 0,
        "b": 0
      },
      "hsv": [
        0.0,
        0.0,
        0.0
      ],
      "lab": [
        0.0,
        0.0,
        0.0
      ],
      "hex": "#000000",
      "sourceClusterIndex": 0,
      "confidence": 0.5,
      "origin": "cluster"
    },
    {
      "role": "Text",
      "rgb": {
        "r": 239,
        "g": 141,
        "b": 15
      },
      "hsv": [
        33.75,
        0.9372385,
        0.9372549
      ],
      "lab": [
        67.60582,
        29.938698,
        71.13486
      ],
      "hex": "#ef8d0f",
      "sourceClusterIndex": 28,
      "confidence": 0.9,
      "contrastAgainstBackground": 8.486995,
      "origin": "cluster"
    },
    {
      "role": "Accent",
      "rgb": {
        "r": 0,
        "g": 0,
        "b": 0
      },
      "hsv": [
        0.0,
        0.0,
        0.0
      ],
      "lab": [
        0.0,
        0.0,
        0.0
      ],
      "hex": "#000000",
      "confidence": 0.45,
      "contrastAgainstBackground": 1.0,
      "contrastAgainstText": 8.486995,
      "origin": "synthetic:bg-neutral"
    },
    {
      "role": "Border",
      "rgb": {
        "r": 239,
        "g": 50,
        "b": 5
      },
      "hsv": [
        11.538462,
        0.9790795,
        0.9372549
      ],
      "lab": [
        52.563217,
        68.79139,
        63.79512
      ],
      "hex": "#ef3205",
      "sourceClusterIndex": 23,
      "confidence": 0.8,
      "origin": "cluster"
    },
    {
      "role": "ActiveItem",
      "rgb": {
        "r": 165,
        "g": 165,
        "b": 165
      },
      "hsv": [
        0.0,
        0.0,
        0.64705884
      ],
      "lab": [
        67.74423,
        -0.000029802322,
        0.000011920929
      ],
      "hex": "#a5a5a5",
      "confidence": 0.45,
      "contrastAgainstBackground": 8.525245,
      "contrastAgainstText": 1.004507,
      "origin": "synthetic:text-neutral"
    },
    {
      "role": "HighlightText",
      "rgb": {
        "r": 48,
        "g": 48,
        "b": 48
      },
      "hsv": [
        0.0,
        0.0,
        0.1882353
      ],
      "lab": [
        19.865536,
        -0.000014901161,
        0.0000059604645
      ],
      "hex": "#303030",
      "confidence": 0.65,
      "contrastAgainstBackground": 5.3579583,
      "origin": "accent_adjusted:+20.0"
    },
    {
      "role": "Frame",
      "rgb": {
        "r": 255,
        "g": 255,
        "b": 255
      },
      "hsv": [
        0.0,
        0.0,
        1.0
      ],
      "lab": [
        100.0,
        0.0,
        0.0
      ],
      "hex": "#ffffff",
      "confidence": 0.55,
      "contrastAgainstBackground": 20.999998,
      "contrastAgainstText": 2.474374,
      "origin": "synthetic:white"
    },
    {
      "role": "HeaderAccent",
      "rgb": {
        "r": 255,
        "g": 255,
        "b": 255
      },
      "hsv": [
        0.0,
        0.0,
        1.0
      ],
      "lab": [
        100.0,
        0.0,
        0.0
      ],
      "hex": "#ffffff",
      "confidence": 0.6,
      "contrastAgainstBackground": 20.999998,
      "contrastAgainstText": 2.474374,
      "origin": "header_accent:white"
    },
    {
      "role": "InactiveItem",
      "rgb": {
        "r": 239,
        "g": 50,
        "b": 5
      },
      "hsv": [
        11.538462,
        0.9790795,
        0.9372549
      ],
      "lab": [
        52.563217,
        68.79139,
        63.79512
      ],
      "hex": "#ef3205",
      "sourceClusterIndex": 23,
      "confidence": 0.7,
      "origin": "cluster"
    },
    {
      "role": "ProgressBar",
      "rgb": {
        "r": 0,
        "g": 0,
        "b": 0
      },
      "hsv": [
        0.0,
        0.0,
        0.0
      ],
      "lab": [
        0.0,
        0.0,
        0.0
      ],
      "hex": "#000000",
      "confidence": 0.45,
      "contrastAgainstBackground": 1.0,
      "contrastAgainstText": 8.486995,
      "origin": "synthetic:bg-neutral"
    },
    {
      "role": "Scrollbar",
      "rgb": {
        "r": 165,
        "g": 165,
        "b": 165
      },
      "hsv": [
        0.0,
        0.0,
        0.64705884
      ],
      "lab": [
        67.74423,
        -0.000029802322,
        0.000011920929
      ],
      "hex": "#a5a5a5",
      "confidence": 0.45,
      "contrastAgainstBackground": 8.525245,
      "contrastAgainstText": 1.004507,
      "origin": "synthetic:text-neutral"
    }
  ],
  "totalSamples": 30625,
  "iterations": 20,
  "durationMs": 43.823364,
  "colorSpace": "CIELAB",
  "scrollbarEnabled": true
}
[2026-06-10 01:36:00] Theme generated successfully: /home/vlvin/.config/rmpc/themes/current-song.ron
[2026-06-10 01:36:00] ========== Theme Update Complete ==========

[2026-06-10 01:37:31] ========== Song Change Detected ==========
[2026-06-10 01:37:31] File: C418 (FLAC)/Albums/2013 - Minecraft - Volume Beta/02. Alpha.flac
[2026-06-10 01:37:31] Artist: C418
[2026-06-10 01:37:31] Title: Alpha
[2026-06-10 01:37:31] Extracting album art...
[2026-06-10 01:37:31] Album art extracted successfully
[2026-06-10 01:37:31] Album art hash unchanged; skipping theme generation (skip_count=140)
[2026-06-11 14:16:23] ========== Song Change Detected ==========
[2026-06-11 14:16:23] ========== Song Change Detected ==========
[2026-06-11 14:16:23] File: Hammock - The Second Coming Was a Moonrise (2026)/01. Hammock - Inbreaking.mp3
[2026-06-11 14:16:23] File: Hammock - The Second Coming Was a Moonrise (2026)/01. Hammock - Inbreaking.mp3
[2026-06-11 14:16:23] Artist: Hammock
[2026-06-11 14:16:23] Artist: Hammock
[2026-06-11 14:16:23] Title: Inbreaking
[2026-06-11 14:16:23] Title: Inbreaking
[2026-06-11 14:16:23] Extracting album art...
[2026-06-11 14:16:23] Extracting album art...
[2026-06-11 14:16:23] Album art extracted successfully
[2026-06-11 14:16:23] Album art extracted successfully
[2026-06-11 14:16:23] Generating theme (format: image/jpeg)...
[2026-06-11 14:16:23] Generating theme (format: image/jpeg)...
Theme written to: /home/vlvin/.config/rmpc/themes/current-song.ron
{
  "version": "1.0.0",
  "clusters": [
    {
      "rgb": {
        "r": 32,
        "g": 37,
        "b": 42
      },
      "hsv": [
        210.0,
        0.23809522,
        0.16470589
      ],
      "lab": [
        14.385607,
        -0.8559078,
        -4.064268
      ],
      "count": 2615,
      "share": 0.16736
    },
    {
      "rgb": {
        "r": 27,
        "g": 30,
        "b": 34
      },
      "hsv": [
        214.28572,
        0.20588239,
        0.13333334
      ],
      "lab": [
        11.113874,
        -0.28461963,
        -3.2007008
      ],
      "count": 2577,
      "share": 0.164928
    },
    {
      "rgb": {
        "r": 40,
        "g": 47,
        "b": 52
      },
      "hsv": [
        205.0,
        0.23076922,
        0.20392157
      ],
      "lab": [
        18.936996,
        -1.6700774,
        -4.2108355
      ],
      "count": 1170,
      "share": 0.07488
    },
    {
      "rgb": {
        "r": 55,
        "g": 60,
        "b": 66
      },
      "hsv": [
        212.72728,
        0.1666667,
        0.25882354
      ],
      "lab": [
        25.067177,
        -0.6022155,
        -4.402298
      ],
      "count": 893,
      "share": 0.057152
    },
    {
      "rgb": {
        "r": 23,
        "g": 24,
        "b": 26
      },
      "hsv": [
        220.0,
        0.11538461,
        0.101960786
      ],
      "lab": [
        8.218014,
        0.059120357,
        -1.5729487
      ],
      "count": 782,
      "share": 0.050048
    },
    {
      "rgb": {
        "r": 27,
        "g": 23,
        "b": 19
      },
      "hsv": [
        30.0,
        0.29629627,
        0.105882354
      ],
      "lab": [
        8.06485,
        1.101099,
        3.2894044
      ],
      "count": 768,
      "share": 0.049152
    },
    {
      "rgb": {
        "r": 74,
        "g": 76,
        "b": 81
      },
      "hsv": [
        222.85713,
        0.08641975,
        0.31764707
      ],
      "lab": [
        32.29982,
        0.32487512,
        -3.238666
      ],
      "count": 631,
      "share": 0.040384
    },
    {
      "rgb": {
        "r": 104,
        "g": 95,
        "b": 93
      },
      "hsv": [
        10.909091,
        0.105769224,
        0.40784314
      ],
      "lab": [
        41.08546,
        3.2093973,
        2.4438798
      ],
      "count": 511,
      "share": 0.032704
    },
    {
      "rgb": {
        "r": 45,
        "g": 35,
        "b": 24
      },
      "hsv": [
        31.428574,
        0.46666667,
        0.1764706
      ],
      "lab": [
        14.5462055,
        2.7878137,
        9.181809
      ],
      "count": 468,
      "share": 0.029952
    },
    {
      "rgb": {
        "r": 60,
        "g": 43,
        "b": 25
      },
      "hsv": [
        30.857145,
        0.5833333,
        0.23529412
      ],
      "lab": [
        19.050762,
        5.211413,
        14.731357
      ],
      "count": 428,
      "share": 0.027392
    },
    {
      "rgb": {
        "r": 36,
        "g": 23,
        "b": 14
      },
      "hsv": [
        24.545452,
        0.61111116,
        0.14117648
      ],
      "lab": [
        9.154018,
        5.1283464,
        7.8650293
      ],
      "count": 419,
      "share": 0.026816
    },
    {
      "rgb": {
        "r": 47,
        "g": 45,
        "b": 47
      },
      "hsv": [
        300.0,
        0.042553186,
        0.18431373
      ],
      "lab": [
        18.741283,
        1.3635308,
        -0.96782446
      ],
      "count": 416,
      "share": 0.026624
    },
    {
      "rgb": {
        "r": 95,
        "g": 68,
        "b": 38
      },
      "hsv": [
        31.578949,
        0.59999996,
        0.37254903
      ],
      "lab": [
        31.131744,
        7.784426,
        22.56664
      ],
      "count": 365,
      "share": 0.02336
    },
    {
      "rgb": {
        "r": 88,
        "g": 78,
        "b": 75
      },
      "hsv": [
        13.846154,
        0.14772727,
        0.34509805
      ],
      "lab": [
        34.04873,
        3.5670252,
        3.2878637
      ],
      "count": 334,
      "share": 0.021376
    },
    {
      "rgb": {
        "r": 78,
        "g": 55,
        "b": 31
      },
      "hsv": [
        30.638294,
        0.60256416,
        0.30588236
      ],
      "lab": [
        25.110718,
        7.0428104,
        18.961758
      ],
      "count": 330,
      "share": 0.02112
    },
    {
      "rgb": {
        "r": 51,
        "g": 30,
        "b": 11
      },
      "hsv": [
        28.499998,
        0.78431374,
        0.2
      ],
      "lab": [
        13.571371,
        7.998496,
        15.721167
      ],
      "count": 327,
      "share": 0.020928
    },
    {
      "rgb": {
        "r": 131,
        "g": 113,
        "b": 102
      },
      "hsv": [
        22.758615,
        0.22137408,
        0.5137255
      ],
      "lab": [
        49.001648,
        5.151987,
        8.701086
      ],
      "count": 301,
      "share": 0.019264
    },
    {
      "rgb": {
        "r": 71,
        "g": 43,
        "b": 15
      },
      "hsv": [
        30.0,
        0.7887324,
        0.2784314
      ],
      "lab": [
        20.448513,
        10.011822,
        22.901863
      ],
      "count": 292,
      "share": 0.018688
    },
    {
      "rgb": {
        "r": 117,
        "g": 83,
        "b": 45
      },
      "hsv": [
        31.666672,
        0.6153846,
        0.45882353
      ],
      "lab": [
        38.125763,
        9.64804,
        27.57013
      ],
      "count": 273,
      "share": 0.017472
    },
    {
      "rgb": {
        "r": 69,
        "g": 61,
        "b": 60
      },
      "hsv": [
        6.666664,
        0.13043483,
        0.27058825
      ],
      "lab": [
        26.531631,
        3.2504053,
        1.8764734
      ],
      "count": 239,
      "share": 0.015296
    },
    {
      "rgb": {
        "r": 154,
        "g": 129,
        "b": 105
      },
      "hsv": [
        29.387758,
        0.31818184,
        0.6039216
      ],
      "lab": [
        55.67637,
        5.8763623,
        16.596294
      ],
      "count": 216,
      "share": 0.013824
    },
    {
      "rgb": {
        "r": 97,
        "g": 60,
        "b": 20
      },
      "hsv": [
        31.168827,
        0.7938144,
        0.38039216
      ],
      "lab": [
        28.964657,
        12.448326,
        30.289146
      ],
      "count": 212,
      "share": 0.013568
    },
    {
      "rgb": {
        "r": 76,
        "g": 60,
        "b": 45
      },
      "hsv": [
        29.032253,
        0.40789476,
        0.29803923
      ],
      "lab": [
        26.614555,
        4.5357494,
        11.933637
      ],
      "count": 204,
      "share": 0.013056
    },
    {
      "rgb": {
        "r": 115,
        "g": 94,
        "b": 77
      },
      "hsv": [
        26.842104,
        0.33043477,
        0.4509804
      ],
      "lab": [
        41.51116,
        5.7831855,
        12.955016
      ],
      "count": 179,
      "share": 0.011456
    },
    {
      "rgb": {
        "r": 192,
        "g": 138,
        "b": 69
      },
      "hsv": [
        33.658535,
        0.640625,
        0.7529412
      ],
      "lab": [
        61.494774,
        13.45402,
        44.27625
      ],
      "count": 168,
      "share": 0.010752
    },
    {
      "rgb": {
        "r": 127,
        "g": 82,
        "b": 29
      },
      "hsv": [
        32.448982,
        0.77165353,
        0.49803922
      ],
      "lab": [
        38.961258,
        13.877689,
        37.28931
      ],
      "count": 165,
      "share": 0.01056
    },
    {
      "rgb": {
        "r": 161,
        "g": 106,
        "b": 37
      },
      "hsv": [
        33.387093,
        0.77018636,
        0.6313726
      ],
      "lab": [
        49.52105,
        15.903115,
        45.57925
      ],
      "count": 131,
      "share": 0.008384
    },
    {
      "rgb": {
        "r": 151,
        "g": 110,
        "b": 59
      },
      "hsv": [
        33.260864,
        0.6092716,
        0.5921569
      ],
      "lab": [
        49.554688,
        10.450154,
        34.409584
      ],
      "count": 117,
      "share": 0.007488
    },
    {
      "rgb": {
        "r": 224,
        "g": 168,
        "b": 69
      },
      "hsv": [
        38.32258,
        0.6919643,
        0.8784314
      ],
      "lab": [
        72.419014,
        10.9348,
        57.19063
      ],
      "count": 62,
      "share": 0.003968
    },
    {
      "rgb": {
        "r": 200,
        "g": 161,
        "b": 120
      },
      "hsv": [
        30.750004,
        0.4,
        0.78431374
      ],
      "lab": [
        68.843315,
        8.852035,
        26.803171
      ],
      "count": 32,
      "share": 0.002048
    }
  ],
  "roleAssignments": [
    {
      "role": "Background",
      "rgb": {
        "r": 40,
        "g": 47,
        "b": 52
      },
      "hsv": [
        205.0,
        0.23076922,
        0.20392157
      ],
      "lab": [
        18.936996,
        -1.6700774,
        -4.2108355
      ],
      "hex": "#282f34",
      "sourceClusterIndex": 2,
      "confidence": 0.9,
      "origin": "cluster"
    },
    {
      "role": "Text",
      "rgb": {
        "r": 224,
        "g": 168,
        "b": 69
      },
      "hsv": [
        38.32258,
        0.6919643,
        0.8784314
      ],
      "lab": [
        72.419014,
        10.9348,
        57.19063
      ],
      "hex": "#e0a845",
      "sourceClusterIndex": 28,
      "confidence": 0.9,
      "contrastAgainstBackground": 6.3737364,
      "origin": "cluster"
    },
    {
      "role": "Accent",
      "rgb": {
        "r": 46,
        "g": 46,
        "b": 46
      },
      "hsv": [
        0.0,
        0.0,
        0.18039216
      ],
      "lab": [
        18.937325,
        0.0,
        0.0
      ],
      "hex": "#2e2e2e",
      "confidence": 0.45,
      "contrastAgainstBackground": 1.0000013,
      "contrastAgainstText": 6.3737283,
      "origin": "synthetic:bg-neutral"
    },
    {
      "role": "Border",
      "rgb": {
        "r": 200,
        "g": 161,
        "b": 120
      },
      "hsv": [
        30.750004,
        0.4,
        0.78431374
      ],
      "lab": [
        68.843315,
        8.852035,
        26.803171
      ],
      "hex": "#c8a178",
      "sourceClusterIndex": 29,
      "confidence": 0.8,
      "origin": "cluster"
    },
    {
      "role": "ActiveItem",
      "rgb": {
        "r": 178,
        "g": 178,
        "b": 178
      },
      "hsv": [
        0.0,
        0.0,
        0.69803923
      ],
      "lab": [
        72.57478,
        0.0,
        0.0
      ],
      "hex": "#b2b2b2",
      "confidence": 0.45,
      "contrastAgainstBackground": 6.4045024,
      "contrastAgainstText": 1.004827,
      "origin": "synthetic:text-neutral"
    },
    {
      "role": "HighlightText",
      "rgb": {
        "r": 0,
        "g": 0,
        "b": 0
      },
      "hsv": [
        0.0,
        0.0,
        0.0
      ],
      "lab": [
        0.0,
        0.0,
        0.0
      ],
      "hex": "#000000",
      "confidence": 0.65,
      "contrastAgainstBackground": 9.904025,
      "origin": "accent_adjusted:-18.9"
    },
    {
      "role": "Frame",
      "rgb": {
        "r": 255,
        "g": 255,
        "b": 255
      },
      "hsv": [
        0.0,
        0.0,
        1.0
      ],
      "lab": [
        100.0,
        0.0,
        0.0
      ],
      "hex": "#ffffff",
      "confidence": 0.55,
      "contrastAgainstBackground": 13.579786,
      "contrastAgainstText": 2.130585,
      "origin": "synthetic:white"
    },
    {
      "role": "HeaderAccent",
      "rgb": {
        "r": 255,
        "g": 255,
        "b": 255
      },
      "hsv": [
        0.0,
        0.0,
        1.0
      ],
      "lab": [
        100.0,
        0.0,
        0.0
      ],
      "hex": "#ffffff",
      "confidence": 0.6,
      "contrastAgainstBackground": 13.579786,
      "contrastAgainstText": 2.130585,
      "origin": "header_accent:white"
    },
    {
      "role": "InactiveItem",
      "rgb": {
        "r": 200,
        "g": 161,
        "b": 120
      },
      "hsv": [
        30.750004,
        0.4,
        0.78431374
      ],
      "lab": [
        68.843315,
        8.852035,
        26.803171
      ],
      "hex": "#c8a178",
      "sourceClusterIndex": 29,
      "confidence": 0.7,
      "origin": "cluster"
    },
    {
      "role": "ProgressBar",
      "rgb": {
        "r": 46,
        "g": 46,
        "b": 46
      },
      "hsv": [
        0.0,
        0.0,
        0.18039216
      ],
      "lab": [
        18.937325,
        0.0,
        0.0
      ],
      "hex": "#2e2e2e",
      "confidence": 0.45,
      "contrastAgainstBackground": 1.0000013,
      "contrastAgainstText": 6.3737283,
      "origin": "synthetic:bg-neutral"
    },
    {
      "role": "Scrollbar",
      "rgb": {
        "r": 178,
        "g": 178,
        "b": 178
      },
      "hsv": [
        0.0,
        0.0,
        0.69803923
      ],
      "lab": [
        72.57478,
        0.0,
        0.0
      ],
      "hex": "#b2b2b2",
      "confidence": 0.45,
      "contrastAgainstBackground": 6.4045024,
      "contrastAgainstText": 1.004827,
      "origin": "synthetic:text-neutral"
    }
  ],
  "totalSamples": 15625,
  "iterations": 30,
  "durationMs": 75.722284,
  "colorSpace": "CIELAB",
  "scrollbarEnabled": true
}
Theme written to: /home/vlvin/.config/rmpc/themes/current-song.ron
{
  "version": "1.0.0",
  "clusters": [
    {
      "rgb": {
        "r": 32,
        "g": 37,
        "b": 42
      },
      "hsv": [
        210.0,
        0.23809522,
        0.16470589
      ],
      "lab": [
        14.385607,
        -0.8559078,
        -4.064268
      ],
      "count": 2615,
      "share": 0.16736
    },
    {
      "rgb": {
        "r": 27,
        "g": 30,
        "b": 34
      },
      "hsv": [
        214.28572,
        0.20588239,
        0.13333334
      ],
      "lab": [
        11.113874,
        -0.28461963,
        -3.2007008
      ],
      "count": 2577,
      "share": 0.164928
    },
    {
      "rgb": {
        "r": 40,
        "g": 47,
        "b": 52
      },
      "hsv": [
        205.0,
        0.23076922,
        0.20392157
      ],
      "lab": [
        18.936996,
        -1.6700774,
        -4.2108355
      ],
      "count": 1170,
      "share": 0.07488
    },
    {
      "rgb": {
        "r": 55,
        "g": 60,
        "b": 66
      },
      "hsv": [
        212.72728,
        0.1666667,
        0.25882354
      ],
      "lab": [
        25.067177,
        -0.6022155,
        -4.402298
      ],
      "count": 893,
      "share": 0.057152
    },
    {
      "rgb": {
        "r": 23,
        "g": 24,
        "b": 26
      },
      "hsv": [
        220.0,
        0.11538461,
        0.101960786
      ],
      "lab": [
        8.218014,
        0.059120357,
        -1.5729487
      ],
      "count": 782,
      "share": 0.050048
    },
    {
      "rgb": {
        "r": 27,
        "g": 23,
        "b": 19
      },
      "hsv": [
        30.0,
        0.29629627,
        0.105882354
      ],
      "lab": [
        8.06485,
        1.101099,
        3.2894044
      ],
      "count": 768,
      "share": 0.049152
    },
    {
      "rgb": {
        "r": 74,
        "g": 76,
        "b": 81
      },
      "hsv": [
        222.85713,
        0.08641975,
        0.31764707
      ],
      "lab": [
        32.29982,
        0.32487512,
        -3.238666
      ],
      "count": 631,
      "share": 0.040384
    },
    {
      "rgb": {
        "r": 104,
        "g": 95,
        "b": 93
      },
      "hsv": [
        10.909091,
        0.105769224,
        0.40784314
      ],
      "lab": [
        41.08546,
        3.2093973,
        2.4438798
      ],
      "count": 511,
      "share": 0.032704
    },
    {
      "rgb": {
        "r": 45,
        "g": 35,
        "b": 24
      },
      "hsv": [
        31.428574,
        0.46666667,
        0.1764706
      ],
      "lab": [
        14.5462055,
        2.7878137,
        9.181809
      ],
      "count": 468,
      "share": 0.029952
    },
    {
      "rgb": {
        "r": 60,
        "g": 43,
        "b": 25
      },
      "hsv": [
        30.857145,
        0.5833333,
        0.23529412
      ],
      "lab": [
        19.050762,
        5.211413,
        14.731357
      ],
      "count": 428,
      "share": 0.027392
    },
    {
      "rgb": {
        "r": 36,
        "g": 23,
        "b": 14
      },
      "hsv": [
        24.545452,
        0.61111116,
        0.14117648
      ],
      "lab": [
        9.154018,
        5.1283464,
        7.8650293
      ],
      "count": 419,
      "share": 0.026816
    },
    {
      "rgb": {
        "r": 47,
        "g": 45,
        "b": 47
      },
      "hsv": [
        300.0,
        0.042553186,
        0.18431373
      ],
      "lab": [
        18.741283,
        1.3635308,
        -0.96782446
      ],
      "count": 416,
      "share": 0.026624
    },
    {
      "rgb": {
        "r": 95,
        "g": 68,
        "b": 38
      },
      "hsv": [
        31.578949,
        0.59999996,
        0.37254903
      ],
      "lab": [
        31.131744,
        7.784426,
        22.56664
      ],
      "count": 365,
      "share": 0.02336
    },
    {
      "rgb": {
        "r": 88,
        "g": 78,
        "b": 75
      },
      "hsv": [
        13.846154,
        0.14772727,
        0.34509805
      ],
      "lab": [
        34.04873,
        3.5670252,
        3.2878637
      ],
      "count": 334,
      "share": 0.021376
    },
    {
      "rgb": {
        "r": 78,
        "g": 55,
        "b": 31
      },
      "hsv": [
        30.638294,
        0.60256416,
        0.30588236
      ],
      "lab": [
        25.110718,
        7.0428104,
        18.961758
      ],
      "count": 330,
      "share": 0.02112
    },
    {
      "rgb": {
        "r": 51,
        "g": 30,
        "b": 11
      },
      "hsv": [
        28.499998,
        0.78431374,
        0.2
      ],
      "lab": [
        13.571371,
        7.998496,
        15.721167
      ],
      "count": 327,
      "share": 0.020928
    },
    {
      "rgb": {
        "r": 131,
        "g": 113,
        "b": 102
      },
      "hsv": [
        22.758615,
        0.22137408,
        0.5137255
      ],
      "lab": [
        49.001648,
        5.151987,
        8.701086
      ],
      "count": 301,
      "share": 0.019264
    },
    {
      "rgb": {
        "r": 71,
        "g": 43,
        "b": 15
      },
      "hsv": [
        30.0,
        0.7887324,
        0.2784314
      ],
      "lab": [
        20.448513,
        10.011822,
        22.901863
      ],
      "count": 292,
      "share": 0.018688
    },
    {
      "rgb": {
        "r": 117,
        "g": 83,
        "b": 45
      },
      "hsv": [
        31.666672,
        0.6153846,
        0.45882353
      ],
      "lab": [
        38.125763,
        9.64804,
        27.57013
      ],
      "count": 273,
      "share": 0.017472
    },
    {
      "rgb": {
        "r": 69,
        "g": 61,
        "b": 60
      },
      "hsv": [
        6.666664,
        0.13043483,
        0.27058825
      ],
      "lab": [
        26.531631,
        3.2504053,
        1.8764734
      ],
      "count": 239,
      "share": 0.015296
    },
    {
      "rgb": {
        "r": 154,
        "g": 129,
        "b": 105
      },
      "hsv": [
        29.387758,
        0.31818184,
        0.6039216
      ],
      "lab": [
        55.67637,
        5.8763623,
        16.596294
      ],
      "count": 216,
      "share": 0.013824
    },
    {
      "rgb": {
        "r": 97,
        "g": 60,
        "b": 20
      },
      "hsv": [
        31.168827,
        0.7938144,
        0.38039216
      ],
      "lab": [
        28.964657,
        12.448326,
        30.289146
      ],
      "count": 212,
      "share": 0.013568
    },
    {
      "rgb": {
        "r": 76,
        "g": 60,
        "b": 45
      },
      "hsv": [
        29.032253,
        0.40789476,
        0.29803923
      ],
      "lab": [
        26.614555,
        4.5357494,
        11.933637
      ],
      "count": 204,
      "share": 0.013056
    },
    {
      "rgb": {
        "r": 115,
        "g": 94,
        "b": 77
      },
      "hsv": [
        26.842104,
        0.33043477,
        0.4509804
      ],
      "lab": [
        41.51116,
        5.7831855,
        12.955016
      ],
      "count": 179,
      "share": 0.011456
    },
    {
      "rgb": {
        "r": 192,
        "g": 138,
        "b": 69
      },
      "hsv": [
        33.658535,
        0.640625,
        0.7529412
      ],
      "lab": [
        61.494774,
        13.45402,
        44.27625
      ],
      "count": 168,
      "share": 0.010752
    },
    {
      "rgb": {
        "r": 127,
        "g": 82,
        "b": 29
      },
      "hsv": [
        32.448982,
        0.77165353,
        0.49803922
      ],
      "lab": [
        38.961258,
        13.877689,
        37.28931
      ],
      "count": 165,
      "share": 0.01056
    },
    {
      "rgb": {
        "r": 161,
        "g": 106,
        "b": 37
      },
      "hsv": [
        33.387093,
        0.77018636,
        0.6313726
      ],
      "lab": [
        49.52105,
        15.903115,
        45.57925
      ],
      "count": 131,
      "share": 0.008384
    },
    {
      "rgb": {
        "r": 151,
        "g": 110,
        "b": 59
      },
      "hsv": [
        33.260864,
        0.6092716,
        0.5921569
      ],
      "lab": [
        49.554688,
        10.450154,
        34.409584
      ],
      "count": 117,
      "share": 0.007488
    },
    {
      "rgb": {
        "r": 224,
        "g": 168,
        "b": 69
      },
      "hsv": [
        38.32258,
        0.6919643,
        0.8784314
      ],
      "lab": [
        72.419014,
        10.9348,
        57.19063
      ],
      "count": 62,
      "share": 0.003968
    },
    {
      "rgb": {
        "r": 200,
        "g": 161,
        "b": 120
      },
      "hsv": [
        30.750004,
        0.4,
        0.78431374
      ],
      "lab": [
        68.843315,
        8.852035,
        26.803171
      ],
      "count": 32,
      "share": 0.002048
    }
  ],
  "roleAssignments": [
    {
      "role": "Background",
      "rgb": {
        "r": 40,
        "g": 47,
        "b": 52
      },
      "hsv": [
        205.0,
        0.23076922,
        0.20392157
      ],
      "lab": [
        18.936996,
        -1.6700774,
        -4.2108355
      ],
      "hex": "#282f34",
      "sourceClusterIndex": 2,
      "confidence": 0.9,
      "origin": "cluster"
    },
    {
      "role": "Text",
      "rgb": {
        "r": 224,
        "g": 168,
        "b": 69
      },
      "hsv": [
        38.32258,
        0.6919643,
        0.8784314
      ],
      "lab": [
        72.419014,
        10.9348,
        57.19063
      ],
      "hex": "#e0a845",
      "sourceClusterIndex": 28,
      "confidence": 0.9,
      "contrastAgainstBackground": 6.3737364,
      "origin": "cluster"
    },
    {
      "role": "Accent",
      "rgb": {
        "r": 46,
        "g": 46,
        "b": 46
      },
      "hsv": [
        0.0,
        0.0,
        0.18039216
      ],
      "lab": [
        18.937325,
        0.0,
        0.0
      ],
      "hex": "#2e2e2e",
      "confidence": 0.45,
      "contrastAgainstBackground": 1.0000013,
      "contrastAgainstText": 6.3737283,
      "origin": "synthetic:bg-neutral"
    },
    {
      "role": "Border",
      "rgb": {
        "r": 200,
        "g": 161,
        "b": 120
      },
      "hsv": [
        30.750004,
        0.4,
        0.78431374
      ],
      "lab": [
        68.843315,
        8.852035,
        26.803171
      ],
      "hex": "#c8a178",
      "sourceClusterIndex": 29,
      "confidence": 0.8,
      "origin": "cluster"
    },
    {
      "role": "ActiveItem",
      "rgb": {
        "r": 178,
        "g": 178,
        "b": 178
      },
      "hsv": [
        0.0,
        0.0,
        0.69803923
      ],
      "lab": [
        72.57478,
        0.0,
        0.0
      ],
      "hex": "#b2b2b2",
      "confidence": 0.45,
      "contrastAgainstBackground": 6.4045024,
      "contrastAgainstText": 1.004827,
      "origin": "synthetic:text-neutral"
    },
    {
      "role": "HighlightText",
      "rgb": {
        "r": 0,
        "g": 0,
        "b": 0
      },
      "hsv": [
        0.0,
        0.0,
        0.0
      ],
      "lab": [
        0.0,
        0.0,
        0.0
      ],
      "hex": "#000000",
      "confidence": 0.65,
      "contrastAgainstBackground": 9.904025,
      "origin": "accent_adjusted:-18.9"
    },
    {
      "role": "Frame",
      "rgb": {
        "r": 255,
        "g": 255,
        "b": 255
      },
      "hsv": [
        0.0,
        0.0,
        1.0
      ],
      "lab": [
        100.0,
        0.0,
        0.0
      ],
      "hex": "#ffffff",
      "confidence": 0.55,
      "contrastAgainstBackground": 13.579786,
      "contrastAgainstText": 2.130585,
      "origin": "synthetic:white"
    },
    {
      "role": "HeaderAccent",
      "rgb": {
        "r": 255,
        "g": 255,
        "b": 255
      },
      "hsv": [
        0.0,
        0.0,
        1.0
      ],
      "lab": [
        100.0,
        0.0,
        0.0
      ],
      "hex": "#ffffff",
      "confidence": 0.6,
      "contrastAgainstBackground": 13.579786,
      "contrastAgainstText": 2.130585,
      "origin": "header_accent:white"
    },
    {
      "role": "InactiveItem",
      "rgb": {
        "r": 200,
        "g": 161,
        "b": 120
      },
      "hsv": [
        30.750004,
        0.4,
        0.78431374
      ],
      "lab": [
        68.843315,
        8.852035,
        26.803171
      ],
      "hex": "#c8a178",
      "sourceClusterIndex": 29,
      "confidence": 0.7,
      "origin": "cluster"
    },
    {
      "role": "ProgressBar",
      "rgb": {
        "r": 46,
        "g": 46,
        "b": 46
      },
      "hsv": [
        0.0,
        0.0,
        0.18039216
      ],
      "lab": [
        18.937325,
        0.0,
        0.0
      ],
      "hex": "#2e2e2e",
      "confidence": 0.45,
      "contrastAgainstBackground": 1.0000013,
      "contrastAgainstText": 6.3737283,
      "origin": "synthetic:bg-neutral"
    },
    {
      "role": "Scrollbar",
      "rgb": {
        "r": 178,
        "g": 178,
        "b": 178
      },
      "hsv": [
        0.0,
        0.0,
        0.69803923
      ],
      "lab": [
        72.57478,
        0.0,
        0.0
      ],
      "hex": "#b2b2b2",
      "confidence": 0.45,
      "contrastAgainstBackground": 6.4045024,
      "contrastAgainstText": 1.004827,
      "origin": "synthetic:text-neutral"
    }
  ],
  "totalSamples": 15625,
  "iterations": 30,
  "durationMs": 77.135565,
  "colorSpace": "CIELAB",
  "scrollbarEnabled": true
}
[2026-06-11 14:16:23] Theme generated successfully: /home/vlvin/.config/rmpc/themes/current-song.ron
[2026-06-11 14:16:23] Theme generated successfully: /home/vlvin/.config/rmpc/themes/current-song.ron
[2026-06-11 14:16:23] ========== Theme Update Complete ==========

[2026-06-11 14:16:23] ========== Theme Update Complete ==========

[2026-06-11 14:23:29] ========== Song Change Detected ==========
[2026-06-11 14:23:29] File: Hammock - The Second Coming Was a Moonrise (2026)/02. Hammock - We Close Our Eyes So We Can See.mp3
[2026-06-11 14:23:29] Artist: Hammock
[2026-06-11 14:23:29] Title: We Close Our Eyes So We Can See
[2026-06-11 14:23:29] Extracting album art...
[2026-06-11 14:23:29] Album art extracted successfully
[2026-06-11 14:23:29] Album art hash unchanged; skipping theme generation (skip_count=141)
[2026-06-11 14:29:01] ========== Song Change Detected ==========
[2026-06-11 14:29:01] File: Hammock - The Second Coming Was a Moonrise (2026)/03. Hammock - The Unsetting Sun.mp3
[2026-06-11 14:29:01] Artist: Hammock
[2026-06-11 14:29:01] Title: The Unsetting Sun
[2026-06-11 14:29:01] Extracting album art...
[2026-06-11 14:29:01] Album art extracted successfully
[2026-06-11 14:29:01] Album art hash unchanged; skipping theme generation (skip_count=142)
[2026-06-11 14:35:55] ========== Song Change Detected ==========
[2026-06-11 14:35:55] File: Hammock - The Second Coming Was a Moonrise (2026)/04. Hammock - Like Sinking Stars.mp3
[2026-06-11 14:35:55] Artist: Hammock
[2026-06-11 14:35:55] Title: Like Sinking Stars
[2026-06-11 14:35:55] Extracting album art...
[2026-06-11 14:35:55] Album art extracted successfully
[2026-06-11 14:35:55] Album art hash unchanged; skipping theme generation (skip_count=143)
[2026-06-11 14:40:54] ========== Song Change Detected ==========
[2026-06-11 14:40:54] File: Hammock - The Second Coming Was a Moonrise (2026)/05. Hammock - Sadness.mp3
[2026-06-11 14:40:54] Artist: Hammock
[2026-06-11 14:40:54] Title: Sadness
[2026-06-11 14:40:54] Extracting album art...
[2026-06-11 14:40:54] Album art extracted successfully
[2026-06-11 14:40:54] Album art hash unchanged; skipping theme generation (skip_count=144)
[2026-06-11 14:45:40] ========== Song Change Detected ==========
[2026-06-11 14:45:40] File: Hammock - The Second Coming Was a Moonrise (2026)/06. Hammock - The Second Coming Was a Moonrise.mp3
[2026-06-11 14:45:40] Artist: Hammock
[2026-06-11 14:45:40] Title: The Second Coming Was a Moonrise
[2026-06-11 14:45:40] Extracting album art...
[2026-06-11 14:45:40] Album art extracted successfully
[2026-06-11 14:45:40] Album art hash unchanged; skipping theme generation (skip_count=145)
[2026-06-11 17:17:00] ========== Song Change Detected ==========
[2026-06-11 17:17:00] File: Hammock - The Second Coming Was a Moonrise (2026)/07. Hammock - Chemicals Make You Small.mp3
[2026-06-11 17:17:00] Artist: Hammock
[2026-06-11 17:17:00] Title: Chemicals Make You Small
[2026-06-11 17:17:00] Extracting album art...
[2026-06-11 17:17:00] Album art extracted successfully
[2026-06-11 17:17:00] Album art hash unchanged; skipping theme generation (skip_count=146)
[2026-06-11 17:22:45] ========== Song Change Detected ==========
[2026-06-11 17:22:45] File: Hammock - The Second Coming Was a Moonrise (2026)/08. Hammock - Everything You Love Is Buried in the Ground or Scattered into Space.mp3
[2026-06-11 17:22:45] Artist: Hammock
[2026-06-11 17:22:45] Title: Everything You Love Is Buried in the Ground or Scattered into Space
[2026-06-11 17:22:45] Extracting album art...
[2026-06-11 17:22:45] Album art extracted successfully
[2026-06-11 17:22:45] Album art hash unchanged; skipping theme generation (skip_count=147)
[2026-06-11 17:26:56] ========== Song Change Detected ==========
[2026-06-11 17:26:56] File: Hammock - The Second Coming Was a Moonrise (2026)/09. Hammock - Deconstructing.mp3
[2026-06-11 17:26:56] Artist: Hammock
[2026-06-11 17:26:56] Title: Deconstructing
[2026-06-11 17:26:56] Extracting album art...
[2026-06-11 17:26:56] Album art extracted successfully
[2026-06-11 17:26:56] Album art hash unchanged; skipping theme generation (skip_count=148)
[2026-06-11 17:30:12] ========== Song Change Detected ==========
[2026-06-11 17:30:12] File: Hammock - The Second Coming Was a Moonrise (2026)/10. Hammock - All the Pain You Can’t Explain.mp3
[2026-06-11 17:30:12] Artist: Hammock
[2026-06-11 17:30:12] Title: All the Pain You Can’t Explain
[2026-06-11 17:30:12] Extracting album art...
[2026-06-11 17:30:12] Album art extracted successfully
[2026-06-11 17:30:12] Album art hash unchanged; skipping theme generation (skip_count=149)
[2026-06-12 15:00:55] ========== Song Change Detected ==========
[2026-06-12 15:00:55] File: S.T.A.L.K.E.R. (Discography)/(2007) MoozE, FireLake - S.T.A.L.K.E.R. Музыка Из Игры. Избранные Треки/12. FireLake - Dirge For The Planet.mp3
[2026-06-12 15:00:55] Artist: FireLake
[2026-06-12 15:00:55] Title: Dirge For The Planet
[2026-06-12 15:00:55] Extracting album art...
[2026-06-12 15:00:55] Album art extracted successfully
[2026-06-12 15:00:55] Generating theme (format: image/jpeg)...
Theme written to: /home/vlvin/.config/rmpc/themes/current-song.ron
{
  "version": "1.0.0",
  "clusters": [
    {
      "rgb": {
        "r": 38,
        "g": 36,
        "b": 30
      },
      "hsv": [
        45.000004,
        0.21052635,
        0.14901961
      ],
      "lab": [
        14.216995,
        -0.4017949,
        4.351145
      ],
      "count": 1207,
      "share": 0.077248
    },
    {
      "rgb": {
        "r": 22,
        "g": 20,
        "b": 15
      },
      "hsv": [
        42.857143,
        0.31818184,
        0.08627451
      ],
      "lab": [
        6.3717384,
        -0.13086945,
        3.078106
      ],
      "count": 1177,
      "share": 0.075328
    },
    {
      "rgb": {
        "r": 30,
        "g": 28,
        "b": 22
      },
      "hsv": [
        45.0,
        0.26666665,
        0.11764706
      ],
      "lab": [
        10.29266,
        -0.38731843,
        4.5015426
      ],
      "count": 1093,
      "share": 0.069952
    },
    {
      "rgb": {
        "r": 234,
        "g": 227,
        "b": 216
      },
      "hsv": [
        36.666668,
        0.07692307,
        0.91764706
      ],
      "lab": [
        90.5004,
        0.49450994,
        6.2081575
      ],
      "count": 1062,
      "share": 0.067968
    },
    {
      "rgb": {
        "r": 223,
        "g": 216,
        "b": 204
      },
      "hsv": [
        37.894737,
        0.085201785,
        0.8745098
      ],
      "lab": [
        86.58319,
        0.3376007,
        6.7611933
      ],
      "count": 1024,
      "share": 0.065536
    },
    {
      "rgb": {
        "r": 13,
        "g": 11,
        "b": 7
      },
      "hsv": [
        40.0,
        0.46153846,
        0.050980393
      ],
      "lab": [
        3.073536,
        0.02451986,
        1.7293453
      ],
      "count": 946,
      "share": 0.060544
    },
    {
      "rgb": {
        "r": 56,
        "g": 58,
        "b": 51
      },
      "hsv": [
        77.14285,
        0.120689645,
        0.22745098
      ],
      "lab": [
        24.018448,
        -2.4073272,
        4.061228
      ],
      "count": 892,
      "share": 0.057088
    },
    {
      "rgb": {
        "r": 45,
        "g": 45,
        "b": 41
      },
      "hsv": [
        60.0,
        0.08888888,
        0.1764706
      ],
      "lab": [
        18.34188,
        -0.91572106,
        2.5883734
      ],
      "count": 748,
      "share": 0.047872
    },
    {
      "rgb": {
        "r": 70,
        "g": 69,
        "b": 59
      },
      "hsv": [
        54.545456,
        0.15714289,
        0.27450982
      ],
      "lab": [
        29.092724,
        -1.6377717,
        6.2032166
      ],
      "count": 732,
      "share": 0.046848
    },
    {
      "rgb": {
        "r": 46,
        "g": 45,
        "b": 35
      },
      "hsv": [
        54.545456,
        0.23913042,
        0.18039216
      ],
      "lab": [
        18.272163,
        -1.6823709,
        6.6491423
      ],
      "count": 553,
      "share": 0.035392
    },
    {
      "rgb": {
        "r": 82,
        "g": 82,
        "b": 75
      },
      "hsv": [
        60.0,
        0.08536585,
        0.32156864
      ],
      "lab": [
        34.674007,
        -1.4499724,
        4.110461
      ],
      "count": 546,
      "share": 0.034944
    },
    {
      "rgb": {
        "r": 33,
        "g": 24,
        "b": 18
      },
      "hsv": [
        23.999996,
        0.45454547,
        0.12941177
      ],
      "lab": [
        9.159628,
        3.370151,
        5.5926743
      ],
      "count": 448,
      "share": 0.028672
    },
    {
      "rgb": {
        "r": 111,
        "g": 102,
        "b": 73
      },
      "hsv": [
        45.789474,
        0.34234232,
        0.43529412
      ],
      "lab": [
        43.306145,
        -1.2950599,
        17.715376
      ],
      "count": 440,
      "share": 0.02816
    },
    {
      "rgb": {
        "r": 98,
        "g": 97,
        "b": 87
      },
      "hsv": [
        54.545456,
        0.11224489,
        0.38431373
      ],
      "lab": [
        40.95148,
        -1.5837401,
        5.8468046
      ],
      "count": 440,
      "share": 0.02816
    },
    {
      "rgb": {
        "r": 44,
        "g": 37,
        "b": 23
      },
      "hsv": [
        40.0,
        0.47727272,
        0.17254902
      ],
      "lab": [
        15.064621,
        0.7187426,
        10.542265
      ],
      "count": 438,
      "share": 0.028032
    },
    {
      "rgb": {
        "r": 209,
        "g": 200,
        "b": 190
      },
      "hsv": [
        31.578949,
        0.090909086,
        0.81960785
      ],
      "lab": [
        81.061386,
        1.401484,
        6.1113954
      ],
      "count": 432,
      "share": 0.027648
    },
    {
      "rgb": {
        "r": 89,
        "g": 82,
        "b": 62
      },
      "hsv": [
        44.444447,
        0.3033708,
        0.34901962
      ],
      "lab": [
        35.0161,
        -0.713408,
        12.807793
      ],
      "count": 407,
      "share": 0.026048
    },
    {
      "rgb": {
        "r": 59,
        "g": 51,
        "b": 43
      },
      "hsv": [
        30.0,
        0.2711864,
        0.23137255
      ],
      "lab": [
        21.84283,
        2.0101218,
        6.390399
      ],
      "count": 376,
      "share": 0.024064
    },
    {
      "rgb": {
        "r": 246,
        "g": 241,
        "b": 232
      },
      "hsv": [
        38.571426,
        0.056910567,
        0.9647059
      ],
      "lab": [
        95.29977,
        0.13282895,
        4.9310565
      ],
      "count": 344,
      "share": 0.022016
    },
    {
      "rgb": {
        "r": 66,
        "g": 57,
        "b": 38
      },
      "hsv": [
        40.71428,
        0.42424244,
        0.25882354
      ],
      "lab": [
        24.400478,
        0.6406456,
        13.308888
      ],
      "count": 339,
      "share": 0.021696
    },
    {
      "rgb": {
        "r": 136,
        "g": 128,
        "b": 91
      },
      "hsv": [
        49.333336,
        0.33088237,
        0.53333336
      ],
      "lab": [
        53.415222,
        -2.997458,
        21.222866
      ],
      "count": 336,
      "share": 0.021504
    },
    {
      "rgb": {
        "r": 190,
        "g": 183,
        "b": 141
      },
      "hsv": [
        51.428574,
        0.25789472,
        0.74509805
      ],
      "lab": [
        74.0219,
        -4.2583942,
        22.305393
      ],
      "count": 234,
      "share": 0.014976
    },
    {
      "rgb": {
        "r": 164,
        "g": 157,
        "b": 119
      },
      "hsv": [
        50.666668,
        0.27439025,
        0.6431373
      ],
      "lab": [
        64.43446,
        -3.6525428,
        20.847584
      ],
      "count": 209,
      "share": 0.013376
    },
    {
      "rgb": {
        "r": 164,
        "g": 160,
        "b": 148
      },
      "hsv": [
        45.0,
        0.097560965,
        0.6431373
      ],
      "lab": [
        65.882774,
        -0.72321296,
        6.766677
      ],
      "count": 197,
      "share": 0.012608
    },
    {
      "rgb": {
        "r": 145,
        "g": 140,
        "b": 128
      },
      "hsv": [
        42.352943,
        0.11724137,
        0.5686275
      ],
      "lab": [
        58.353394,
        -0.3387928,
        7.0702434
      ],
      "count": 192,
      "share": 0.012288
    },
    {
      "rgb": {
        "r": 119,
        "g": 113,
        "b": 91
      },
      "hsv": [
        47.142857,
        0.2352941,
        0.46666667
      ],
      "lab": [
        47.6081,
        -1.583606,
        13.074726
      ],
      "count": 187,
      "share": 0.011968
    },
    {
      "rgb": {
        "r": 185,
        "g": 181,
        "b": 174
      },
      "hsv": [
        38.181816,
        0.059459455,
        0.7254902
      ],
      "lab": [
        73.81614,
        0.14978647,
        4.0608287
      ],
      "count": 183,
      "share": 0.011712
    },
    {
      "rgb": {
        "r": 122,
        "g": 119,
        "b": 110
      },
      "hsv": [
        45.0,
        0.09836065,
        0.47843137
      ],
      "lab": [
        50.045967,
        -0.57432055,
        5.3548098
      ],
      "count": 179,
      "share": 0.011456
    },
    {
      "rgb": {
        "r": 208,
        "g": 205,
        "b": 175
      },
      "hsv": [
        54.545456,
        0.15865384,
        0.8156863
      ],
      "lab": [
        81.92958,
        -3.9917529,
        15.335083
      ],
      "count": 144,
      "share": 0.009216
    },
    {
      "rgb": {
        "r": 50,
        "g": 29,
        "b": 26
      },
      "hsv": [
        7.4999995,
        0.48,
        0.19607843
      ],
      "lab": [
        13.421158,
        9.859264,
        6.3452005
      ],
      "count": 120,
      "share": 0.00768
    }
  ],
  "roleAssignments": [
    {
      "role": "Background",
      "rgb": {
        "r": 56,
        "g": 58,
        "b": 51
      },
      "hsv": [
        77.14285,
        0.120689645,
        0.22745098
      ],
      "lab": [
        24.018448,
        -2.4073272,
        4.061228
      ],
      "hex": "#383a33",
      "sourceClusterIndex": 6,
      "confidence": 0.9,
      "origin": "cluster"
    },
    {
      "role": "Text",
      "rgb": {
        "r": 246,
        "g": 241,
        "b": 232
      },
      "hsv": [
        38.571426,
        0.056910567,
        0.9647059
      ],
      "lab": [
        95.29977,
        0.13282895,
        4.9310565
      ],
      "hex": "#f6f1e8",
      "sourceClusterIndex": 18,
      "confidence": 0.9,
      "contrastAgainstBackground": 10.249378,
      "origin": "cluster"
    },
    {
      "role": "Accent",
      "rgb": {
        "r": 57,
        "g": 57,
        "b": 57
      },
      "hsv": [
        0.0,
        0.0,
        0.22352941
      ],
      "lab": [
        23.971725,
        0.0,
        0.0000059604645
      ],
      "hex": "#393939",
      "confidence": 0.45,
      "contrastAgainstBackground": 1.0015796,
      "contrastAgainstText": 10.265569,
      "origin": "synthetic:bg-neutral"
    },
    {
      "role": "Border",
      "rgb": {
        "r": 190,
        "g": 183,
        "b": 141
      },
      "hsv": [
        51.428574,
        0.25789472,
        0.74509805
      ],
      "lab": [
        74.0219,
        -4.2583942,
        22.305393
      ],
      "hex": "#beb78d",
      "sourceClusterIndex": 21,
      "confidence": 0.8,
      "origin": "cluster"
    },
    {
      "role": "ActiveItem",
      "rgb": {
        "r": 241,
        "g": 241,
        "b": 241
      },
      "hsv": [
        0.0,
        0.0,
        0.94509804
      ],
      "lab": [
        95.14504,
        -0.000029802322,
        0.000011920929
      ],
      "hex": "#f1f1f1",
      "confidence": 0.45,
      "contrastAgainstBackground": 10.209032,
      "contrastAgainstText": 1.003952,
      "origin": "synthetic:text-neutral"
    },
    {
      "role": "HighlightText",
      "rgb": {
        "r": 23,
        "g": 23,
        "b": 23
      },
      "hsv": [
        0.0,
        0.0,
        0.09019608
      ],
      "lab": [
        7.7395554,
        -0.0000074505806,
        0.0000029802322
      ],
      "hex": "#171717",
      "confidence": 0.65,
      "contrastAgainstBackground": 15.872497,
      "origin": "accent_adjusted:-16.0"
    },
    {
      "role": "Frame",
      "rgb": {
        "r": 143,
        "g": 146,
        "b": 137
      },
      "hsv": [
        79.99999,
        0.061643828,
        0.57254905
      ],
      "lab": [
        60.072197,
        -2.8187335,
        4.3863535
      ],
      "hex": "#8f9289",
      "confidence": 0.65,
      "contrastAgainstBackground": 3.6463857,
      "contrastAgainstText": 2.8108323,
      "origin": "background_adjusted:+36.0"
    },
    {
      "role": "HeaderAccent",
      "rgb": {
        "r": 255,
        "g": 255,
        "b": 255
      },
      "hsv": [
        0.0,
        0.0,
        1.0
      ],
      "lab": [
        100.0,
        0.0,
        0.0
      ],
      "hex": "#ffffff",
      "confidence": 0.6,
      "contrastAgainstBackground": 11.531008,
      "contrastAgainstText": 1.1250446,
      "origin": "header_accent:white"
    },
    {
      "role": "InactiveItem",
      "rgb": {
        "r": 190,
        "g": 183,
        "b": 141
      },
      "hsv": [
        51.428574,
        0.25789472,
        0.74509805
      ],
      "lab": [
        74.0219,
        -4.2583942,
        22.305393
      ],
      "hex": "#beb78d",
      "sourceClusterIndex": 21,
      "confidence": 0.7,
      "origin": "cluster"
    },
    {
      "role": "ProgressBar",
      "rgb": {
        "r": 57,
        "g": 57,
        "b": 57
      },
      "hsv": [
        0.0,
        0.0,
        0.22352941
      ],
      "lab": [
        23.971725,
        0.0,
        0.0000059604645
      ],
      "hex": "#393939",
      "confidence": 0.45,
      "contrastAgainstBackground": 1.0015796,
      "contrastAgainstText": 10.265569,
      "origin": "synthetic:bg-neutral"
    },
    {
      "role": "Scrollbar",
      "rgb": {
        "r": 241,
        "g": 241,
        "b": 241
      },
      "hsv": [
        0.0,
        0.0,
        0.94509804
      ],
      "lab": [
        95.14504,
        -0.000029802322,
        0.000011920929
      ],
      "hex": "#f1f1f1",
      "confidence": 0.45,
      "contrastAgainstBackground": 10.209032,
      "contrastAgainstText": 1.003952,
      "origin": "synthetic:text-neutral"
    }
  ],
  "totalSamples": 15625,
  "iterations": 40,
  "durationMs": 51.653251,
  "colorSpace": "CIELAB",
  "scrollbarEnabled": true
}
[2026-06-12 15:00:56] Theme generated successfully: /home/vlvin/.config/rmpc/themes/current-song.ron
[2026-06-12 15:00:56] ========== Theme Update Complete ==========

[2026-06-12 15:04:46] ========== Song Change Detected ==========
[2026-06-12 15:04:46] File: S.T.A.L.K.E.R. (Discography)/(2010) Alexey Omelchuk - S.T.A.L.K.E.R.. Call Of Pripyat (Soundtrack CD) (Special Edition)/12. Alexey Omelchuk - Outro.mp3
[2026-06-12 15:04:46] Artist: Alexey Omelchuk
[2026-06-12 15:04:46] Title: Outro
[2026-06-12 15:04:46] Extracting album art...
[2026-06-12 15:04:46] Album art extracted successfully
[2026-06-12 15:04:46] Generating theme (format: image/jpeg)...
Theme written to: /home/vlvin/.config/rmpc/themes/current-song.ron
{
  "version": "1.0.0",
  "clusters": [
    {
      "rgb": {
        "r": 15,
        "g": 14,
        "b": 18
      },
      "hsv": [
        255.0,
        0.22222225,
        0.07058824
      ],
      "lab": [
        4.1488857,
        1.0914431,
        -1.94951
      ],
      "count": 2226,
      "share": 0.142464
    },
    {
      "rgb": {
        "r": 18,
        "g": 15,
        "b": 14
      },
      "hsv": [
        14.999996,
        0.22222225,
        0.07058824
      ],
      "lab": [
        4.5342083,
        0.9191632,
        0.8667767
      ],
      "count": 1524,
      "share": 0.097536
    },
    {
      "rgb": {
        "r": 27,
        "g": 23,
        "b": 20
      },
      "hsv": [
        25.714287,
        0.25925925,
        0.105882354
      ],
      "lab": [
        8.096151,
        1.3129339,
        2.6864111
      ],
      "count": 1023,
      "share": 0.065472
    },
    {
      "rgb": {
        "r": 49,
        "g": 44,
        "b": 39
      },
      "hsv": [
        30.0,
        0.20408161,
        0.19215687
      ],
      "lab": [
        18.368778,
        1.2175143,
        4.069376
      ],
      "count": 969,
      "share": 0.062016
    },
    {
      "rgb": {
        "r": 25,
        "g": 24,
        "b": 26
      },
      "hsv": [
        270.0,
        0.07692307,
        0.101960786
      ],
      "lab": [
        8.433636,
        1.0069535,
        -1.2302518
      ],
      "count": 943,
      "share": 0.060352
    },
    {
      "rgb": {
        "r": 65,
        "g": 58,
        "b": 51
      },
      "hsv": [
        29.99999,
        0.21538465,
        0.25490198
      ],
      "lab": [
        24.91803,
        1.6600192,
        5.4630637
      ],
      "count": 867,
      "share": 0.055488
    },
    {
      "rgb": {
        "r": 36,
        "g": 33,
        "b": 29
      },
      "hsv": [
        34.285725,
        0.19444448,
        0.14117648
      ],
      "lab": [
        12.931877,
        0.5193278,
        3.218639
      ],
      "count": 855,
      "share": 0.05472
    },
    {
      "rgb": {
        "r": 56,
        "g": 53,
        "b": 53
      },
      "hsv": [
        0.0,
        0.053571425,
        0.21960784
      ],
      "lab": [
        22.457874,
        1.3132095,
        0.46970248
      ],
      "count": 713,
      "share": 0.045632
    },
    {
      "rgb": {
        "r": 71,
        "g": 67,
        "b": 67
      },
      "hsv": [
        0.0,
        0.056338023,
        0.2784314
      ],
      "lab": [
        28.796635,
        1.6869754,
        0.60432553
      ],
      "count": 589,
      "share": 0.037696
    },
    {
      "rgb": {
        "r": 40,
        "g": 38,
        "b": 40
      },
      "hsv": [
        300.0,
        0.049999997,
        0.15686275
      ],
      "lab": [
        15.43759,
        1.3981164,
        -0.99146366
      ],
      "count": 587,
      "share": 0.037568
    },
    {
      "rgb": {
        "r": 42,
        "g": 34,
        "b": 23
      },
      "hsv": [
        34.736847,
        0.45238096,
        0.16470589
      ],
      "lab": [
        13.816502,
        1.7658174,
        8.842087
      ],
      "count": 528,
      "share": 0.033792
    },
    {
      "rgb": {
        "r": 85,
        "g": 79,
        "b": 74
      },
      "hsv": [
        27.272728,
        0.12941176,
        0.33333334
      ],
      "lab": [
        34.019905,
        1.4757365,
        3.8398027
      ],
      "count": 526,
      "share": 0.033664
    },
    {
      "rgb": {
        "r": 59,
        "g": 49,
        "b": 35
      },
      "hsv": [
        35.0,
        0.40677965,
        0.23137255
      ],
      "lab": [
        21.010593,
        2.0130424,
        10.623914
      ],
      "count": 445,
      "share": 0.02848
    },
    {
      "rgb": {
        "r": 79,
        "g": 70,
        "b": 58
      },
      "hsv": [
        34.28572,
        0.2658228,
        0.30980393
      ],
      "lab": [
        30.274582,
        1.5801936,
        8.634734
      ],
      "count": 437,
      "share": 0.027968
    },
    {
      "rgb": {
        "r": 116,
        "g": 108,
        "b": 101
      },
      "hsv": [
        28.0,
        0.12931034,
        0.45490196
      ],
      "lab": [
        46.147564,
        1.8053949,
        5.036819
      ],
      "count": 393,
      "share": 0.025152
    },
    {
      "rgb": {
        "r": 100,
        "g": 91,
        "b": 79
      },
      "hsv": [
        34.285717,
        0.20999998,
        0.39215687
      ],
      "lab": [
        39.16685,
        1.421094,
        8.241499
      ],
      "count": 376,
      "share": 0.024064
    },
    {
      "rgb": {
        "r": 96,
        "g": 92,
        "b": 91
      },
      "hsv": [
        12.0,
        0.05208333,
        0.3764706
      ],
      "lab": [
        39.4056,
        1.3930649,
        1.1432827
      ],
      "count": 375,
      "share": 0.024
    },
    {
      "rgb": {
        "r": 253,
        "g": 252,
        "b": 251
      },
      "hsv": [
        30.0,
        0.007905138,
        0.99215686
      ],
      "lab": [
        99.01281,
        0.15553832,
        0.5937457
      ],
      "count": 374,
      "share": 0.023936
    },
    {
      "rgb": {
        "r": 35,
        "g": 21,
        "b": 21
      },
      "hsv": [
        0.0,
        0.4,
        0.13725491
      ],
      "lab": [
        8.549372,
        7.168114,
        2.8038354
      ],
      "count": 315,
      "share": 0.02016
    },
    {
      "rgb": {
        "r": 137,
        "g": 127,
        "b": 119
      },
      "hsv": [
        26.666656,
        0.1313869,
        0.5372549
      ],
      "lab": [
        53.84549,
        2.3385584,
        5.7122707
      ],
      "count": 315,
      "share": 0.02016
    },
    {
      "rgb": {
        "r": 61,
        "g": 35,
        "b": 32
      },
      "hsv": [
        6.206897,
        0.4754098,
        0.23921569
      ],
      "lab": [
        16.982506,
        12.004823,
        7.2428555
      ],
      "count": 186,
      "share": 0.011904
    },
    {
      "rgb": {
        "r": 156,
        "g": 150,
        "b": 148
      },
      "hsv": [
        15.0,
        0.051282045,
        0.6117647
      ],
      "lab": [
        62.523636,
        1.8218458,
        1.8342853
      ],
      "count": 177,
      "share": 0.011328
    },
    {
      "rgb": {
        "r": 126,
        "g": 112,
        "b": 92
      },
      "hsv": [
        35.29412,
        0.26984125,
        0.49411765
      ],
      "lab": [
        48.003418,
        2.0869076,
        13.134461
      ],
      "count": 157,
      "share": 0.010048
    },
    {
      "rgb": {
        "r": 123,
        "g": 120,
        "b": 124
      },
      "hsv": [
        285.0,
        0.032258064,
        0.4862745
      ],
      "lab": [
        50.803032,
        1.9387603,
        -1.781261
      ],
      "count": 148,
      "share": 0.009472
    },
    {
      "rgb": {
        "r": 162,
        "g": 146,
        "b": 127
      },
      "hsv": [
        32.571434,
        0.2160494,
        0.63529414
      ],
      "lab": [
        61.45717,
        2.7785003,
        12.244201
      ],
      "count": 146,
      "share": 0.009344
    },
    {
      "rgb": {
        "r": 183,
        "g": 179,
        "b": 179
      },
      "hsv": [
        0.0,
        0.021857921,
        0.7176471
      ],
      "lab": [
        73.260635,
        1.4114976,
        0.50081015
      ],
      "count": 106,
      "share": 0.006784
    },
    {
      "rgb": {
        "r": 189,
        "g": 176,
        "b": 159
      },
      "hsv": [
        34.0,
        0.15873015,
        0.7411765
      ],
      "lab": [
        72.47742,
        1.780957,
        10.382711
      ],
      "count": 98,
      "share": 0.006272
    },
    {
      "rgb": {
        "r": 89,
        "g": 74,
        "b": 50
      },
      "hsv": [
        36.923077,
        0.43820226,
        0.34901962
      ],
      "lab": [
        32.37388,
        2.5077314,
        16.693968
      ],
      "count": 86,
      "share": 0.005504
    },
    {
      "rgb": {
        "r": 218,
        "g": 214,
        "b": 212
      },
      "hsv": [
        20.0,
        0.027522935,
        0.85490197
      ],
      "lab": [
        85.88243,
        1.0101199,
        1.4683962
      ],
      "count": 77,
      "share": 0.004928
    },
    {
      "rgb": {
        "r": 109,
        "g": 73,
        "b": 64
      },
      "hsv": [
        12.0,
        0.412844,
        0.42745098
      ],
      "lab": [
        34.776466,
        14.109791,
        11.5994215
      ],
      "count": 64,
      "share": 0.004096
    }
  ],
  "roleAssignments": [
    {
      "role": "Background",
      "rgb": {
        "r": 49,
        "g": 44,
        "b": 39
      },
      "hsv": [
        30.0,
        0.20408161,
        0.19215687
      ],
      "lab": [
        18.368778,
        1.2175143,
        4.069376
      ],
      "hex": "#312c27",
      "sourceClusterIndex": 3,
      "confidence": 0.9,
      "origin": "cluster"
    },
    {
      "role": "Text",
      "rgb": {
        "r": 253,
        "g": 252,
        "b": 251
      },
      "hsv": [
        30.0,
        0.007905138,
        0.99215686
      ],
      "lab": [
        99.01281,
        0.15553832,
        0.5937457
      ],
      "hex": "#fdfcfb",
      "sourceClusterIndex": 17,
      "confidence": 0.9,
      "contrastAgainstBackground": 13.481251,
      "origin": "cluster"
    },
    {
      "role": "Accent",
      "rgb": {
        "r": 45,
        "g": 45,
        "b": 45
      },
      "hsv": [
        0.0,
        0.0,
        0.1764706
      ],
      "lab": [
        18.470905,
        -0.000014901161,
        0.0
      ],
      "hex": "#2d2d2d",
      "confidence": 0.45,
      "contrastAgainstBackground": 1.0030664,
      "contrastAgainstText": 13.440039,
      "origin": "synthetic:bg-neutral"
    },
    {
      "role": "Border",
      "rgb": {
        "r": 218,
        "g": 214,
        "b": 212
      },
      "hsv": [
        20.0,
        0.027522935,
        0.85490197
      ],
      "lab": [
        85.88243,
        1.0101199,
        1.4683962
      ],
      "hex": "#dad6d4",
      "sourceClusterIndex": 28,
      "confidence": 0.8,
      "origin": "cluster"
    },
    {
      "role": "ActiveItem",
      "rgb": {
        "r": 252,
        "g": 252,
        "b": 252
      },
      "hsv": [
        0.0,
        0.0,
        0.9882353
      ],
      "lab": [
        98.964005,
        -0.000029802322,
        0.000011920929
      ],
      "hex": "#fcfcfc",
      "confidence": 0.45,
      "contrastAgainstBackground": 13.464943,
      "contrastAgainstText": 1.0012112,
      "origin": "synthetic:text-neutral"
    },
    {
      "role": "HighlightText",
      "rgb": {
        "r": 0,
        "g": 0,
        "b": 0
      },
      "hsv": [
        0.0,
        0.0,
        0.0
      ],
      "lab": [
        0.0,
        0.0,
        0.0
      ],
      "hex": "#000000",
      "confidence": 0.65,
      "contrastAgainstBackground": 20.46891,
      "origin": "accent_adjusted:-18.5"
    },
    {
      "role": "Frame",
      "rgb": {
        "r": 135,
        "g": 129,
        "b": 123
      },
      "hsv": [
        30.000017,
        0.088888936,
        0.5294118
      ],
      "lab": [
        54.324623,
        1.1341274,
        4.05457
      ],
      "hex": "#87817b",
      "confidence": 0.65,
      "contrastAgainstBackground": 3.5892825,
      "contrastAgainstText": 3.7559736,
      "origin": "background_adjusted:+36.0"
    },
    {
      "role": "HeaderAccent",
      "rgb": {
        "r": 255,
        "g": 255,
        "b": 255
      },
      "hsv": [
        0.0,
        0.0,
        1.0
      ],
      "lab": [
        100.0,
        0.0,
        0.0
      ],
      "hex": "#ffffff",
      "confidence": 0.6,
      "contrastAgainstBackground": 13.814306,
      "contrastAgainstText": 1.024705,
      "origin": "header_accent:white"
    },
    {
      "role": "InactiveItem",
      "rgb": {
        "r": 218,
        "g": 214,
        "b": 212
      },
      "hsv": [
        20.0,
        0.027522935,
        0.85490197
      ],
      "lab": [
        85.88243,
        1.0101199,
        1.4683962
      ],
      "hex": "#dad6d4",
      "sourceClusterIndex": 28,
      "confidence": 0.7,
      "origin": "cluster"
    },
    {
      "role": "ProgressBar",
      "rgb": {
        "r": 45,
        "g": 45,
        "b": 45
      },
      "hsv": [
        0.0,
        0.0,
        0.1764706
      ],
      "lab": [
        18.470905,
        -0.000014901161,
        0.0
      ],
      "hex": "#2d2d2d",
      "confidence": 0.45,
      "contrastAgainstBackground": 1.0030664,
      "contrastAgainstText": 13.440039,
      "origin": "synthetic:bg-neutral"
    },
    {
      "role": "Scrollbar",
      "rgb": {
        "r": 252,
        "g": 252,
        "b": 252
      },
      "hsv": [
        0.0,
        0.0,
        0.9882353
      ],
      "lab": [
        98.964005,
        -0.000029802322,
        0.000011920929
      ],
      "hex": "#fcfcfc",
      "confidence": 0.45,
      "contrastAgainstBackground": 13.464943,
      "contrastAgainstText": 1.0012112,
      "origin": "synthetic:text-neutral"
    }
  ],
  "totalSamples": 15625,
  "iterations": 40,
  "durationMs": 54.371843000000005,
  "colorSpace": "CIELAB",
  "scrollbarEnabled": true
}
[2026-06-12 15:04:46] Theme generated successfully: /home/vlvin/.config/rmpc/themes/current-song.ron
[2026-06-12 15:04:46] ========== Theme Update Complete ==========

[2026-06-12 15:15:16] ========== Song Change Detected ==========
[2026-06-12 15:15:16] File: S.T.A.L.K.E.R. (Discography)/(2010) Alexey Omelchuk - S.T.A.L.K.E.R.. Call Of Pripyat (Soundtrack CD) (Special Edition)/01. Alexey Omelchuk - Intro.mp3
[2026-06-12 15:15:16] Artist: Alexey Omelchuk
[2026-06-12 15:15:16] Title: Intro
[2026-06-12 15:15:16] Extracting album art...
[2026-06-12 15:15:16] Album art extracted successfully
[2026-06-12 15:15:16] Album art hash unchanged; skipping theme generation (skip_count=150)
[2026-06-12 15:19:29] ========== Song Change Detected ==========
[2026-06-12 15:19:29] File: S.T.A.L.K.E.R. (Discography)/(2010) Alexey Omelchuk - S.T.A.L.K.E.R.. Call Of Pripyat (Soundtrack CD) (Special Edition)/02. Alexey Omelchuk - Theme Of Zaton. Day.mp3
[2026-06-12 15:19:29] Artist: Alexey Omelchuk
[2026-06-12 15:19:29] Title: Theme Of Zaton: Day
[2026-06-12 15:19:29] Extracting album art...
[2026-06-12 15:19:29] Album art extracted successfully
[2026-06-12 15:19:29] Album art hash unchanged; skipping theme generation (skip_count=151)
[2026-06-12 15:23:18] ========== Song Change Detected ==========
[2026-06-12 15:23:18] File: S.T.A.L.K.E.R. (Discography)/(2010) Alexey Omelchuk - S.T.A.L.K.E.R.. Call Of Pripyat (Soundtrack CD) (Special Edition)/03. Alexey Omelchuk - Theme Of Zaton. Night.mp3
[2026-06-12 15:23:18] Artist: Alexey Omelchuk
[2026-06-12 15:23:18] Title: Theme Of Zaton: Night
[2026-06-12 15:23:18] Extracting album art...
[2026-06-12 15:23:18] Album art extracted successfully
[2026-06-12 15:23:18] Album art hash unchanged; skipping theme generation (skip_count=152)
[2026-06-12 15:26:45] ========== Song Change Detected ==========
[2026-06-12 15:26:45] File: S.T.A.L.K.E.R. (Discography)/(2010) Alexey Omelchuk - S.T.A.L.K.E.R.. Call Of Pripyat (Soundtrack CD) (Special Edition)/04. Alexey Omelchuk - Theme Of Jupiter. Day.mp3
[2026-06-12 15:26:45] Artist: Alexey Omelchuk
[2026-06-12 15:26:45] Title: Theme Of Jupiter: Day
[2026-06-12 15:26:45] Extracting album art...
[2026-06-12 15:26:45] Album art extracted successfully
[2026-06-12 15:26:45] Album art hash unchanged; skipping theme generation (skip_count=153)
[2026-06-12 15:31:47] ========== Song Change Detected ==========
[2026-06-12 15:31:47] File: S.T.A.L.K.E.R. (Discography)/(2010) Alexey Omelchuk - S.T.A.L.K.E.R.. Call Of Pripyat (Soundtrack CD) (Special Edition)/05. Alexey Omelchuk - Theme Of Jupiter. Night.mp3
[2026-06-12 15:31:47] Artist: Alexey Omelchuk
[2026-06-12 15:31:47] Title: Theme Of Jupiter: Night
[2026-06-12 15:31:47] Extracting album art...
[2026-06-12 15:31:47] Album art extracted successfully
[2026-06-12 15:31:47] Album art hash unchanged; skipping theme generation (skip_count=154)
[2026-06-12 15:36:22] ========== Song Change Detected ==========
[2026-06-12 15:36:22] File: S.T.A.L.K.E.R. (Discography)/(2010) Alexey Omelchuk - S.T.A.L.K.E.R.. Call Of Pripyat (Soundtrack CD) (Special Edition)/06. Alexey Omelchuk - Theme Of Pripyat. Day.mp3
[2026-06-12 15:36:22] Artist: Alexey Omelchuk
[2026-06-12 15:36:22] Title: Theme Of Pripyat: Day
[2026-06-12 15:36:22] Extracting album art...
[2026-06-12 15:36:22] Album art extracted successfully
[2026-06-12 15:36:22] Album art hash unchanged; skipping theme generation (skip_count=155)
[2026-06-12 16:24:29] ========== Song Change Detected ==========
[2026-06-12 16:24:29] File: S.T.A.L.K.E.R. (Discography)/(2010) Alexey Omelchuk - S.T.A.L.K.E.R.. Call Of Pripyat (Soundtrack CD) (Special Edition)/07. Alexey Omelchuk - Theme Of Pripyat. Night.mp3
[2026-06-12 16:24:29] Artist: Alexey Omelchuk
[2026-06-12 16:24:29] Title: Theme Of Pripyat: Night
[2026-06-12 16:24:29] Extracting album art...
[2026-06-12 16:24:29] Album art extracted successfully
[2026-06-12 16:24:29] Album art hash unchanged; skipping theme generation (skip_count=156)
[2026-06-12 16:30:27] ========== Song Change Detected ==========
[2026-06-12 16:30:27] File: S.T.A.L.K.E.R. (Discography)/(2010) Alexey Omelchuk - S.T.A.L.K.E.R.. Call Of Pripyat (Soundtrack CD) (Special Edition)/08. Alexey Omelchuk - Combat Theme 1.mp3
[2026-06-12 16:30:27] Artist: Alexey Omelchuk
[2026-06-12 16:30:27] Title: Combat Theme 1
[2026-06-12 16:30:27] Extracting album art...
[2026-06-12 16:30:27] Album art extracted successfully
[2026-06-12 16:30:27] Album art hash unchanged; skipping theme generation (skip_count=157)
[2026-06-12 16:34:03] ========== Song Change Detected ==========
[2026-06-12 16:34:03] File: S.T.A.L.K.E.R. (Discography)/(2010) Alexey Omelchuk - S.T.A.L.K.E.R.. Call Of Pripyat (Soundtrack CD) (Special Edition)/09. Alexey Omelchuk - Combat Theme 2.mp3
[2026-06-12 16:34:03] Artist: Alexey Omelchuk
[2026-06-12 16:34:03] Title: Combat Theme 2
[2026-06-12 16:34:03] Extracting album art...
[2026-06-12 16:34:03] Album art extracted successfully
[2026-06-12 16:34:03] Album art hash unchanged; skipping theme generation (skip_count=158)
[2026-06-12 16:37:56] ========== Song Change Detected ==========
[2026-06-12 16:37:56] File: S.T.A.L.K.E.R. (Discography)/(2010) Alexey Omelchuk - S.T.A.L.K.E.R.. Call Of Pripyat (Soundtrack CD) (Special Edition)/10. Alexey Omelchuk - Combat Theme 3.mp3
[2026-06-12 16:37:56] Artist: Alexey Omelchuk
[2026-06-12 16:37:56] Title: Combat Theme 3
[2026-06-12 16:37:56] Extracting album art...
[2026-06-12 16:37:56] Album art extracted successfully
[2026-06-12 16:37:56] Album art hash unchanged; skipping theme generation (skip_count=159)
[2026-06-12 16:40:49] ========== Song Change Detected ==========
[2026-06-12 16:40:49] File: S.T.A.L.K.E.R. (Discography)/(2010) Alexey Omelchuk - S.T.A.L.K.E.R.. Call Of Pripyat (Soundtrack CD) (Special Edition)/11. Alexey Omelchuk - Combat Theme 4.mp3
[2026-06-12 16:40:49] Artist: Alexey Omelchuk
[2026-06-12 16:40:49] Title: Combat Theme 4
[2026-06-12 16:40:49] Extracting album art...
[2026-06-12 16:40:49] Album art extracted successfully
[2026-06-12 16:40:49] Album art hash unchanged; skipping theme generation (skip_count=160)
[2026-06-12 16:43:57] ========== Song Change Detected ==========
[2026-06-12 16:43:57] File: S.T.A.L.K.E.R. (Discography)/(2010) Alexey Omelchuk - S.T.A.L.K.E.R.. Call Of Pripyat (Soundtrack CD) (Special Edition)/12. Alexey Omelchuk - Outro.mp3
[2026-06-12 16:43:57] Artist: Alexey Omelchuk
[2026-06-12 16:43:57] Title: Outro
[2026-06-12 16:43:57] Extracting album art...
[2026-06-12 16:43:57] Album art extracted successfully
[2026-06-12 16:43:57] Album art hash unchanged; skipping theme generation (skip_count=161)
[2026-06-12 18:47:25] ========== Song Change Detected ==========
[2026-06-12 18:47:25] File: S.T.A.L.K.E.R. (Discography)/(2007) MoozE, FireLake - S.T.A.L.K.E.R. Музыка Из Игры. Избранные Треки/01. MoozE - Mutation.mp3
[2026-06-12 18:47:25] Artist: MoozE
[2026-06-12 18:47:25] Title: Mutation
[2026-06-12 18:47:25] Extracting album art...
[2026-06-12 18:47:25] Album art extracted successfully
[2026-06-12 18:47:25] Generating theme (format: image/jpeg)...
Theme written to: /home/vlvin/.config/rmpc/themes/current-song.ron
{
  "version": "1.0.0",
  "clusters": [
    {
      "rgb": {
        "r": 38,
        "g": 36,
        "b": 30
      },
      "hsv": [
        45.000004,
        0.21052635,
        0.14901961
      ],
      "lab": [
        14.216995,
        -0.4017949,
        4.351145
      ],
      "count": 1207,
      "share": 0.077248
    },
    {
      "rgb": {
        "r": 22,
        "g": 20,
        "b": 15
      },
      "hsv": [
        42.857143,
        0.31818184,
        0.08627451
      ],
      "lab": [
        6.3717384,
        -0.13086945,
        3.078106
      ],
      "count": 1177,
      "share": 0.075328
    },
    {
      "rgb": {
        "r": 30,
        "g": 28,
        "b": 22
      },
      "hsv": [
        45.0,
        0.26666665,
        0.11764706
      ],
      "lab": [
        10.29266,
        -0.38731843,
        4.5015426
      ],
      "count": 1093,
      "share": 0.069952
    },
    {
      "rgb": {
        "r": 234,
        "g": 227,
        "b": 216
      },
      "hsv": [
        36.666668,
        0.07692307,
        0.91764706
      ],
      "lab": [
        90.5004,
        0.49450994,
        6.2081575
      ],
      "count": 1062,
      "share": 0.067968
    },
    {
      "rgb": {
        "r": 223,
        "g": 216,
        "b": 204
      },
      "hsv": [
        37.894737,
        0.085201785,
        0.8745098
      ],
      "lab": [
        86.58319,
        0.3376007,
        6.7611933
      ],
      "count": 1024,
      "share": 0.065536
    },
    {
      "rgb": {
        "r": 13,
        "g": 11,
        "b": 7
      },
      "hsv": [
        40.0,
        0.46153846,
        0.050980393
      ],
      "lab": [
        3.073536,
        0.02451986,
        1.7293453
      ],
      "count": 946,
      "share": 0.060544
    },
    {
      "rgb": {
        "r": 56,
        "g": 58,
        "b": 51
      },
      "hsv": [
        77.14285,
        0.120689645,
        0.22745098
      ],
      "lab": [
        24.018448,
        -2.4073272,
        4.061228
      ],
      "count": 892,
      "share": 0.057088
    },
    {
      "rgb": {
        "r": 45,
        "g": 45,
        "b": 41
      },
      "hsv": [
        60.0,
        0.08888888,
        0.1764706
      ],
      "lab": [
        18.34188,
        -0.91572106,
        2.5883734
      ],
      "count": 748,
      "share": 0.047872
    },
    {
      "rgb": {
        "r": 70,
        "g": 69,
        "b": 59
      },
      "hsv": [
        54.545456,
        0.15714289,
        0.27450982
      ],
      "lab": [
        29.092724,
        -1.6377717,
        6.2032166
      ],
      "count": 732,
      "share": 0.046848
    },
    {
      "rgb": {
        "r": 46,
        "g": 45,
        "b": 35
      },
      "hsv": [
        54.545456,
        0.23913042,
        0.18039216
      ],
      "lab": [
        18.272163,
        -1.6823709,
        6.6491423
      ],
      "count": 553,
      "share": 0.035392
    },
    {
      "rgb": {
        "r": 82,
        "g": 82,
        "b": 75
      },
      "hsv": [
        60.0,
        0.08536585,
        0.32156864
      ],
      "lab": [
        34.674007,
        -1.4499724,
        4.110461
      ],
      "count": 546,
      "share": 0.034944
    },
    {
      "rgb": {
        "r": 33,
        "g": 24,
        "b": 18
      },
      "hsv": [
        23.999996,
        0.45454547,
        0.12941177
      ],
      "lab": [
        9.159628,
        3.370151,
        5.5926743
      ],
      "count": 448,
      "share": 0.028672
    },
    {
      "rgb": {
        "r": 111,
        "g": 102,
        "b": 73
      },
      "hsv": [
        45.789474,
        0.34234232,
        0.43529412
      ],
      "lab": [
        43.306145,
        -1.2950599,
        17.715376
      ],
      "count": 440,
      "share": 0.02816
    },
    {
      "rgb": {
        "r": 98,
        "g": 97,
        "b": 87
      },
      "hsv": [
        54.545456,
        0.11224489,
        0.38431373
      ],
      "lab": [
        40.95148,
        -1.5837401,
        5.8468046
      ],
      "count": 440,
      "share": 0.02816
    },
    {
      "rgb": {
        "r": 44,
        "g": 37,
        "b": 23
      },
      "hsv": [
        40.0,
        0.47727272,
        0.17254902
      ],
      "lab": [
        15.064621,
        0.7187426,
        10.542265
      ],
      "count": 438,
      "share": 0.028032
    },
    {
      "rgb": {
        "r": 209,
        "g": 200,
        "b": 190
      },
      "hsv": [
        31.578949,
        0.090909086,
        0.81960785
      ],
      "lab": [
        81.061386,
        1.401484,
        6.1113954
      ],
      "count": 432,
      "share": 0.027648
    },
    {
      "rgb": {
        "r": 89,
        "g": 82,
        "b": 62
      },
      "hsv": [
        44.444447,
        0.3033708,
        0.34901962
      ],
      "lab": [
        35.0161,
        -0.713408,
        12.807793
      ],
      "count": 407,
      "share": 0.026048
    },
    {
      "rgb": {
        "r": 59,
        "g": 51,
        "b": 43
      },
      "hsv": [
        30.0,
        0.2711864,
        0.23137255
      ],
      "lab": [
        21.84283,
        2.0101218,
        6.390399
      ],
      "count": 376,
      "share": 0.024064
    },
    {
      "rgb": {
        "r": 246,
        "g": 241,
        "b": 232
      },
      "hsv": [
        38.571426,
        0.056910567,
        0.9647059
      ],
      "lab": [
        95.29977,
        0.13282895,
        4.9310565
      ],
      "count": 344,
      "share": 0.022016
    },
    {
      "rgb": {
        "r": 66,
        "g": 57,
        "b": 38
      },
      "hsv": [
        40.71428,
        0.42424244,
        0.25882354
      ],
      "lab": [
        24.400478,
        0.6406456,
        13.308888
      ],
      "count": 339,
      "share": 0.021696
    },
    {
      "rgb": {
        "r": 136,
        "g": 128,
        "b": 91
      },
      "hsv": [
        49.333336,
        0.33088237,
        0.53333336
      ],
      "lab": [
        53.415222,
        -2.997458,
        21.222866
      ],
      "count": 336,
      "share": 0.021504
    },
    {
      "rgb": {
        "r": 190,
        "g": 183,
        "b": 141
      },
      "hsv": [
        51.428574,
        0.25789472,
        0.74509805
      ],
      "lab": [
        74.0219,
        -4.2583942,
        22.305393
      ],
      "count": 234,
      "share": 0.014976
    },
    {
      "rgb": {
        "r": 164,
        "g": 157,
        "b": 119
      },
      "hsv": [
        50.666668,
        0.27439025,
        0.6431373
      ],
      "lab": [
        64.43446,
        -3.6525428,
        20.847584
      ],
      "count": 209,
      "share": 0.013376
    },
    {
      "rgb": {
        "r": 164,
        "g": 160,
        "b": 148
      },
      "hsv": [
        45.0,
        0.097560965,
        0.6431373
      ],
      "lab": [
        65.882774,
        -0.72321296,
        6.766677
      ],
      "count": 197,
      "share": 0.012608
    },
    {
      "rgb": {
        "r": 145,
        "g": 140,
        "b": 128
      },
      "hsv": [
        42.352943,
        0.11724137,
        0.5686275
      ],
      "lab": [
        58.353394,
        -0.3387928,
        7.0702434
      ],
      "count": 192,
      "share": 0.012288
    },
    {
      "rgb": {
        "r": 119,
        "g": 113,
        "b": 91
      },
      "hsv": [
        47.142857,
        0.2352941,
        0.46666667
      ],
      "lab": [
        47.6081,
        -1.583606,
        13.074726
      ],
      "count": 187,
      "share": 0.011968
    },
    {
      "rgb": {
        "r": 185,
        "g": 181,
        "b": 174
      },
      "hsv": [
        38.181816,
        0.059459455,
        0.7254902
      ],
      "lab": [
        73.81614,
        0.14978647,
        4.0608287
      ],
      "count": 183,
      "share": 0.011712
    },
    {
      "rgb": {
        "r": 122,
        "g": 119,
        "b": 110
      },
      "hsv": [
        45.0,
        0.09836065,
        0.47843137
      ],
      "lab": [
        50.045967,
        -0.57432055,
        5.3548098
      ],
      "count": 179,
      "share": 0.011456
    },
    {
      "rgb": {
        "r": 208,
        "g": 205,
        "b": 175
      },
      "hsv": [
        54.545456,
        0.15865384,
        0.8156863
      ],
      "lab": [
        81.92958,
        -3.9917529,
        15.335083
      ],
      "count": 144,
      "share": 0.009216
    },
    {
      "rgb": {
        "r": 50,
        "g": 29,
        "b": 26
      },
      "hsv": [
        7.4999995,
        0.48,
        0.19607843
      ],
      "lab": [
        13.421158,
        9.859264,
        6.3452005
      ],
      "count": 120,
      "share": 0.00768
    }
  ],
  "roleAssignments": [
    {
      "role": "Background",
      "rgb": {
        "r": 56,
        "g": 58,
        "b": 51
      },
      "hsv": [
        77.14285,
        0.120689645,
        0.22745098
      ],
      "lab": [
        24.018448,
        -2.4073272,
        4.061228
      ],
      "hex": "#383a33",
      "sourceClusterIndex": 6,
      "confidence": 0.9,
      "origin": "cluster"
    },
    {
      "role": "Text",
      "rgb": {
        "r": 246,
        "g": 241,
        "b": 232
      },
      "hsv": [
        38.571426,
        0.056910567,
        0.9647059
      ],
      "lab": [
        95.29977,
        0.13282895,
        4.9310565
      ],
      "hex": "#f6f1e8",
      "sourceClusterIndex": 18,
      "confidence": 0.9,
      "contrastAgainstBackground": 10.249378,
      "origin": "cluster"
    },
    {
      "role": "Accent",
      "rgb": {
        "r": 57,
        "g": 57,
        "b": 57
      },
      "hsv": [
        0.0,
        0.0,
        0.22352941
      ],
      "lab": [
        23.971725,
        0.0,
        0.0000059604645
      ],
      "hex": "#393939",
      "confidence": 0.45,
      "contrastAgainstBackground": 1.0015796,
      "contrastAgainstText": 10.265569,
      "origin": "synthetic:bg-neutral"
    },
    {
      "role": "Border",
      "rgb": {
        "r": 190,
        "g": 183,
        "b": 141
      },
      "hsv": [
        51.428574,
        0.25789472,
        0.74509805
      ],
      "lab": [
        74.0219,
        -4.2583942,
        22.305393
      ],
      "hex": "#beb78d",
      "sourceClusterIndex": 21,
      "confidence": 0.8,
      "origin": "cluster"
    },
    {
      "role": "ActiveItem",
      "rgb": {
        "r": 241,
        "g": 241,
        "b": 241
      },
      "hsv": [
        0.0,
        0.0,
        0.94509804
      ],
      "lab": [
        95.14504,
        -0.000029802322,
        0.000011920929
      ],
      "hex": "#f1f1f1",
      "confidence": 0.45,
      "contrastAgainstBackground": 10.209032,
      "contrastAgainstText": 1.003952,
      "origin": "synthetic:text-neutral"
    },
    {
      "role": "HighlightText",
      "rgb": {
        "r": 23,
        "g": 23,
        "b": 23
      },
      "hsv": [
        0.0,
        0.0,
        0.09019608
      ],
      "lab": [
        7.7395554,
        -0.0000074505806,
        0.0000029802322
      ],
      "hex": "#171717",
      "confidence": 0.65,
      "contrastAgainstBackground": 15.872497,
      "origin": "accent_adjusted:-16.0"
    },
    {
      "role": "Frame",
      "rgb": {
        "r": 143,
        "g": 146,
        "b": 137
      },
      "hsv": [
        79.99999,
        0.061643828,
        0.57254905
      ],
      "lab": [
        60.072197,
        -2.8187335,
        4.3863535
      ],
      "hex": "#8f9289",
      "confidence": 0.65,
      "contrastAgainstBackground": 3.6463857,
      "contrastAgainstText": 2.8108323,
      "origin": "background_adjusted:+36.0"
    },
    {
      "role": "HeaderAccent",
      "rgb": {
        "r": 255,
        "g": 255,
        "b": 255
      },
      "hsv": [
        0.0,
        0.0,
        1.0
      ],
      "lab": [
        100.0,
        0.0,
        0.0
      ],
      "hex": "#ffffff",
      "confidence": 0.6,
      "contrastAgainstBackground": 11.531008,
      "contrastAgainstText": 1.1250446,
      "origin": "header_accent:white"
    },
    {
      "role": "InactiveItem",
      "rgb": {
        "r": 190,
        "g": 183,
        "b": 141
      },
      "hsv": [
        51.428574,
        0.25789472,
        0.74509805
      ],
      "lab": [
        74.0219,
        -4.2583942,
        22.305393
      ],
      "hex": "#beb78d",
      "sourceClusterIndex": 21,
      "confidence": 0.7,
      "origin": "cluster"
    },
    {
      "role": "ProgressBar",
      "rgb": {
        "r": 57,
        "g": 57,
        "b": 57
      },
      "hsv": [
        0.0,
        0.0,
        0.22352941
      ],
      "lab": [
        23.971725,
        0.0,
        0.0000059604645
      ],
      "hex": "#393939",
      "confidence": 0.45,
      "contrastAgainstBackground": 1.0015796,
      "contrastAgainstText": 10.265569,
      "origin": "synthetic:bg-neutral"
    },
    {
      "role": "Scrollbar",
      "rgb": {
        "r": 241,
        "g": 241,
        "b": 241
      },
      "hsv": [
        0.0,
        0.0,
        0.94509804
      ],
      "lab": [
        95.14504,
        -0.000029802322,
        0.000011920929
      ],
      "hex": "#f1f1f1",
      "confidence": 0.45,
      "contrastAgainstBackground": 10.209032,
      "contrastAgainstText": 1.003952,
      "origin": "synthetic:text-neutral"
    }
  ],
  "totalSamples": 15625,
  "iterations": 40,
  "durationMs": 43.402787,
  "colorSpace": "CIELAB",
  "scrollbarEnabled": true
}
[2026-06-12 18:47:25] Theme generated successfully: /home/vlvin/.config/rmpc/themes/current-song.ron
[2026-06-12 18:47:25] ========== Theme Update Complete ==========

[2026-06-12 19:00:41] ========== Song Change Detected ==========
[2026-06-12 19:00:41] File: S.T.A.L.K.E.R. (Discography)/(2007) MoozE, FireLake - S.T.A.L.K.E.R. Музыка Из Игры. Избранные Треки/02. MoozE - Dead Cities, Pt. 2.mp3
[2026-06-12 19:00:41] Artist: MoozE
[2026-06-12 19:00:41] Title: Dead Cities, Pt. 2
[2026-06-12 19:00:41] Extracting album art...
[2026-06-12 19:00:41] Album art extracted successfully
[2026-06-12 19:00:41] Album art hash unchanged; skipping theme generation (skip_count=162)
[2026-06-12 19:05:25] ========== Song Change Detected ==========
[2026-06-12 19:05:25] File: S.T.A.L.K.E.R. (Discography)/(2007) MoozE, FireLake - S.T.A.L.K.E.R. Музыка Из Игры. Избранные Треки/03. MoozE - Radwind, Pt. 1.mp3
[2026-06-12 19:05:25] Artist: MoozE
[2026-06-12 19:05:25] Title: Radwind, Pt. 1
[2026-06-12 19:05:25] Extracting album art...
[2026-06-12 19:05:25] Album art extracted successfully
[2026-06-12 19:05:25] Album art hash unchanged; skipping theme generation (skip_count=163)
[2026-06-12 19:08:45] ========== Song Change Detected ==========
[2026-06-12 19:08:45] File: S.T.A.L.K.E.R. (Discography)/(2007) MoozE, FireLake - S.T.A.L.K.E.R. Музыка Из Игры. Избранные Треки/04. MoozE - Tunnels.mp3
[2026-06-12 19:08:45] Artist: MoozE
[2026-06-12 19:08:45] Title: Tunnels
[2026-06-12 19:08:45] Extracting album art...
[2026-06-12 19:08:45] Album art extracted successfully
[2026-06-12 19:08:45] Album art hash unchanged; skipping theme generation (skip_count=164)
[2026-06-12 19:14:27] ========== Song Change Detected ==========
[2026-06-12 19:14:27] File: S.T.A.L.K.E.R. (Discography)/(2007) MoozE, FireLake - S.T.A.L.K.E.R. Музыка Из Игры. Избранные Треки/05. MoozE - The Thing.mp3
[2026-06-12 19:14:27] Artist: MoozE
[2026-06-12 19:14:27] Title: The Thing
[2026-06-12 19:14:27] Extracting album art...
[2026-06-12 19:14:27] Album art extracted successfully
[2026-06-12 19:14:27] Album art hash unchanged; skipping theme generation (skip_count=165)
[2026-06-12 19:19:17] ========== Song Change Detected ==========
[2026-06-12 19:19:17] File: S.T.A.L.K.E.R. (Discography)/(2007) MoozE, FireLake - S.T.A.L.K.E.R. Музыка Из Игры. Избранные Треки/06. MoozE - S.A.D..mp3
[2026-06-12 19:19:17] Artist: MoozE
[2026-06-12 19:19:17] Title: S.A.D.
[2026-06-12 19:19:17] Extracting album art...
[2026-06-12 19:19:17] Album art extracted successfully
[2026-06-12 19:19:18] Album art hash unchanged; skipping theme generation (skip_count=166)
[2026-06-12 19:23:41] ========== Song Change Detected ==========
[2026-06-12 19:23:41] File: S.T.A.L.K.E.R. (Discography)/(2007) MoozE, FireLake - S.T.A.L.K.E.R. Музыка Из Игры. Избранные Треки/07. MoozE - Cold Freezing Out.mp3
[2026-06-12 19:23:41] Artist: MoozE
[2026-06-12 19:23:41] Title: Cold Freezing Out
[2026-06-12 19:23:41] Extracting album art...
[2026-06-12 19:23:41] Album art extracted successfully
[2026-06-12 19:23:41] Album art hash unchanged; skipping theme generation (skip_count=167)
[2026-06-12 19:28:37] ========== Song Change Detected ==========
[2026-06-12 19:28:37] File: S.T.A.L.K.E.R. (Discography)/(2007) MoozE, FireLake - S.T.A.L.K.E.R. Музыка Из Игры. Избранные Треки/08. MoozE - Zone Triggers.mp3
[2026-06-12 19:28:37] Artist: MoozE
[2026-06-12 19:28:37] Title: Zone Triggers
[2026-06-12 19:28:37] Extracting album art...
[2026-06-12 19:28:37] Album art extracted successfully
[2026-06-12 19:28:37] Album art hash unchanged; skipping theme generation (skip_count=168)
[2026-06-12 19:42:22] ========== Song Change Detected ==========
[2026-06-12 19:42:22] File: S.T.A.L.K.E.R. (Discography)/(2007) MoozE, FireLake - S.T.A.L.K.E.R. Музыка Из Игры. Избранные Треки/09. MoozE - Radwind, Pt. 2.mp3
[2026-06-12 19:42:22] Artist: MoozE
[2026-06-12 19:42:22] Title: Radwind, Pt. 2
[2026-06-12 19:42:22] Extracting album art...
[2026-06-12 19:42:22] Album art extracted successfully
[2026-06-12 19:42:22] Album art hash unchanged; skipping theme generation (skip_count=169)
[2026-06-12 19:44:28] ========== Song Change Detected ==========
[2026-06-12 19:44:28] File: S.T.A.L.K.E.R. (Discography)/(2007) MoozE, FireLake - S.T.A.L.K.E.R. Музыка Из Игры. Избранные Треки/10. MoozE - Sleeping In Ashes V.2.mp3
[2026-06-12 19:44:28] Artist: MoozE
[2026-06-12 19:44:28] Title: Sleeping In Ashes V.2
[2026-06-12 19:44:28] Extracting album art...
[2026-06-12 19:44:28] Album art extracted successfully
[2026-06-12 19:44:28] Album art hash unchanged; skipping theme generation (skip_count=170)
[2026-06-12 19:49:22] ========== Song Change Detected ==========
[2026-06-12 19:49:22] File: S.T.A.L.K.E.R. (Discography)/(2007) MoozE, FireLake - S.T.A.L.K.E.R. Музыка Из Игры. Избранные Треки/11. MoozE - Rads, Pt. 1.mp3
[2026-06-12 19:49:22] Artist: MoozE
[2026-06-12 19:49:22] Title: Rads, Pt. 1
[2026-06-12 19:49:22] Extracting album art...
[2026-06-12 19:49:22] Album art extracted successfully
[2026-06-12 19:49:22] Album art hash unchanged; skipping theme generation (skip_count=171)
[2026-06-12 19:54:27] ========== Song Change Detected ==========
[2026-06-12 19:54:27] File: S.T.A.L.K.E.R. (Discography)/(2007) MoozE, FireLake - S.T.A.L.K.E.R. Музыка Из Игры. Избранные Треки/12. FireLake - Dirge For The Planet.mp3
[2026-06-12 19:54:27] Artist: FireLake
[2026-06-12 19:54:27] Title: Dirge For The Planet
[2026-06-12 19:54:27] Extracting album art...
[2026-06-12 19:54:27] Album art extracted successfully
[2026-06-12 19:54:27] Album art hash unchanged; skipping theme generation (skip_count=172)
[2026-06-12 22:08:01] ========== Song Change Detected ==========
[2026-06-12 22:08:01] ========== Song Change Detected ==========
[2026-06-12 22:08:01] File: S.T.A.L.K.E.R. (Discography)/(2007) MoozE, FireLake - S.T.A.L.K.E.R. Музыка Из Игры. Избранные Треки/13. FireLake - Fighting Unknown.mp3
[2026-06-12 22:08:01] File: S.T.A.L.K.E.R. (Discography)/(2007) MoozE, FireLake - S.T.A.L.K.E.R. Музыка Из Игры. Избранные Треки/13. FireLake - Fighting Unknown.mp3
[2026-06-12 22:08:01] Artist: FireLake
[2026-06-12 22:08:01] Artist: FireLake
[2026-06-12 22:08:01] Title: Fighting Unknown
[2026-06-12 22:08:01] Title: Fighting Unknown
[2026-06-12 22:08:01] Extracting album art...
[2026-06-12 22:08:01] Extracting album art...
[2026-06-12 22:08:02] Album art extracted successfully
[2026-06-12 22:08:02] Album art extracted successfully
[2026-06-12 22:08:02] Album art hash unchanged; skipping theme generation (skip_count=173)
[2026-06-12 22:08:02] Album art hash unchanged; skipping theme generation (skip_count=173)
[2026-06-12 22:12:31] ========== Song Change Detected ==========
[2026-06-12 22:12:31] ========== Song Change Detected ==========
[2026-06-12 22:12:31] File: S.T.A.L.K.E.R. (Discography)/(2007) MoozE, FireLake - S.T.A.L.K.E.R. Музыка Из Игры. Избранные Треки/14. FireLake - Against The Ionized Odds.mp3
[2026-06-12 22:12:31] File: S.T.A.L.K.E.R. (Discography)/(2007) MoozE, FireLake - S.T.A.L.K.E.R. Музыка Из Игры. Избранные Треки/14. FireLake - Against The Ionized Odds.mp3
[2026-06-12 22:12:31] Artist: FireLake
[2026-06-12 22:12:31] Artist: FireLake
[2026-06-12 22:12:31] Title: Against The Ionized Odds
[2026-06-12 22:12:31] Title: Against The Ionized Odds
[2026-06-12 22:12:31] Extracting album art...
[2026-06-12 22:12:31] Extracting album art...
[2026-06-12 22:12:31] Album art extracted successfully
[2026-06-12 22:12:31] Album art extracted successfully
[2026-06-12 22:12:31] Album art hash unchanged; skipping theme generation (skip_count=174)
[2026-06-12 22:12:31] Album art hash unchanged; skipping theme generation (skip_count=175)
[2026-06-17 18:07:02] ========== Song Change Detected ==========
[2026-06-17 18:07:02] File: S.T.A.L.K.E.R. (Discography)/(2007) MoozE, FireLake - S.T.A.L.K.E.R. Музыка Из Игры. Избранные Треки/01. MoozE - Mutation.mp3
[2026-06-17 18:07:02] Artist: MoozE
[2026-06-17 18:07:02] Title: Mutation
[2026-06-17 18:07:02] Extracting album art...
[2026-06-17 18:07:02] Album art extracted successfully
[2026-06-17 18:07:02] Album art hash unchanged; skipping theme generation (skip_count=176)
[2026-06-17 18:07:17] ========== Song Change Detected ==========
[2026-06-17 18:07:17] File: S.T.A.L.K.E.R. (Discography)/(2007) MoozE, FireLake - S.T.A.L.K.E.R. Музыка Из Игры. Избранные Треки/04. MoozE - Tunnels.mp3
[2026-06-17 18:07:17] Artist: MoozE
[2026-06-17 18:07:17] Title: Tunnels
[2026-06-17 18:07:17] Extracting album art...
[2026-06-17 18:07:17] Album art extracted successfully
[2026-06-17 18:07:17] Album art hash unchanged; skipping theme generation (skip_count=177)
[2026-06-17 18:58:59] ========== Song Change Detected ==========
[2026-06-17 18:58:59] File: Дельфин - Хлопок и Нейтрино (2026)/01. ЯСНОСТЬ.mp3
[2026-06-17 18:58:59] Artist: Dolphin
[2026-06-17 18:58:59] Title: ЯСНОСТЬ
[2026-06-17 18:59:00] Extracting album art...
[2026-06-17 18:59:00] Album art extracted successfully
[2026-06-17 18:59:00] Generating theme (format: image/jpeg)...
Theme written to: /home/vlvin/.config/rmpc/themes/current-song.ron
{
  "version": "1.0.0",
  "clusters": [
    {
      "rgb": {
        "r": 252,
        "g": 252,
        "b": 251
      },
      "hsv": [
        60.0,
        0.0039682537,
        0.9882353
      ],
      "lab": [
        98.93911,
        -0.17502904,
        0.47732592
      ],
      "count": 17967,
      "share": 0.287472
    },
    {
      "rgb": {
        "r": 247,
        "g": 244,
        "b": 242
      },
      "hsv": [
        24.0,
        0.020242915,
        0.96862745
      ],
      "lab": [
        96.36332,
        0.6496012,
        1.3134837
      ],
      "count": 12952,
      "share": 0.207232
    },
    {
      "rgb": {
        "r": 250,
        "g": 250,
        "b": 245
      },
      "hsv": [
        60.0,
        0.02,
        0.98039216
      ],
      "lab": [
        98.1486,
        -0.8698404,
        2.3921728
      ],
      "count": 8236,
      "share": 0.131776
    },
    {
      "rgb": {
        "r": 245,
        "g": 233,
        "b": 230
      },
      "hsv": [
        12.0,
        0.061224487,
        0.9607843
      ],
      "lab": [
        93.19114,
        3.541559,
        2.903998
      ],
      "count": 4976,
      "share": 0.079616
    },
    {
      "rgb": {
        "r": 244,
        "g": 217,
        "b": 218
      },
      "hsv": [
        357.77777,
        0.11065573,
        0.95686275
      ],
      "lab": [
        88.88575,
        9.481788,
        2.925408
      ],
      "count": 2653,
      "share": 0.042448
    },
    {
      "rgb": {
        "r": 247,
        "g": 199,
        "b": 199
      },
      "hsv": [
        0.0,
        0.19433197,
        0.96862745
      ],
      "lab": [
        84.35328,
        17.011673,
        6.471932
      ],
      "count": 2054,
      "share": 0.032864
    },
    {
      "rgb": {
        "r": 248,
        "g": 175,
        "b": 181
      },
      "hsv": [
        355.06848,
        0.29435483,
        0.972549
      ],
      "lab": [
        78.43621,
        27.470827,
        7.6657176
      ],
      "count": 1330,
      "share": 0.02128
    },
    {
      "rgb": {
        "r": 248,
        "g": 223,
        "b": 199
      },
      "hsv": [
        29.387756,
        0.19758064,
        0.972549
      ],
      "lab": [
        90.25586,
        4.8745275,
        14.897466
      ],
      "count": 1211,
      "share": 0.019376
    },
    {
      "rgb": {
        "r": 253,
        "g": 179,
        "b": 3
      },
      "hsv": [
        42.239998,
        0.9881423,
        0.99215686
      ],
      "lab": [
        77.9543,
        15.8041115,
        80.52438
      ],
      "count": 1180,
      "share": 0.01888
    },
    {
      "rgb": {
        "r": 248,
        "g": 146,
        "b": 156
      },
      "hsv": [
        354.11765,
        0.4112903,
        0.972549
      ],
      "lab": [
        71.50008,
        39.48468,
        11.506117
      ],
      "count": 1111,
      "share": 0.017776
    },
    {
      "rgb": {
        "r": 252,
        "g": 193,
        "b": 5
      },
      "hsv": [
        45.66802,
        0.98015875,
        0.9882353
      ],
      "lab": [
        81.209564,
        8.108109,
        82.52132
      ],
      "count": 1039,
      "share": 0.016624
    },
    {
      "rgb": {
        "r": 253,
        "g": 163,
        "b": 3
      },
      "hsv": [
        38.4,
        0.9881423,
        0.99215686
      ],
      "lab": [
        74.24667,
        24.164051,
        78.034035
      ],
      "count": 831,
      "share": 0.013296
    },
    {
      "rgb": {
        "r": 251,
        "g": 205,
        "b": 27
      },
      "hsv": [
        47.678574,
        0.8924303,
        0.9843137
      ],
      "lab": [
        84.09841,
        1.7454028,
        81.8002
      ],
      "count": 783,
      "share": 0.012528
    },
    {
      "rgb": {
        "r": 249,
        "g": 214,
        "b": 161
      },
      "hsv": [
        36.136364,
        0.35341364,
        0.9764706
      ],
      "lab": [
        87.392075,
        4.904002,
        30.718279
      ],
      "count": 743,
      "share": 0.011888
    },
    {
      "rgb": {
        "r": 29,
        "g": 33,
        "b": 39
      },
      "hsv": [
        216.0,
        0.25641027,
        0.15294118
      ],
      "lab": [
        12.578615,
        -0.13423711,
        -4.641679
      ],
      "count": 725,
      "share": 0.0116
    },
    {
      "rgb": {
        "r": 246,
        "g": 116,
        "b": 126
      },
      "hsv": [
        355.3846,
        0.52845526,
        0.9647059
      ],
      "lab": [
        64.64008,
        50.643147,
        18.743563
      ],
      "count": 647,
      "share": 0.010352
    },
    {
      "rgb": {
        "r": 247,
        "g": 84,
        "b": 93
      },
      "hsv": [
        356.6871,
        0.659919,
        0.96862745
      ],
      "lab": [
        58.892044,
        62.53266,
        29.996866
      ],
      "count": 553,
      "share": 0.008848
    },
    {
      "rgb": {
        "r": 204,
        "g": 166,
        "b": 181
      },
      "hsv": [
        336.3158,
        0.1862745,
        0.8
      ],
      "lab": [
        71.85761,
        16.349167,
        -2.433765
      ],
      "count": 455,
      "share": 0.00728
    },
    {
      "rgb": {
        "r": 25,
        "g": 59,
        "b": 86
      },
      "hsv": [
        206.55739,
        0.70930237,
        0.3372549
      ],
      "lab": [
        23.691654,
        -2.4884195,
        -19.907688
      ],
      "count": 431,
      "share": 0.006896
    },
    {
      "rgb": {
        "r": 36,
        "g": 106,
        "b": 153
      },
      "hsv": [
        204.10257,
        0.7647059,
        0.6
      ],
      "lab": [
        42.735645,
        -4.9493017,
        -31.736315
      ],
      "count": 412,
      "share": 0.006592
    },
    {
      "rgb": {
        "r": 252,
        "g": 211,
        "b": 111
      },
      "hsv": [
        42.55319,
        0.5595238,
        0.9882353
      ],
      "lab": [
        86.22363,
        2.8395355,
        54.185104
      ],
      "count": 391,
      "share": 0.006256
    },
    {
      "rgb": {
        "r": 249,
        "g": 54,
        "b": 38
      },
      "hsv": [
        4.5497627,
        0.8473896,
        0.9764706
      ],
      "lab": [
        54.994682,
        70.982666,
        55.297737
      ],
      "count": 369,
      "share": 0.005904
    },
    {
      "rgb": {
        "r": 145,
        "g": 142,
        "b": 170
      },
      "hsv": [
        246.42857,
        0.16470587,
        0.6666667
      ],
      "lab": [
        60.129906,
        6.9224834,
        -14.29708
      ],
      "count": 286,
      "share": 0.004576
    },
    {
      "rgb": {
        "r": 31,
        "g": 124,
        "b": 95
      },
      "hsv": [
        161.29033,
        0.75,
        0.4862745
      ],
      "lab": [
        46.353977,
        -34.01269,
        8.263599
      ],
      "count": 254,
      "share": 0.004064
    },
    {
      "rgb": {
        "r": 27,
        "g": 68,
        "b": 58
      },
      "hsv": [
        165.36586,
        0.6029412,
        0.26666668
      ],
      "lab": [
        25.780407,
        -17.261372,
        1.723206
      ],
      "count": 251,
      "share": 0.004016
    },
    {
      "rgb": {
        "r": 250,
        "g": 172,
        "b": 150
      },
      "hsv": [
        13.2,
        0.39999998,
        0.98039216
      ],
      "lab": [
        77.30194,
        26.001095,
        22.891808
      ],
      "count": 226,
      "share": 0.003616
    },
    {
      "rgb": {
        "r": 173,
        "g": 188,
        "b": 155
      },
      "hsv": [
        87.27273,
        0.1755319,
        0.7372549
      ],
      "lab": [
        74.32841,
        -11.149436,
        14.987982
      ],
      "count": 144,
      "share": 0.002304
    },
    {
      "rgb": {
        "r": 91,
        "g": 180,
        "b": 192
      },
      "hsv": [
        187.12871,
        0.5260417,
        0.7529412
      ],
      "lab": [
        68.51133,
        -23.288132,
        -14.277601
      ],
      "count": 118,
      "share": 0.001888
    },
    {
      "rgb": {
        "r": 251,
        "g": 122,
        "b": 49
      },
      "hsv": [
        21.683167,
        0.8047809,
        0.9843137
      ],
      "lab": [
        65.48001,
        45.02678,
        59.96946
      ],
      "count": 88,
      "share": 0.001408
    },
    {
      "rgb": {
        "r": 125,
        "g": 148,
        "b": 22
      },
      "hsv": [
        70.952385,
        0.8513514,
        0.5803922
      ],
      "lab": [
        57.653275,
        -24.133057,
        56.886993
      ],
      "count": 84,
      "share": 0.001344
    }
  ],
  "roleAssignments": [
    {
      "role": "Background",
      "rgb": {
        "r": 247,
        "g": 199,
        "b": 199
      },
      "hsv": [
        0.0,
        0.19433197,
        0.96862745
      ],
      "lab": [
        84.35328,
        17.011673,
        6.471932
      ],
      "hex": "#f7c7c7",
      "sourceClusterIndex": 5,
      "confidence": 0.9,
      "origin": "cluster"
    },
    {
      "role": "Text",
      "rgb": {
        "r": 29,
        "g": 33,
        "b": 39
      },
      "hsv": [
        216.0,
        0.25641027,
        0.15294118
      ],
      "lab": [
        12.578615,
        -0.13423711,
        -4.641679
      ],
      "hex": "#1d2127",
      "sourceClusterIndex": 14,
      "confidence": 0.9,
      "contrastAgainstBackground": 10.737515,
      "origin": "cluster"
    },
    {
      "role": "Accent",
      "rgb": {
        "r": 210,
        "g": 210,
        "b": 210
      },
      "hsv": [
        0.0,
        0.0,
        0.8235294
      ],
      "lab": [
        84.19848,
        -0.000029802322,
        0.000011920929
      ],
      "hex": "#d2d2d2",
      "confidence": 0.45,
      "contrastAgainstBackground": 1.0042702,
      "contrastAgainstText": 10.691858,
      "origin": "synthetic:bg-neutral"
    },
    {
      "role": "Border",
      "rgb": {
        "r": 252,
        "g": 211,
        "b": 111
      },
      "hsv": [
        42.55319,
        0.5595238,
        0.9882353
      ],
      "lab": [
        86.22363,
        2.8395355,
        54.185104
      ],
      "hex": "#fcd36f",
      "sourceClusterIndex": 20,
      "confidence": 0.8,
      "origin": "cluster"
    },
    {
      "role": "ActiveItem",
      "rgb": {
        "r": 33,
        "g": 33,
        "b": 33
      },
      "hsv": [
        0.0,
        0.0,
        0.12941177
      ],
      "lab": [
        12.740011,
        0.0,
        0.0
      ],
      "hex": "#212121",
      "confidence": 0.45,
      "contrastAgainstBackground": 10.695617,
      "contrastAgainstText": 1.0039173,
      "origin": "synthetic:text-neutral"
    },
    {
      "role": "HighlightText",
      "rgb": {
        "r": 255,
        "g": 255,
        "b": 255
      },
      "hsv": [
        0.0,
        0.0,
        1.0
      ],
      "lab": [
        100.0,
        0.0,
        0.0
      ],
      "hex": "#ffffff",
      "confidence": 0.65,
      "contrastAgainstBackground": 16.10219,
      "origin": "accent_adjusted:+15.8"
    },
    {
      "role": "Frame",
      "rgb": {
        "r": 146,
        "g": 104,
        "b": 105
      },
      "hsv": [
        358.57144,
        0.28767127,
        0.57254905
      ],
      "lab": [
        48.301117,
        17.001062,
        6.1439037
      ],
      "hex": "#926869",
      "confidence": 0.65,
      "contrastAgainstBackground": 3.1656673,
      "contrastAgainstText": 3.3918648,
      "origin": "background_adjusted:-36.0"
    },
    {
      "role": "HeaderAccent",
      "rgb": {
        "r": 0,
        "g": 0,
        "b": 0
      },
      "hsv": [
        0.0,
        0.0,
        0.0
      ],
      "lab": [
        0.0,
        0.0,
        0.0
      ],
      "hex": "#000000",
      "confidence": 0.6,
      "contrastAgainstBackground": 13.948907,
      "contrastAgainstText": 1.2990814,
      "origin": "header_accent:black"
    },
    {
      "role": "InactiveItem",
      "rgb": {
        "r": 252,
        "g": 211,
        "b": 111
      },
      "hsv": [
        42.55319,
        0.5595238,
        0.9882353
      ],
      "lab": [
        86.22363,
        2.8395355,
        54.185104
      ],
      "hex": "#fcd36f",
      "sourceClusterIndex": 20,
      "confidence": 0.7,
      "origin": "cluster"
    },
    {
      "role": "ProgressBar",
      "rgb": {
        "r": 210,
        "g": 210,
        "b": 210
      },
      "hsv": [
        0.0,
        0.0,
        0.8235294
      ],
      "lab": [
        84.19848,
        -0.000029802322,
        0.000011920929
      ],
      "hex": "#d2d2d2",
      "confidence": 0.45,
      "contrastAgainstBackground": 1.0042702,
      "contrastAgainstText": 10.691858,
      "origin": "synthetic:bg-neutral"
    },
    {
      "role": "Scrollbar",
      "rgb": {
        "r": 33,
        "g": 33,
        "b": 33
      },
      "hsv": [
        0.0,
        0.0,
        0.12941177
      ],
      "lab": [
        12.740011,
        0.0,
        0.0
      ],
      "hex": "#212121",
      "confidence": 0.45,
      "contrastAgainstBackground": 10.695617,
      "contrastAgainstText": 1.0039173,
      "origin": "synthetic:text-neutral"
    }
  ],
  "totalSamples": 62500,
  "iterations": 40,
  "durationMs": 193.163658,
  "colorSpace": "CIELAB",
  "scrollbarEnabled": true
}
[2026-06-17 18:59:00] Theme generated successfully: /home/vlvin/.config/rmpc/themes/current-song.ron
[2026-06-17 18:59:00] ========== Theme Update Complete ==========

[2026-06-17 18:59:08] ========== Song Change Detected ==========
[2026-06-17 18:59:08] File: Sleep Token - 2021 - This Place Will Become Your Tomb [Instrumental] (24_44)/01 - Atlantic (Instrumental).flac
[2026-06-17 18:59:08] Artist: Sleep Token
[2026-06-17 18:59:08] Title: Atlantic (Instrumental)
[2026-06-17 18:59:08] Extracting album art...
[2026-06-17 18:59:08] Album art extracted successfully
[2026-06-17 18:59:08] Generating theme (format: image/jpeg)...
Theme written to: /home/vlvin/.config/rmpc/themes/current-song.ron
{
  "version": "1.0.0",
  "clusters": [
    {
      "rgb": {
        "r": 8,
        "g": 17,
        "b": 26
      },
      "hsv": [
        210.0,
        0.69230765,
        0.101960786
      ],
      "lab": [
        4.7609844,
        -0.57287514,
        -6.818047
      ],
      "count": 46019,
      "share": 0.15339666666666665
    },
    {
      "rgb": {
        "r": 33,
        "g": 67,
        "b": 99
      },
      "hsv": [
        209.09091,
        0.6666666,
        0.3882353
      ],
      "lab": [
        27.402412,
        -1.1713058,
        -22.515047
      ],
      "count": 22782,
      "share": 0.07594
    },
    {
      "rgb": {
        "r": 27,
        "g": 55,
        "b": 81
      },
      "hsv": [
        208.88889,
        0.6666667,
        0.31764707
      ],
      "lab": [
        22.156963,
        -1.3073832,
        -18.999546
      ],
      "count": 22688,
      "share": 0.07562666666666666
    },
    {
      "rgb": {
        "r": 18,
        "g": 35,
        "b": 51
      },
      "hsv": [
        209.09091,
        0.6470588,
        0.2
      ],
      "lab": [
        13.043608,
        -1.2432263,
        -12.644357
      ],
      "count": 20652,
      "share": 0.06884
    },
    {
      "rgb": {
        "r": 29,
        "g": 60,
        "b": 87
      },
      "hsv": [
        207.93103,
        0.6666667,
        0.34117648
      ],
      "lab": [
        24.259998,
        -1.9342452,
        -19.662064
      ],
      "count": 20606,
      "share": 0.06868666666666666
    },
    {
      "rgb": {
        "r": 14,
        "g": 30,
        "b": 46
      },
      "hsv": [
        210.0,
        0.6956522,
        0.18039216
      ],
      "lab": [
        10.6972885,
        -0.67750365,
        -12.717715
      ],
      "count": 15144,
      "share": 0.05048
    },
    {
      "rgb": {
        "r": 12,
        "g": 23,
        "b": 34
      },
      "hsv": [
        210.0,
        0.64705884,
        0.13333334
      ],
      "lab": [
        7.2841263,
        -0.8112788,
        -9.140131
      ],
      "count": 15123,
      "share": 0.05041
    },
    {
      "rgb": {
        "r": 31,
        "g": 62,
        "b": 92
      },
      "hsv": [
        209.5082,
        0.6630435,
        0.36078432
      ],
      "lab": [
        25.287037,
        -0.9292364,
        -21.312988
      ],
      "count": 14466,
      "share": 0.04822
    },
    {
      "rgb": {
        "r": 24,
        "g": 49,
        "b": 73
      },
      "hsv": [
        209.38776,
        0.67123294,
        0.28627452
      ],
      "lab": [
        19.522186,
        -0.9826869,
        -17.773623
      ],
      "count": 14211,
      "share": 0.04737
    },
    {
      "rgb": {
        "r": 36,
        "g": 72,
        "b": 108
      },
      "hsv": [
        210.0,
        0.6666666,
        0.42352942
      ],
      "lab": [
        29.64328,
        -0.44858456,
        -24.729622
      ],
      "count": 13244,
      "share": 0.04414666666666667
    },
    {
      "rgb": {
        "r": 13,
        "g": 27,
        "b": 41
      },
      "hsv": [
        210.0,
        0.68292683,
        0.16078432
      ],
      "lab": [
        9.234392,
        -0.7631406,
        -11.339662
      ],
      "count": 12401,
      "share": 0.04133666666666667
    },
    {
      "rgb": {
        "r": 22,
        "g": 44,
        "b": 65
      },
      "hsv": [
        209.30232,
        0.6615385,
        0.25490198
      ],
      "lab": [
        17.242199,
        -1.1078715,
        -15.889448
      ],
      "count": 11846,
      "share": 0.03948666666666667
    },
    {
      "rgb": {
        "r": 20,
        "g": 41,
        "b": 58
      },
      "hsv": [
        206.8421,
        0.65517235,
        0.22745098
      ],
      "lab": [
        15.6953945,
        -2.2449045,
        -13.4540615
      ],
      "count": 11207,
      "share": 0.03735666666666667
    },
    {
      "rgb": {
        "r": 18,
        "g": 36,
        "b": 56
      },
      "hsv": [
        211.57895,
        0.6785714,
        0.21960784
      ],
      "lab": [
        13.684275,
        0.030741096,
        -15.19556
      ],
      "count": 9697,
      "share": 0.032323333333333336
    },
    {
      "rgb": {
        "r": 33,
        "g": 65,
        "b": 93
      },
      "hsv": [
        208.0,
        0.6451613,
        0.3647059
      ],
      "lab": [
        26.43011,
        -2.106473,
        -20.166481
      ],
      "count": 9298,
      "share": 0.030993333333333335
    },
    {
      "rgb": {
        "r": 26,
        "g": 52,
        "b": 73
      },
      "hsv": [
        206.80852,
        0.64383566,
        0.28627452
      ],
      "lab": [
        20.6596,
        -2.567813,
        -15.99077
      ],
      "count": 7498,
      "share": 0.024993333333333333
    },
    {
      "rgb": {
        "r": 14,
        "g": 30,
        "b": 40
      },
      "hsv": [
        203.07692,
        0.65000004,
        0.15686275
      ],
      "lab": [
        10.371845,
        -3.0886457,
        -8.836508
      ],
      "count": 6617,
      "share": 0.022056666666666665
    },
    {
      "rgb": {
        "r": 40,
        "g": 80,
        "b": 118
      },
      "hsv": [
        209.23077,
        0.6610169,
        0.4627451
      ],
      "lab": [
        32.909878,
        -1.1100918,
        -25.870396
      ],
      "count": 6306,
      "share": 0.02102
    },
    {
      "rgb": {
        "r": 37,
        "g": 73,
        "b": 105
      },
      "hsv": [
        208.23529,
        0.647619,
        0.4117647
      ],
      "lab": [
        29.856647,
        -2.0114331,
        -22.489399
      ],
      "count": 5261,
      "share": 0.017536666666666666
    },
    {
      "rgb": {
        "r": 53,
        "g": 88,
        "b": 130
      },
      "hsv": [
        212.72726,
        0.59230775,
        0.50980395
      ],
      "lab": [
        36.644493,
        0.86051226,
        -27.379715
      ],
      "count": 3014,
      "share": 0.010046666666666667
    },
    {
      "rgb": {
        "r": 162,
        "g": 172,
        "b": 199
      },
      "hsv": [
        223.78378,
        0.18592964,
        0.78039217
      ],
      "lab": [
        70.392006,
        2.1873415,
        -14.916444
      ],
      "count": 2923,
      "share": 0.009743333333333333
    },
    {
      "rgb": {
        "r": 75,
        "g": 98,
        "b": 145
      },
      "hsv": [
        220.28572,
        0.4827586,
        0.5686275
      ],
      "lab": [
        41.649544,
        4.9533844,
        -28.539253
      ],
      "count": 1997,
      "share": 0.006656666666666667
    },
    {
      "rgb": {
        "r": 118,
        "g": 134,
        "b": 173
      },
      "hsv": [
        222.54544,
        0.3179191,
        0.6784314
      ],
      "lab": [
        56.005615,
        3.6149025,
        -22.477293
      ],
      "count": 1477,
      "share": 0.004923333333333333
    },
    {
      "rgb": {
        "r": 140,
        "g": 154,
        "b": 188
      },
      "hsv": [
        222.5,
        0.25531912,
        0.7372549
      ],
      "lab": [
        63.6037,
        2.6952028,
        -19.23133
      ],
      "count": 1439,
      "share": 0.004796666666666667
    },
    {
      "rgb": {
        "r": 98,
        "g": 116,
        "b": 161
      },
      "hsv": [
        222.85715,
        0.39130434,
        0.6313726
      ],
      "lab": [
        49.080887,
        5.079031,
        -26.326561
      ],
      "count": 1346,
      "share": 0.004486666666666667
    },
    {
      "rgb": {
        "r": 34,
        "g": 66,
        "b": 105
      },
      "hsv": [
        212.95773,
        0.67619044,
        0.4117647
      ],
      "lab": [
        27.45182,
        1.9929111,
        -26.279116
      ],
      "count": 1136,
      "share": 0.0037866666666666665
    },
    {
      "rgb": {
        "r": 83,
        "g": 106,
        "b": 140
      },
      "hsv": [
        215.78947,
        0.40714288,
        0.54901963
      ],
      "lab": [
        44.289963,
        0.7058382,
        -21.402168
      ],
      "count": 590,
      "share": 0.0019666666666666665
    },
    {
      "rgb": {
        "r": 177,
        "g": 186,
        "b": 217
      },
      "hsv": [
        226.5,
        0.18433179,
        0.8509804
      ],
      "lab": [
        75.74515,
        3.3035874,
        -16.57722
      ],
      "count": 470,
      "share": 0.0015666666666666667
    },
    {
      "rgb": {
        "r": 248,
        "g": 250,
        "b": 250
      },
      "hsv": [
        180.0,
        0.007999999,
        0.98039216
      ],
      "lab": [
        98.12536,
        -0.659585,
        -0.23179054
      ],
      "count": 357,
      "share": 0.00119
    },
    {
      "rgb": {
        "r": 188,
        "g": 197,
        "b": 210
      },
      "hsv": [
        215.45454,
        0.1047619,
        0.8235294
      ],
      "lab": [
        79.20022,
        -0.529021,
        -7.543826
      ],
      "count": 185,
      "share": 0.0006166666666666666
    }
  ],
  "roleAssignments": [
    {
      "role": "Background",
      "rgb": {
        "r": 162,
        "g": 172,
        "b": 199
      },
      "hsv": [
        223.78378,
        0.18592964,
        0.78039217
      ],
      "lab": [
        70.392006,
        2.1873415,
        -14.916444
      ],
      "hex": "#a2acc7",
      "sourceClusterIndex": 20,
      "confidence": 0.9,
      "origin": "cluster"
    },
    {
      "role": "Text",
      "rgb": {
        "r": 8,
        "g": 17,
        "b": 26
      },
      "hsv": [
        210.0,
        0.69230765,
        0.101960786
      ],
      "lab": [
        4.7609844,
        -0.57287514,
        -6.818047
      ],
      "hex": "#08111a",
      "sourceClusterIndex": 0,
      "confidence": 0.9,
      "contrastAgainstBackground": 8.378704,
      "origin": "cluster"
    },
    {
      "role": "Accent",
      "rgb": {
        "r": 172,
        "g": 172,
        "b": 172
      },
      "hsv": [
        0.0,
        0.0,
        0.6745098
      ],
      "lab": [
        70.35371,
        -0.000029802322,
        0.000011920929
      ],
      "hex": "#acacac",
      "confidence": 0.45,
      "contrastAgainstBackground": 1.001204,
      "contrastAgainstText": 8.368628,
      "origin": "synthetic:bg-neutral"
    },
    {
      "role": "Border",
      "rgb": {
        "r": 53,
        "g": 88,
        "b": 130
      },
      "hsv": [
        212.72726,
        0.59230775,
        0.50980395
      ],
      "lab": [
        36.644493,
        0.86051226,
        -27.379715
      ],
      "hex": "#355882",
      "sourceClusterIndex": 19,
      "confidence": 0.8,
      "origin": "cluster"
    },
    {
      "role": "ActiveItem",
      "rgb": {
        "r": 16,
        "g": 16,
        "b": 16
      },
      "hsv": [
        0.0,
        0.0,
        0.0627451
      ],
      "lab": [
        4.6804447,
        0.0,
        0.0
      ],
      "hex": "#101010",
      "confidence": 0.45,
      "contrastAgainstBackground": 8.392295,
      "contrastAgainstText": 1.0016221,
      "origin": "synthetic:text-neutral"
    },
    {
      "role": "HighlightText",
      "rgb": {
        "r": 216,
        "g": 216,
        "b": 216
      },
      "hsv": [
        0.0,
        0.0,
        0.84705883
      ],
      "lab": [
        86.33965,
        0.0,
        0.0
      ],
      "hex": "#d8d8d8",
      "confidence": 0.65,
      "contrastAgainstBackground": 13.350221,
      "origin": "accent_adjusted:+16.0"
    },
    {
      "role": "Frame",
      "rgb": {
        "r": 71,
        "g": 81,
        "b": 104
      },
      "hsv": [
        221.81819,
        0.31730768,
        0.40784314
      ],
      "lab": [
        34.44439,
        2.044931,
        -14.587986
      ],
      "hex": "#475168",
      "confidence": 0.65,
      "contrastAgainstBackground": 3.5019822,
      "contrastAgainstText": 2.3925605,
      "origin": "background_adjusted:-36.0"
    },
    {
      "role": "HeaderAccent",
      "rgb": {
        "r": 0,
        "g": 0,
        "b": 0
      },
      "hsv": [
        0.0,
        0.0,
        0.0
      ],
      "lab": [
        0.0,
        0.0,
        0.0
      ],
      "hex": "#000000",
      "confidence": 0.6,
      "contrastAgainstBackground": 9.2619915,
      "contrastAgainstText": 1.1054206,
      "origin": "header_accent:black"
    },
    {
      "role": "InactiveItem",
      "rgb": {
        "r": 53,
        "g": 88,
        "b": 130
      },
      "hsv": [
        212.72726,
        0.59230775,
        0.50980395
      ],
      "lab": [
        36.644493,
        0.86051226,
        -27.379715
      ],
      "hex": "#355882",
      "sourceClusterIndex": 19,
      "confidence": 0.7,
      "origin": "cluster"
    },
    {
      "role": "ProgressBar",
      "rgb": {
        "r": 172,
        "g": 172,
        "b": 172
      },
      "hsv": [
        0.0,
        0.0,
        0.6745098
      ],
      "lab": [
        70.35371,
        -0.000029802322,
        0.000011920929
      ],
      "hex": "#acacac",
      "confidence": 0.45,
      "contrastAgainstBackground": 1.001204,
      "contrastAgainstText": 8.368628,
      "origin": "synthetic:bg-neutral"
    },
    {
      "role": "Scrollbar",
      "rgb": {
        "r": 16,
        "g": 16,
        "b": 16
      },
      "hsv": [
        0.0,
        0.0,
        0.0627451
      ],
      "lab": [
        4.6804447,
        0.0,
        0.0
      ],
      "hex": "#101010",
      "confidence": 0.45,
      "contrastAgainstBackground": 8.392295,
      "contrastAgainstText": 1.0016221,
      "origin": "synthetic:text-neutral"
    }
  ],
  "totalSamples": 300000,
  "iterations": 40,
  "durationMs": 779.554911,
  "colorSpace": "CIELAB",
  "scrollbarEnabled": true
}
[2026-06-17 18:59:09] Theme generated successfully: /home/vlvin/.config/rmpc/themes/current-song.ron
[2026-06-17 18:59:09] ========== Theme Update Complete ==========

[2026-06-17 18:59:26] ========== Song Change Detected ==========
[2026-06-17 18:59:26] File: Kronstad 23 - Dødehavet (2026) [FLAC] (24bit-44.1kHz)/01 - Menigheten.flac
[2026-06-17 18:59:26] Artist: Kronstad 23
[2026-06-17 18:59:26] Title: Menigheten
[2026-06-17 18:59:26] Extracting album art...
[2026-06-17 18:59:26] Album art extracted successfully
[2026-06-17 18:59:26] Generating theme (format: image/jpeg)...
Theme written to: /home/vlvin/.config/rmpc/themes/current-song.ron
{
  "version": "1.0.0",
  "clusters": [
    {
      "rgb": {
        "r": 203,
        "g": 174,
        "b": 135
      },
      "hsv": [
        34.411766,
        0.33497533,
        0.79607844
      ],
      "lab": [
        72.70689,
        4.838228,
        23.933388
      ],
      "count": 3222,
      "share": 0.1432
    },
    {
      "rgb": {
        "r": 49,
        "g": 66,
        "b": 79
      },
      "hsv": [
        206.0,
        0.37974685,
        0.30980393
      ],
      "lab": [
        27.05621,
        -3.036946,
        -10.014332
      ],
      "count": 2515,
      "share": 0.11177777777777778
    },
    {
      "rgb": {
        "r": 195,
        "g": 166,
        "b": 125
      },
      "hsv": [
        35.14286,
        0.35897437,
        0.7647059
      ],
      "lab": [
        69.72295,
        4.712611,
        25.18499
      ],
      "count": 2361,
      "share": 0.10493333333333334
    },
    {
      "rgb": {
        "r": 61,
        "g": 74,
        "b": 85
      },
      "hsv": [
        207.5,
        0.28235295,
        0.33333334
      ],
      "lab": [
        30.74857,
        -2.278492,
        -8.226347
      ],
      "count": 1807,
      "share": 0.08031111111111111
    },
    {
      "rgb": {
        "r": 202,
        "g": 175,
        "b": 132
      },
      "hsv": [
        36.857143,
        0.34653464,
        0.7921569
      ],
      "lab": [
        72.81553,
        3.5322607,
        25.676895
      ],
      "count": 1671,
      "share": 0.07426666666666666
    },
    {
      "rgb": {
        "r": 41,
        "g": 44,
        "b": 56
      },
      "hsv": [
        228.0,
        0.26785713,
        0.21960784
      ],
      "lab": [
        18.180008,
        1.9379854,
        -8.110809
      ],
      "count": 1348,
      "share": 0.05991111111111111
    },
    {
      "rgb": {
        "r": 181,
        "g": 154,
        "b": 116
      },
      "hsv": [
        35.076923,
        0.35911605,
        0.70980394
      ],
      "lab": [
        65.11888,
        4.465371,
        23.683107
      ],
      "count": 972,
      "share": 0.0432
    },
    {
      "rgb": {
        "r": 53,
        "g": 54,
        "b": 61
      },
      "hsv": [
        232.5,
        0.13114753,
        0.23921569
      ],
      "lab": [
        22.765251,
        1.2813807,
        -4.510599
      ],
      "count": 925,
      "share": 0.04111111111111111
    },
    {
      "rgb": {
        "r": 77,
        "g": 83,
        "b": 91
      },
      "hsv": [
        214.2857,
        0.15384614,
        0.35686275
      ],
      "lab": [
        35.04218,
        -0.5066097,
        -5.471367
      ],
      "count": 830,
      "share": 0.03688888888888889
    },
    {
      "rgb": {
        "r": 189,
        "g": 58,
        "b": 52
      },
      "hsv": [
        2.627737,
        0.72486776,
        0.7411765
      ],
      "lab": [
        44.370705,
        51.907867,
        33.67426
      ],
      "count": 825,
      "share": 0.03666666666666667
    },
    {
      "rgb": {
        "r": 38,
        "g": 56,
        "b": 69
      },
      "hsv": [
        205.1613,
        0.44927537,
        0.27058825
      ],
      "lab": [
        22.548637,
        -3.2515824,
        -10.3323345
      ],
      "count": 703,
      "share": 0.031244444444444443
    },
    {
      "rgb": {
        "r": 102,
        "g": 57,
        "b": 81
      },
      "hsv": [
        328.0,
        0.44117647,
        0.4
      ],
      "lab": [
        30.268364,
        23.529648,
        -5.9177637
      ],
      "count": 664,
      "share": 0.02951111111111111
    },
    {
      "rgb": {
        "r": 170,
        "g": 132,
        "b": 113
      },
      "hsv": [
        20.000006,
        0.33529413,
        0.6666667
      ],
      "lab": [
        58.26628,
        11.82577,
        15.853512
      ],
      "count": 591,
      "share": 0.026266666666666667
    },
    {
      "rgb": {
        "r": 65,
        "g": 115,
        "b": 127
      },
      "hsv": [
        191.6129,
        0.48818895,
        0.49803922
      ],
      "lab": [
        45.519794,
        -13.366818,
        -11.846423
      ],
      "count": 568,
      "share": 0.025244444444444444
    },
    {
      "rgb": {
        "r": 194,
        "g": 75,
        "b": 43
      },
      "hsv": [
        12.715232,
        0.77835053,
        0.7607843
      ],
      "lab": [
        47.853573,
        45.993,
        42.63786
      ],
      "count": 509,
      "share": 0.02262222222222222
    },
    {
      "rgb": {
        "r": 184,
        "g": 134,
        "b": 46
      },
      "hsv": [
        38.26087,
        0.75,
        0.72156864
      ],
      "lab": [
        59.379486,
        10.870754,
        52.346073
      ],
      "count": 509,
      "share": 0.02262222222222222
    },
    {
      "rgb": {
        "r": 193,
        "g": 85,
        "b": 43
      },
      "hsv": [
        16.8,
        0.77720207,
        0.75686276
      ],
      "lab": [
        49.510986,
        40.860832,
        44.26847
      ],
      "count": 426,
      "share": 0.018933333333333333
    },
    {
      "rgb": {
        "r": 183,
        "g": 72,
        "b": 39
      },
      "hsv": [
        13.75,
        0.78688526,
        0.7176471
      ],
      "lab": [
        45.43025,
        43.20359,
        41.628044
      ],
      "count": 418,
      "share": 0.018577777777777776
    },
    {
      "rgb": {
        "r": 105,
        "g": 62,
        "b": 79
      },
      "hsv": [
        336.27905,
        0.40952381,
        0.4117647
      ],
      "lab": [
        31.837902,
        21.35901,
        -2.2453904
      ],
      "count": 326,
      "share": 0.01448888888888889
    },
    {
      "rgb": {
        "r": 168,
        "g": 145,
        "b": 115
      },
      "hsv": [
        33.962265,
        0.3154762,
        0.65882355
      ],
      "lab": [
        61.49385,
        4.002839,
        19.122732
      ],
      "count": 310,
      "share": 0.013777777777777778
    },
    {
      "rgb": {
        "r": 145,
        "g": 59,
        "b": 75
      },
      "hsv": [
        348.83722,
        0.59310347,
        0.5686275
      ],
      "lab": [
        37.220303,
        37.841454,
        8.855814
      ],
      "count": 207,
      "share": 0.0092
    },
    {
      "rgb": {
        "r": 68,
        "g": 67,
        "b": 61
      },
      "hsv": [
        51.428574,
        0.10294122,
        0.26666668
      ],
      "lab": [
        28.327667,
        -0.8511692,
        3.7932873
      ],
      "count": 161,
      "share": 0.007155555555555556
    },
    {
      "rgb": {
        "r": 168,
        "g": 83,
        "b": 54
      },
      "hsv": [
        15.263159,
        0.67857146,
        0.65882355
      ],
      "lab": [
        45.33144,
        32.58541,
        32.748318
      ],
      "count": 114,
      "share": 0.005066666666666666
    },
    {
      "rgb": {
        "r": 172,
        "g": 64,
        "b": 61
      },
      "hsv": [
        1.6216234,
        0.64534885,
        0.6745098
      ],
      "lab": [
        42.425323,
        44.021667,
        25.294304
      ],
      "count": 110,
      "share": 0.004888888888888889
    },
    {
      "rgb": {
        "r": 47,
        "g": 37,
        "b": 32
      },
      "hsv": [
        20.0,
        0.3191489,
        0.18431373
      ],
      "lab": [
        15.65346,
        3.7441254,
        5.1018925
      ],
      "count": 85,
      "share": 0.003777777777777778
    },
    {
      "rgb": {
        "r": 123,
        "g": 113,
        "b": 95
      },
      "hsv": [
        38.571426,
        0.22764227,
        0.48235294
      ],
      "lab": [
        48.067688,
        0.720948,
        11.4118395
      ],
      "count": 83,
      "share": 0.0036888888888888887
    },
    {
      "rgb": {
        "r": 206,
        "g": 136,
        "b": 108
      },
      "hsv": [
        17.14286,
        0.47572815,
        0.80784315
      ],
      "lab": [
        63.190346,
        23.634642,
        26.004993
      ],
      "count": 64,
      "share": 0.0028444444444444446
    },
    {
      "rgb": {
        "r": 166,
        "g": 136,
        "b": 72
      },
      "hsv": [
        40.851067,
        0.56626505,
        0.6509804
      ],
      "lab": [
        58.21189,
        3.4466982,
        38.23029
      ],
      "count": 60,
      "share": 0.0026666666666666666
    },
    {
      "rgb": {
        "r": 196,
        "g": 125,
        "b": 55
      },
      "hsv": [
        29.787231,
        0.71938777,
        0.76862746
      ],
      "lab": [
        58.67861,
        21.506279,
        48.096996
      ],
      "count": 60,
      "share": 0.0026666666666666666
    },
    {
      "rgb": {
        "r": 82,
        "g": 109,
        "b": 101
      },
      "hsv": [
        162.22221,
        0.2477064,
        0.42745098
      ],
      "lab": [
        43.756287,
        -11.737615,
        1.2418628
      ],
      "count": 56,
      "share": 0.002488888888888889
    }
  ],
  "roleAssignments": [
    {
      "role": "Background",
      "rgb": {
        "r": 203,
        "g": 174,
        "b": 135
      },
      "hsv": [
        34.411766,
        0.33497533,
        0.79607844
      ],
      "lab": [
        72.70689,
        4.838228,
        23.933388
      ],
      "hex": "#cbae87",
      "sourceClusterIndex": 0,
      "confidence": 0.9,
      "origin": "cluster"
    },
    {
      "role": "Text",
      "rgb": {
        "r": 47,
        "g": 37,
        "b": 32
      },
      "hsv": [
        20.0,
        0.3191489,
        0.18431373
      ],
      "lab": [
        15.65346,
        3.7441254,
        5.1018925
      ],
      "hex": "#2f2520",
      "sourceClusterIndex": 24,
      "confidence": 0.9,
      "contrastAgainstBackground": 7.0704794,
      "origin": "cluster"
    },
    {
      "role": "Accent",
      "rgb": {
        "r": 178,
        "g": 178,
        "b": 178
      },
      "hsv": [
        0.0,
        0.0,
        0.69803923
      ],
      "lab": [
        72.57478,
        0.0,
        0.0
      ],
      "hex": "#b2b2b2",
      "confidence": 0.45,
      "contrastAgainstBackground": 1.0039937,
      "contrastAgainstText": 7.042354,
      "origin": "synthetic:bg-neutral"
    },
    {
      "role": "Border",
      "rgb": {
        "r": 145,
        "g": 59,
        "b": 75
      },
      "hsv": [
        348.83722,
        0.59310347,
        0.5686275
      ],
      "lab": [
        37.220303,
        37.841454,
        8.855814
      ],
      "hex": "#913b4b",
      "sourceClusterIndex": 20,
      "confidence": 0.8,
      "origin": "cluster"
    },
    {
      "role": "ActiveItem",
      "rgb": {
        "r": 39,
        "g": 39,
        "b": 39
      },
      "hsv": [
        0.0,
        0.0,
        0.15294118
      ],
      "lab": [
        15.637959,
        0.0,
        0.0000059604645
      ],
      "hex": "#272727",
      "confidence": 0.45,
      "contrastAgainstBackground": 7.073398,
      "contrastAgainstText": 1.0004128,
      "origin": "synthetic:text-neutral"
    },
    {
      "role": "HighlightText",
      "rgb": {
        "r": 222,
        "g": 222,
        "b": 222
      },
      "hsv": [
        0.0,
        0.0,
        0.87058824
      ],
      "lab": [
        88.469696,
        0.0,
        0.000011920929
      ],
      "hex": "#dedede",
      "confidence": 0.65,
      "contrastAgainstBackground": 11.103668,
      "origin": "accent_adjusted:+16.0"
    },
    {
      "role": "Frame",
      "rgb": {
        "r": 106,
        "g": 83,
        "b": 48
      },
      "hsv": [
        36.2069,
        0.5471698,
        0.41568628
      ],
      "lab": [
        36.863937,
        4.7563314,
        24.00874
      ],
      "hex": "#6a5330",
      "confidence": 0.65,
      "contrastAgainstBackground": 3.4373345,
      "contrastAgainstText": 2.0569658,
      "origin": "background_adjusted:-36.0"
    },
    {
      "role": "HeaderAccent",
      "rgb": {
        "r": 0,
        "g": 0,
        "b": 0
      },
      "hsv": [
        0.0,
        0.0,
        0.0
      ],
      "lab": [
        0.0,
        0.0,
        0.0
      ],
      "hex": "#000000",
      "confidence": 0.6,
      "contrastAgainstBackground": 9.94358,
      "contrastAgainstText": 1.4063514,
      "origin": "header_accent:black"
    },
    {
      "role": "InactiveItem",
      "rgb": {
        "r": 145,
        "g": 59,
        "b": 75
      },
      "hsv": [
        348.83722,
        0.59310347,
        0.5686275
      ],
      "lab": [
        37.220303,
        37.841454,
        8.855814
      ],
      "hex": "#913b4b",
      "sourceClusterIndex": 20,
      "confidence": 0.7,
      "origin": "cluster"
    },
    {
      "role": "ProgressBar",
      "rgb": {
        "r": 178,
        "g": 178,
        "b": 178
      },
      "hsv": [
        0.0,
        0.0,
        0.69803923
      ],
      "lab": [
        72.57478,
        0.0,
        0.0
      ],
      "hex": "#b2b2b2",
      "confidence": 0.45,
      "contrastAgainstBackground": 1.0039937,
      "contrastAgainstText": 7.042354,
      "origin": "synthetic:bg-neutral"
    },
    {
      "role": "Scrollbar",
      "rgb": {
        "r": 39,
        "g": 39,
        "b": 39
      },
      "hsv": [
        0.0,
        0.0,
        0.15294118
      ],
      "lab": [
        15.637959,
        0.0,
        0.0000059604645
      ],
      "hex": "#272727",
      "confidence": 0.45,
      "contrastAgainstBackground": 7.073398,
      "contrastAgainstText": 1.0004128,
      "origin": "synthetic:text-neutral"
    }
  ],
  "totalSamples": 22500,
  "iterations": 25,
  "durationMs": 46.719021,
  "colorSpace": "CIELAB",
  "scrollbarEnabled": true
}
[2026-06-17 18:59:26] Theme generated successfully: /home/vlvin/.config/rmpc/themes/current-song.ron
[2026-06-17 18:59:26] ========== Theme Update Complete ==========

[2026-06-17 19:14:02] ========== Song Change Detected ==========
[2026-06-17 19:14:02] File: Kronstad 23 - Dødehavet (2026) [FLAC] (24bit-44.1kHz)/02 - Stratosfæren.flac
[2026-06-17 19:14:02] Artist: Kronstad 23
[2026-06-17 19:14:02] Title: Stratosfæren
[2026-06-17 19:14:02] Extracting album art...
[2026-06-17 19:14:02] Album art extracted successfully
[2026-06-17 19:14:02] Album art hash unchanged; skipping theme generation (skip_count=178)
[2026-06-17 19:18:51] ========== Song Change Detected ==========
[2026-06-17 19:18:51] File: Kronstad 23 - Dødehavet (2026) [FLAC] (24bit-44.1kHz)/03 - Bolverk.flac
[2026-06-17 19:18:51] Artist: Kronstad 23
[2026-06-17 19:18:51] Title: Bolverk
[2026-06-17 19:18:51] Extracting album art...
[2026-06-17 19:18:52] Album art extracted successfully
[2026-06-17 19:18:52] Album art hash unchanged; skipping theme generation (skip_count=179)
[2026-06-17 19:23:35] ========== Song Change Detected ==========
[2026-06-17 19:23:35] File: Kronstad 23 - Dødehavet (2026) [FLAC] (24bit-44.1kHz)/04 - Rabalder.flac
[2026-06-17 19:23:35] Artist: Kronstad 23
[2026-06-17 19:23:35] Title: Rabalder
[2026-06-17 19:23:35] Extracting album art...
[2026-06-17 19:23:35] Album art extracted successfully
[2026-06-17 19:23:35] Album art hash unchanged; skipping theme generation (skip_count=180)
[2026-06-17 19:27:05] ========== Song Change Detected ==========
[2026-06-17 19:27:05] File: Kronstad 23 - Dødehavet (2026) [FLAC] (24bit-44.1kHz)/05 - Høytrykk.flac
[2026-06-17 19:27:05] Artist: Kronstad 23
[2026-06-17 19:27:05] Title: Høytrykk
[2026-06-17 19:27:05] Extracting album art...
[2026-06-17 19:27:05] Album art extracted successfully
[2026-06-17 19:27:05] Album art hash unchanged; skipping theme generation (skip_count=181)
[2026-06-17 19:31:23] ========== Song Change Detected ==========
[2026-06-17 19:31:23] File: Kronstad 23 - Dødehavet (2026) [FLAC] (24bit-44.1kHz)/06 - Myrra.flac
[2026-06-17 19:31:23] Artist: Kronstad 23
[2026-06-17 19:31:23] Title: Myrra
[2026-06-17 19:31:23] Extracting album art...
[2026-06-17 19:31:23] Album art extracted successfully
[2026-06-17 19:31:23] Album art hash unchanged; skipping theme generation (skip_count=182)
[2026-06-17 19:36:59] ========== Song Change Detected ==========
[2026-06-17 19:36:59] File: Kronstad 23 - Dødehavet (2026) [FLAC] (24bit-44.1kHz)/07 - Svartmagi.flac
[2026-06-17 19:36:59] Artist: Kronstad 23
[2026-06-17 19:36:59] Title: Svartmagi
[2026-06-17 19:36:59] Extracting album art...
[2026-06-17 19:36:59] Album art extracted successfully
[2026-06-17 19:36:59] Album art hash unchanged; skipping theme generation (skip_count=183)
[2026-06-17 20:11:27] ========== Song Change Detected ==========
[2026-06-17 20:11:27] File: Zen Garden - 2010 - Simple Thought/01_Zen Garden - Nefel DTS.wav
[2026-06-17 20:11:27] Artist: unknown
[2026-06-17 20:11:27] Title: unknown
[2026-06-17 20:11:27] Extracting album art...
[38;5;3mWARN[0m: Expected binary data but got 'OK' 
[2026-06-17 20:11:27] Album art extracted successfully
[2026-06-17 20:11:27] Generating theme (format: image/jpeg)...
Theme written to: /home/vlvin/.config/rmpc/themes/current-song.ron
{
  "version": "1.0.0",
  "clusters": [
    {
      "rgb": {
        "r": 1,
        "g": 2,
        "b": 2
      },
      "hsv": [
        180.0,
        0.5,
        0.007843138
      ],
      "lab": [
        0.49003983,
        -0.26150048,
        -0.09213984
      ],
      "count": 40784,
      "share": 0.31469135802469134
    },
    {
      "rgb": {
        "r": 110,
        "g": 108,
        "b": 108
      },
      "hsv": [
        0.0,
        0.018181818,
        0.43137255
      ],
      "lab": [
        45.802036,
        0.77298284,
        0.2738595
      ],
      "count": 8396,
      "share": 0.06478395061728395
    },
    {
      "rgb": {
        "r": 16,
        "g": 16,
        "b": 17
      },
      "hsv": [
        240.0,
        0.058823522,
        0.06666667
      ],
      "lab": [
        4.7080803,
        0.19418448,
        -0.5285084
      ],
      "count": 7616,
      "share": 0.05876543209876543
    },
    {
      "rgb": {
        "r": 197,
        "g": 174,
        "b": 142
      },
      "hsv": [
        34.90909,
        0.2791878,
        0.77254903
      ],
      "lab": [
        72.293144,
        3.39666,
        19.493484
      ],
      "count": 7128,
      "share": 0.055
    },
    {
      "rgb": {
        "r": 222,
        "g": 199,
        "b": 166
      },
      "hsv": [
        35.357143,
        0.25225222,
        0.87058824
      ],
      "lab": [
        81.3637,
        3.0356348,
        19.494617
      ],
      "count": 5123,
      "share": 0.03952932098765432
    },
    {
      "rgb": {
        "r": 127,
        "g": 124,
        "b": 126
      },
      "hsv": [
        320.0,
        0.023622045,
        0.49803922
      ],
      "lab": [
        52.324112,
        1.527071,
        -0.685513
      ],
      "count": 4632,
      "share": 0.03574074074074074
    },
    {
      "rgb": {
        "r": 182,
        "g": 139,
        "b": 87
      },
      "hsv": [
        32.84211,
        0.521978,
        0.7137255
      ],
      "lab": [
        60.870125,
        10.022759,
        33.954483
      ],
      "count": 3965,
      "share": 0.030594135802469134
    },
    {
      "rgb": {
        "r": 129,
        "g": 94,
        "b": 38
      },
      "hsv": [
        36.923073,
        0.7054264,
        0.5058824
      ],
      "lab": [
        42.480873,
        8.201302,
        36.634697
      ],
      "count": 3864,
      "share": 0.029814814814814815
    },
    {
      "rgb": {
        "r": 193,
        "g": 148,
        "b": 84
      },
      "hsv": [
        35.22936,
        0.5647668,
        0.75686276
      ],
      "lab": [
        64.28994,
        9.498626,
        39.984745
      ],
      "count": 3578,
      "share": 0.027608024691358025
    },
    {
      "rgb": {
        "r": 138,
        "g": 104,
        "b": 65
      },
      "hsv": [
        32.05479,
        0.5289855,
        0.5411765
      ],
      "lab": [
        46.560627,
        8.624405,
        27.119183
      ],
      "count": 3551,
      "share": 0.02739969135802469
    },
    {
      "rgb": {
        "r": 108,
        "g": 79,
        "b": 31
      },
      "hsv": [
        37.4026,
        0.712963,
        0.42352942
      ],
      "lab": [
        35.751682,
        6.739363,
        32.201195
      ],
      "count": 3319,
      "share": 0.02560956790123457
    },
    {
      "rgb": {
        "r": 158,
        "g": 120,
        "b": 76
      },
      "hsv": [
        32.19512,
        0.51898736,
        0.61960787
      ],
      "lab": [
        53.195152,
        9.309143,
        29.770697
      ],
      "count": 3256,
      "share": 0.025123456790123455
    },
    {
      "rgb": {
        "r": 150,
        "g": 112,
        "b": 44
      },
      "hsv": [
        38.490562,
        0.7066667,
        0.5882353
      ],
      "lab": [
        49.80468,
        7.8260303,
        42.2474
      ],
      "count": 3039,
      "share": 0.023449074074074074
    },
    {
      "rgb": {
        "r": 174,
        "g": 128,
        "b": 54
      },
      "hsv": [
        37.000004,
        0.6896552,
        0.68235296
      ],
      "lab": [
        56.78717,
        10.179281,
        45.770317
      ],
      "count": 3010,
      "share": 0.02322530864197531
    },
    {
      "rgb": {
        "r": 34,
        "g": 30,
        "b": 25
      },
      "hsv": [
        33.33333,
        0.2647059,
        0.13333334
      ],
      "lab": [
        11.544491,
        0.8305982,
        4.13104
      ],
      "count": 2874,
      "share": 0.022175925925925925
    },
    {
      "rgb": {
        "r": 129,
        "g": 127,
        "b": 125
      },
      "hsv": [
        29.999943,
        0.031007808,
        0.5058824
      ],
      "lab": [
        53.305115,
        0.36036968,
        1.3501883
      ],
      "count": 2862,
      "share": 0.022083333333333333
    },
    {
      "rgb": {
        "r": 202,
        "g": 151,
        "b": 64
      },
      "hsv": [
        37.826088,
        0.6831683,
        0.7921569
      ],
      "lab": [
        65.79741,
        10.361761,
        51.697987
      ],
      "count": 2646,
      "share": 0.020416666666666666
    },
    {
      "rgb": {
        "r": 118,
        "g": 88,
        "b": 58
      },
      "hsv": [
        30.000004,
        0.5084746,
        0.4627451
      ],
      "lab": [
        39.810658,
        8.339986,
        22.1402
      ],
      "count": 2573,
      "share": 0.019853395061728396
    },
    {
      "rgb": {
        "r": 163,
        "g": 117,
        "b": 63
      },
      "hsv": [
        32.399998,
        0.61349696,
        0.6392157
      ],
      "lab": [
        52.806587,
        12.0992365,
        36.45865
      ],
      "count": 2132,
      "share": 0.016450617283950617
    },
    {
      "rgb": {
        "r": 89,
        "g": 63,
        "b": 23
      },
      "hsv": [
        36.363632,
        0.74157304,
        0.34901962
      ],
      "lab": [
        28.749893,
        6.7762585,
        28.169363
      ],
      "count": 2096,
      "share": 0.01617283950617284
    },
    {
      "rgb": {
        "r": 93,
        "g": 71,
        "b": 49
      },
      "hsv": [
        30.000004,
        0.47311828,
        0.3647059
      ],
      "lab": [
        31.933613,
        6.139293,
        16.822058
      ],
      "count": 1797,
      "share": 0.013865740740740741
    },
    {
      "rgb": {
        "r": 254,
        "g": 253,
        "b": 253
      },
      "hsv": [
        0.0,
        0.003937008,
        0.99607843
      ],
      "lab": [
        99.38321,
        0.3297031,
        0.116336346
      ],
      "count": 1789,
      "share": 0.013804012345679012
    },
    {
      "rgb": {
        "r": 209,
        "g": 196,
        "b": 151
      },
      "hsv": [
        46.551727,
        0.27751195,
        0.81960785
      ],
      "lab": [
        79.19698,
        -2.3897886,
        24.289906
      ],
      "count": 1645,
      "share": 0.012692901234567901
    },
    {
      "rgb": {
        "r": 59,
        "g": 47,
        "b": 39
      },
      "hsv": [
        24.0,
        0.33898303,
        0.23137255
      ],
      "lab": [
        20.477016,
        3.9934964,
        7.1960506
      ],
      "count": 1465,
      "share": 0.011304012345679012
    },
    {
      "rgb": {
        "r": 202,
        "g": 178,
        "b": 77
      },
      "hsv": [
        48.480003,
        0.61881185,
        0.7921569
      ],
      "lab": [
        72.84919,
        -3.2880604,
        53.45713
      ],
      "count": 1403,
      "share": 0.010825617283950617
    },
    {
      "rgb": {
        "r": 220,
        "g": 219,
        "b": 171
      },
      "hsv": [
        58.775513,
        0.22272725,
        0.8627451
      ],
      "lab": [
        86.414734,
        -7.3517265,
        23.807026
      ],
      "count": 1358,
      "share": 0.010478395061728395
    },
    {
      "rgb": {
        "r": 64,
        "g": 46,
        "b": 25
      },
      "hsv": [
        32.30769,
        0.60937506,
        0.2509804
      ],
      "lab": [
        20.496292,
        5.2579937,
        16.65082
      ],
      "count": 1266,
      "share": 0.009768518518518518
    },
    {
      "rgb": {
        "r": 207,
        "g": 209,
        "b": 97
      },
      "hsv": [
        61.071426,
        0.53588516,
        0.81960785
      ],
      "lab": [
        81.69154,
        -15.604675,
        54.431007
      ],
      "count": 944,
      "share": 0.0072839506172839505
    },
    {
      "rgb": {
        "r": 217,
        "g": 172,
        "b": 61
      },
      "hsv": [
        42.69231,
        0.718894,
        0.8509804
      ],
      "lab": [
        72.62551,
        5.4054556,
        60.52834
      ],
      "count": 907,
      "share": 0.006998456790123456
    },
    {
      "rgb": {
        "r": 182,
        "g": 174,
        "b": 92
      },
      "hsv": [
        54.666668,
        0.4945055,
        0.7137255
      ],
      "lab": [
        70.16963,
        -8.454889,
        42.765533
      ],
      "count": 582,
      "share": 0.0044907407407407405
    }
  ],
  "roleAssignments": [
    {
      "role": "Background",
      "rgb": {
        "r": 110,
        "g": 108,
        "b": 108
      },
      "hsv": [
        0.0,
        0.018181818,
        0.43137255
      ],
      "lab": [
        45.802036,
        0.77298284,
        0.2738595
      ],
      "hex": "#6e6c6c",
      "sourceClusterIndex": 1,
      "confidence": 0.9,
      "origin": "cluster"
    },
    {
      "role": "Text",
      "rgb": {
        "r": 254,
        "g": 253,
        "b": 253
      },
      "hsv": [
        0.0,
        0.003937008,
        0.99607843
      ],
      "lab": [
        99.38321,
        0.3297031,
        0.116336346
      ],
      "hex": "#fefdfd",
      "sourceClusterIndex": 21,
      "confidence": 0.9,
      "contrastAgainstBackground": 5.1391,
      "origin": "cluster"
    },
    {
      "role": "Accent",
      "rgb": {
        "r": 108,
        "g": 108,
        "b": 108
      },
      "hsv": [
        0.0,
        0.0,
        0.42352942
      ],
      "lab": [
        45.628693,
        0.0,
        0.0
      ],
      "hex": "#6c6c6c",
      "confidence": 0.45,
      "contrastAgainstBackground": 1.0063438,
      "contrastAgainstText": 5.1717014,
      "origin": "synthetic:bg-neutral"
    },
    {
      "role": "Border",
      "rgb": {
        "r": 207,
        "g": 209,
        "b": 97
      },
      "hsv": [
        61.071426,
        0.53588516,
        0.81960785
      ],
      "lab": [
        81.69154,
        -15.604675,
        54.431007
      ],
      "hex": "#cfd161",
      "sourceClusterIndex": 27,
      "confidence": 0.8,
      "origin": "cluster"
    },
    {
      "role": "ActiveItem",
      "rgb": {
        "r": 42,
        "g": 0,
        "b": 0
      },
      "hsv": [
        0.0,
        1.0,
        0.16470589
      ],
      "lab": [
        4.447916,
        19.754105,
        7.028532
      ],
      "hex": "#2a0000",
      "sourceClusterIndex": 12,
      "confidence": 0.7,
      "contrastAgainstBackground": 3.6638656,
      "contrastAgainstText": 18.82897,
      "origin": "adjusted:12:-48.0"
    },
    {
      "role": "HighlightText",
      "rgb": {
        "r": 254,
        "g": 253,
        "b": 253
      },
      "hsv": [
        0.0,
        0.003937008,
        0.99607843
      ],
      "lab": [
        99.38321,
        0.3297031,
        0.116336346
      ],
      "hex": "#fefdfd",
      "confidence": 0.9,
      "contrastAgainstBackground": 18.82897,
      "origin": "text"
    },
    {
      "role": "Frame",
      "rgb": {
        "r": 28,
        "g": 27,
        "b": 27
      },
      "hsv": [
        0.0,
        0.035714284,
        0.10980392
      ],
      "lab": [
        9.87517,
        0.4812926,
        0.17097294
      ],
      "hex": "#1c1b1b",
      "confidence": 0.65,
      "contrastAgainstBackground": 3.2934935,
      "contrastAgainstText": 16.925592,
      "origin": "background_adjusted:-36.0"
    },
    {
      "role": "HeaderAccent",
      "rgb": {
        "r": 255,
        "g": 255,
        "b": 255
      },
      "hsv": [
        0.0,
        0.0,
        1.0
      ],
      "lab": [
        100.0,
        0.0,
        0.0
      ],
      "hex": "#ffffff",
      "confidence": 0.6,
      "contrastAgainstBackground": 5.2179537,
      "contrastAgainstText": 1.0153439,
      "origin": "header_accent:white"
    },
    {
      "role": "InactiveItem",
      "rgb": {
        "r": 207,
        "g": 209,
        "b": 97
      },
      "hsv": [
        61.071426,
        0.53588516,
        0.81960785
      ],
      "lab": [
        81.69154,
        -15.604675,
        54.431007
      ],
      "hex": "#cfd161",
      "sourceClusterIndex": 27,
      "confidence": 0.7,
      "origin": "cluster"
    },
    {
      "role": "ProgressBar",
      "rgb": {
        "r": 108,
        "g": 108,
        "b": 108
      },
      "hsv": [
        0.0,
        0.0,
        0.42352942
      ],
      "lab": [
        45.628693,
        0.0,
        0.0
      ],
      "hex": "#6c6c6c",
      "confidence": 0.45,
      "contrastAgainstBackground": 1.0063438,
      "contrastAgainstText": 5.1717014,
      "origin": "synthetic:bg-neutral"
    },
    {
      "role": "Scrollbar",
      "rgb": {
        "r": 42,
        "g": 0,
        "b": 0
      },
      "hsv": [
        0.0,
        1.0,
        0.16470589
      ],
      "lab": [
        4.447916,
        19.754105,
        7.028532
      ],
      "hex": "#2a0000",
      "sourceClusterIndex": 12,
      "confidence": 0.7,
      "contrastAgainstBackground": 3.6638656,
      "contrastAgainstText": 18.82897,
      "origin": "adjusted:12:-48.0"
    }
  ],
  "totalSamples": 129600,
  "iterations": 40,
  "durationMs": 332.876229,
  "colorSpace": "CIELAB",
  "scrollbarEnabled": true
}
[2026-06-17 20:11:28] Theme generated successfully: /home/vlvin/.config/rmpc/themes/current-song.ron
[2026-06-17 20:11:28] ========== Theme Update Complete ==========

[2026-06-17 20:11:36] ========== Song Change Detected ==========
[2026-06-17 20:11:36] File: Sleep Token - 2021 - This Place Will Become Your Tomb [Instrumental] (24_44)/02 - Hypnosis (Instrumental).flac
[2026-06-17 20:11:36] Artist: Sleep Token
[2026-06-17 20:11:36] Title: Hypnosis (Instrumental)
[2026-06-17 20:11:36] Extracting album art...
[2026-06-17 20:11:36] Album art extracted successfully
[2026-06-17 20:11:36] Generating theme (format: image/jpeg)...
Theme written to: /home/vlvin/.config/rmpc/themes/current-song.ron
{
  "version": "1.0.0",
  "clusters": [
    {
      "rgb": {
        "r": 8,
        "g": 17,
        "b": 26
      },
      "hsv": [
        210.0,
        0.69230765,
        0.101960786
      ],
      "lab": [
        4.7609844,
        -0.57287514,
        -6.818047
      ],
      "count": 46019,
      "share": 0.15339666666666665
    },
    {
      "rgb": {
        "r": 33,
        "g": 67,
        "b": 99
      },
      "hsv": [
        209.09091,
        0.6666666,
        0.3882353
      ],
      "lab": [
        27.402412,
        -1.1713058,
        -22.515047
      ],
      "count": 22782,
      "share": 0.07594
    },
    {
      "rgb": {
        "r": 27,
        "g": 55,
        "b": 81
      },
      "hsv": [
        208.88889,
        0.6666667,
        0.31764707
      ],
      "lab": [
        22.156963,
        -1.3073832,
        -18.999546
      ],
      "count": 22688,
      "share": 0.07562666666666666
    },
    {
      "rgb": {
        "r": 18,
        "g": 35,
        "b": 51
      },
      "hsv": [
        209.09091,
        0.6470588,
        0.2
      ],
      "lab": [
        13.043608,
        -1.2432263,
        -12.644357
      ],
      "count": 20652,
      "share": 0.06884
    },
    {
      "rgb": {
        "r": 29,
        "g": 60,
        "b": 87
      },
      "hsv": [
        207.93103,
        0.6666667,
        0.34117648
      ],
      "lab": [
        24.259998,
        -1.9342452,
        -19.662064
      ],
      "count": 20606,
      "share": 0.06868666666666666
    },
    {
      "rgb": {
        "r": 14,
        "g": 30,
        "b": 46
      },
      "hsv": [
        210.0,
        0.6956522,
        0.18039216
      ],
      "lab": [
        10.6972885,
        -0.67750365,
        -12.717715
      ],
      "count": 15144,
      "share": 0.05048
    },
    {
      "rgb": {
        "r": 12,
        "g": 23,
        "b": 34
      },
      "hsv": [
        210.0,
        0.64705884,
        0.13333334
      ],
      "lab": [
        7.2841263,
        -0.8112788,
        -9.140131
      ],
      "count": 15123,
      "share": 0.05041
    },
    {
      "rgb": {
        "r": 31,
        "g": 62,
        "b": 92
      },
      "hsv": [
        209.5082,
        0.6630435,
        0.36078432
      ],
      "lab": [
        25.287037,
        -0.9292364,
        -21.312988
      ],
      "count": 14466,
      "share": 0.04822
    },
    {
      "rgb": {
        "r": 24,
        "g": 49,
        "b": 73
      },
      "hsv": [
        209.38776,
        0.67123294,
        0.28627452
      ],
      "lab": [
        19.522186,
        -0.9826869,
        -17.773623
      ],
      "count": 14211,
      "share": 0.04737
    },
    {
      "rgb": {
        "r": 36,
        "g": 72,
        "b": 108
      },
      "hsv": [
        210.0,
        0.6666666,
        0.42352942
      ],
      "lab": [
        29.64328,
        -0.44858456,
        -24.729622
      ],
      "count": 13244,
      "share": 0.04414666666666667
    },
    {
      "rgb": {
        "r": 13,
        "g": 27,
        "b": 41
      },
      "hsv": [
        210.0,
        0.68292683,
        0.16078432
      ],
      "lab": [
        9.234392,
        -0.7631406,
        -11.339662
      ],
      "count": 12401,
      "share": 0.04133666666666667
    },
    {
      "rgb": {
        "r": 22,
        "g": 44,
        "b": 65
      },
      "hsv": [
        209.30232,
        0.6615385,
        0.25490198
      ],
      "lab": [
        17.242199,
        -1.1078715,
        -15.889448
      ],
      "count": 11846,
      "share": 0.03948666666666667
    },
    {
      "rgb": {
        "r": 20,
        "g": 41,
        "b": 58
      },
      "hsv": [
        206.8421,
        0.65517235,
        0.22745098
      ],
      "lab": [
        15.6953945,
        -2.2449045,
        -13.4540615
      ],
      "count": 11207,
      "share": 0.03735666666666667
    },
    {
      "rgb": {
        "r": 18,
        "g": 36,
        "b": 56
      },
      "hsv": [
        211.57895,
        0.6785714,
        0.21960784
      ],
      "lab": [
        13.684275,
        0.030741096,
        -15.19556
      ],
      "count": 9697,
      "share": 0.032323333333333336
    },
    {
      "rgb": {
        "r": 33,
        "g": 65,
        "b": 93
      },
      "hsv": [
        208.0,
        0.6451613,
        0.3647059
      ],
      "lab": [
        26.43011,
        -2.106473,
        -20.166481
      ],
      "count": 9298,
      "share": 0.030993333333333335
    },
    {
      "rgb": {
        "r": 26,
        "g": 52,
        "b": 73
      },
      "hsv": [
        206.80852,
        0.64383566,
        0.28627452
      ],
      "lab": [
        20.6596,
        -2.567813,
        -15.99077
      ],
      "count": 7498,
      "share": 0.024993333333333333
    },
    {
      "rgb": {
        "r": 14,
        "g": 30,
        "b": 40
      },
      "hsv": [
        203.07692,
        0.65000004,
        0.15686275
      ],
      "lab": [
        10.371845,
        -3.0886457,
        -8.836508
      ],
      "count": 6617,
      "share": 0.022056666666666665
    },
    {
      "rgb": {
        "r": 40,
        "g": 80,
        "b": 118
      },
      "hsv": [
        209.23077,
        0.6610169,
        0.4627451
      ],
      "lab": [
        32.909878,
        -1.1100918,
        -25.870396
      ],
      "count": 6306,
      "share": 0.02102
    },
    {
      "rgb": {
        "r": 37,
        "g": 73,
        "b": 105
      },
      "hsv": [
        208.23529,
        0.647619,
        0.4117647
      ],
      "lab": [
        29.856647,
        -2.0114331,
        -22.489399
      ],
      "count": 5261,
      "share": 0.017536666666666666
    },
    {
      "rgb": {
        "r": 53,
        "g": 88,
        "b": 130
      },
      "hsv": [
        212.72726,
        0.59230775,
        0.50980395
      ],
      "lab": [
        36.644493,
        0.86051226,
        -27.379715
      ],
      "count": 3014,
      "share": 0.010046666666666667
    },
    {
      "rgb": {
        "r": 162,
        "g": 172,
        "b": 199
      },
      "hsv": [
        223.78378,
        0.18592964,
        0.78039217
      ],
      "lab": [
        70.392006,
        2.1873415,
        -14.916444
      ],
      "count": 2923,
      "share": 0.009743333333333333
    },
    {
      "rgb": {
        "r": 75,
        "g": 98,
        "b": 145
      },
      "hsv": [
        220.28572,
        0.4827586,
        0.5686275
      ],
      "lab": [
        41.649544,
        4.9533844,
        -28.539253
      ],
      "count": 1997,
      "share": 0.006656666666666667
    },
    {
      "rgb": {
        "r": 118,
        "g": 134,
        "b": 173
      },
      "hsv": [
        222.54544,
        0.3179191,
        0.6784314
      ],
      "lab": [
        56.005615,
        3.6149025,
        -22.477293
      ],
      "count": 1477,
      "share": 0.004923333333333333
    },
    {
      "rgb": {
        "r": 140,
        "g": 154,
        "b": 188
      },
      "hsv": [
        222.5,
        0.25531912,
        0.7372549
      ],
      "lab": [
        63.6037,
        2.6952028,
        -19.23133
      ],
      "count": 1439,
      "share": 0.004796666666666667
    },
    {
      "rgb": {
        "r": 98,
        "g": 116,
        "b": 161
      },
      "hsv": [
        222.85715,
        0.39130434,
        0.6313726
      ],
      "lab": [
        49.080887,
        5.079031,
        -26.326561
      ],
      "count": 1346,
      "share": 0.004486666666666667
    },
    {
      "rgb": {
        "r": 34,
        "g": 66,
        "b": 105
      },
      "hsv": [
        212.95773,
        0.67619044,
        0.4117647
      ],
      "lab": [
        27.45182,
        1.9929111,
        -26.279116
      ],
      "count": 1136,
      "share": 0.0037866666666666665
    },
    {
      "rgb": {
        "r": 83,
        "g": 106,
        "b": 140
      },
      "hsv": [
        215.78947,
        0.40714288,
        0.54901963
      ],
      "lab": [
        44.289963,
        0.7058382,
        -21.402168
      ],
      "count": 590,
      "share": 0.0019666666666666665
    },
    {
      "rgb": {
        "r": 177,
        "g": 186,
        "b": 217
      },
      "hsv": [
        226.5,
        0.18433179,
        0.8509804
      ],
      "lab": [
        75.74515,
        3.3035874,
        -16.57722
      ],
      "count": 470,
      "share": 0.0015666666666666667
    },
    {
      "rgb": {
        "r": 248,
        "g": 250,
        "b": 250
      },
      "hsv": [
        180.0,
        0.007999999,
        0.98039216
      ],
      "lab": [
        98.12536,
        -0.659585,
        -0.23179054
      ],
      "count": 357,
      "share": 0.00119
    },
    {
      "rgb": {
        "r": 188,
        "g": 197,
        "b": 210
      },
      "hsv": [
        215.45454,
        0.1047619,
        0.8235294
      ],
      "lab": [
        79.20022,
        -0.529021,
        -7.543826
      ],
      "count": 185,
      "share": 0.0006166666666666666
    }
  ],
  "roleAssignments": [
    {
      "role": "Background",
      "rgb": {
        "r": 162,
        "g": 172,
        "b": 199
      },
      "hsv": [
        223.78378,
        0.18592964,
        0.78039217
      ],
      "lab": [
        70.392006,
        2.1873415,
        -14.916444
      ],
      "hex": "#a2acc7",
      "sourceClusterIndex": 20,
      "confidence": 0.9,
      "origin": "cluster"
    },
    {
      "role": "Text",
      "rgb": {
        "r": 8,
        "g": 17,
        "b": 26
      },
      "hsv": [
        210.0,
        0.69230765,
        0.101960786
      ],
      "lab": [
        4.7609844,
        -0.57287514,
        -6.818047
      ],
      "hex": "#08111a",
      "sourceClusterIndex": 0,
      "confidence": 0.9,
      "contrastAgainstBackground": 8.378704,
      "origin": "cluster"
    },
    {
      "role": "Accent",
      "rgb": {
        "r": 172,
        "g": 172,
        "b": 172
      },
      "hsv": [
        0.0,
        0.0,
        0.6745098
      ],
      "lab": [
        70.35371,
        -0.000029802322,
        0.000011920929
      ],
      "hex": "#acacac",
      "confidence": 0.45,
      "contrastAgainstBackground": 1.001204,
      "contrastAgainstText": 8.368628,
      "origin": "synthetic:bg-neutral"
    },
    {
      "role": "Border",
      "rgb": {
        "r": 53,
        "g": 88,
        "b": 130
      },
      "hsv": [
        212.72726,
        0.59230775,
        0.50980395
      ],
      "lab": [
        36.644493,
        0.86051226,
        -27.379715
      ],
      "hex": "#355882",
      "sourceClusterIndex": 19,
      "confidence": 0.8,
      "origin": "cluster"
    },
    {
      "role": "ActiveItem",
      "rgb": {
        "r": 16,
        "g": 16,
        "b": 16
      },
      "hsv": [
        0.0,
        0.0,
        0.0627451
      ],
      "lab": [
        4.6804447,
        0.0,
        0.0
      ],
      "hex": "#101010",
      "confidence": 0.45,
      "contrastAgainstBackground": 8.392295,
      "contrastAgainstText": 1.0016221,
      "origin": "synthetic:text-neutral"
    },
    {
      "role": "HighlightText",
      "rgb": {
        "r": 216,
        "g": 216,
        "b": 216
      },
      "hsv": [
        0.0,
        0.0,
        0.84705883
      ],
      "lab": [
        86.33965,
        0.0,
        0.0
      ],
      "hex": "#d8d8d8",
      "confidence": 0.65,
      "contrastAgainstBackground": 13.350221,
      "origin": "accent_adjusted:+16.0"
    },
    {
      "role": "Frame",
      "rgb": {
        "r": 71,
        "g": 81,
        "b": 104
      },
      "hsv": [
        221.81819,
        0.31730768,
        0.40784314
      ],
      "lab": [
        34.44439,
        2.044931,
        -14.587986
      ],
      "hex": "#475168",
      "confidence": 0.65,
      "contrastAgainstBackground": 3.5019822,
      "contrastAgainstText": 2.3925605,
      "origin": "background_adjusted:-36.0"
    },
    {
      "role": "HeaderAccent",
      "rgb": {
        "r": 0,
        "g": 0,
        "b": 0
      },
      "hsv": [
        0.0,
        0.0,
        0.0
      ],
      "lab": [
        0.0,
        0.0,
        0.0
      ],
      "hex": "#000000",
      "confidence": 0.6,
      "contrastAgainstBackground": 9.2619915,
      "contrastAgainstText": 1.1054206,
      "origin": "header_accent:black"
    },
    {
      "role": "InactiveItem",
      "rgb": {
        "r": 53,
        "g": 88,
        "b": 130
      },
      "hsv": [
        212.72726,
        0.59230775,
        0.50980395
      ],
      "lab": [
        36.644493,
        0.86051226,
        -27.379715
      ],
      "hex": "#355882",
      "sourceClusterIndex": 19,
      "confidence": 0.7,
      "origin": "cluster"
    },
    {
      "role": "ProgressBar",
      "rgb": {
        "r": 172,
        "g": 172,
        "b": 172
      },
      "hsv": [
        0.0,
        0.0,
        0.6745098
      ],
      "lab": [
        70.35371,
        -0.000029802322,
        0.000011920929
      ],
      "hex": "#acacac",
      "confidence": 0.45,
      "contrastAgainstBackground": 1.001204,
      "contrastAgainstText": 8.368628,
      "origin": "synthetic:bg-neutral"
    },
    {
      "role": "Scrollbar",
      "rgb": {
        "r": 16,
        "g": 16,
        "b": 16
      },
      "hsv": [
        0.0,
        0.0,
        0.0627451
      ],
      "lab": [
        4.6804447,
        0.0,
        0.0
      ],
      "hex": "#101010",
      "confidence": 0.45,
      "contrastAgainstBackground": 8.392295,
      "contrastAgainstText": 1.0016221,
      "origin": "synthetic:text-neutral"
    }
  ],
  "totalSamples": 300000,
  "iterations": 40,
  "durationMs": 843.396049,
  "colorSpace": "CIELAB",
  "scrollbarEnabled": true
}
[2026-06-17 20:11:37] Theme generated successfully: /home/vlvin/.config/rmpc/themes/current-song.ron
[2026-06-17 20:11:37] ========== Theme Update Complete ==========

[2026-06-17 20:11:42] ========== Song Change Detected ==========
[2026-06-17 20:11:42] File: Sleep Token - 2021 - This Place Will Become Your Tomb [Instrumental] (24_44)/01 - Atlantic (Instrumental).flac
[2026-06-17 20:11:42] Artist: Sleep Token
[2026-06-17 20:11:42] Title: Atlantic (Instrumental)
[2026-06-17 20:11:42] Extracting album art...
[2026-06-17 20:11:42] Album art extracted successfully
[2026-06-17 20:11:42] Album art hash unchanged; skipping theme generation (skip_count=184)
[2026-06-17 20:11:44] ========== Song Change Detected ==========
[2026-06-17 20:11:44] File: Sleep Token - 2021 - This Place Will Become Your Tomb [Instrumental] (24_44)/02 - Hypnosis (Instrumental).flac
[2026-06-17 20:11:44] Artist: Sleep Token
[2026-06-17 20:11:44] Title: Hypnosis (Instrumental)
[2026-06-17 20:11:44] Extracting album art...
[2026-06-17 20:11:44] Album art extracted successfully
[2026-06-17 20:11:44] Album art hash unchanged; skipping theme generation (skip_count=185)
[2026-06-17 20:32:09] ========== Song Change Detected ==========
[2026-06-17 20:32:09] File: Sleep Token - 2021 - This Place Will Become Your Tomb [Instrumental] (24_44)/03 - Mine (Instrumental).flac
[2026-06-17 20:32:09] Artist: Sleep Token
[2026-06-17 20:32:09] Title: Mine (Instrumental)
[2026-06-17 20:32:09] Extracting album art...
[2026-06-17 20:32:09] Album art extracted successfully
[2026-06-17 20:32:09] Album art hash unchanged; skipping theme generation (skip_count=186)
[2026-06-17 20:37:24] ========== Song Change Detected ==========
[2026-06-17 20:37:24] File: Sleep Token - 2021 - This Place Will Become Your Tomb [Instrumental] (24_44)/04 - Like That (Instrumental).flac
[2026-06-17 20:37:24] Artist: Sleep Token
[2026-06-17 20:37:24] Title: Like That (Instrumental)
[2026-06-17 20:37:24] Extracting album art...
[2026-06-17 20:37:24] Album art extracted successfully
[2026-06-17 20:37:24] Album art hash unchanged; skipping theme generation (skip_count=187)
[2026-06-17 20:40:59] ========== Song Change Detected ==========
[2026-06-17 20:40:59] File: Sleep Token - 2021 - This Place Will Become Your Tomb [Instrumental] (24_44)/05 - The Love You Want (Instrumental).flac
[2026-06-17 20:40:59] Artist: Sleep Token
[2026-06-17 20:40:59] Title: The Love You Want (Instrumental)
[2026-06-17 20:40:59] Extracting album art...
[2026-06-17 20:40:59] Album art extracted successfully
[2026-06-17 20:40:59] Album art hash unchanged; skipping theme generation (skip_count=188)
[2026-06-17 20:45:22] ========== Song Change Detected ==========
[2026-06-17 20:45:22] File: Sleep Token - 2021 - This Place Will Become Your Tomb [Instrumental] (24_44)/06 - Alkaline (Instrumental).flac
[2026-06-17 20:45:22] Artist: Sleep Token
[2026-06-17 20:45:22] Title: Alkaline (Instrumental)
[2026-06-17 20:45:22] Extracting album art...
[2026-06-17 20:45:22] Album art extracted successfully
[2026-06-17 20:45:22] Album art hash unchanged; skipping theme generation (skip_count=189)
[2026-06-17 20:48:56] ========== Song Change Detected ==========
[2026-06-17 20:48:56] File: Sleep Token - 2021 - This Place Will Become Your Tomb [Instrumental] (24_44)/07 - Distraction (Instrumental).flac
[2026-06-17 20:48:56] Artist: Sleep Token
[2026-06-17 20:48:56] Title: Distraction (Instrumental)
[2026-06-17 20:48:56] Extracting album art...
[2026-06-17 20:48:56] Album art extracted successfully
[2026-06-17 20:48:56] Album art hash unchanged; skipping theme generation (skip_count=190)
[2026-06-17 20:53:18] ========== Song Change Detected ==========
[2026-06-17 20:53:18] File: Sleep Token - 2021 - This Place Will Become Your Tomb [Instrumental] (24_44)/08 - Descending (Instrumental).flac
[2026-06-17 20:53:18] Artist: Sleep Token
[2026-06-17 20:53:18] Title: Descending (Instrumental)
[2026-06-17 20:53:18] Extracting album art...
[2026-06-17 20:53:18] Album art extracted successfully
[2026-06-17 20:53:18] Album art hash unchanged; skipping theme generation (skip_count=191)
[2026-06-17 20:57:58] ========== Song Change Detected ==========
[2026-06-17 20:57:58] File: Sleep Token - 2021 - This Place Will Become Your Tomb [Instrumental] (24_44)/09 - Telomeres (Instrumental).flac
[2026-06-17 20:57:58] Artist: Sleep Token
[2026-06-17 20:57:58] Title: Telomeres (Instrumental)
[2026-06-17 20:57:58] Extracting album art...
[2026-06-17 20:57:58] Album art extracted successfully
[2026-06-17 20:57:58] Album art hash unchanged; skipping theme generation (skip_count=192)
[2026-06-17 21:11:50] ========== Song Change Detected ==========
[2026-06-17 21:11:50] File: Sleep Token - 2021 - This Place Will Become Your Tomb [Instrumental] (24_44)/10 - High Water (Instrumental).flac
[2026-06-17 21:11:50] Artist: Sleep Token
[2026-06-17 21:11:50] Title: High Water (Instrumental)
[2026-06-17 21:11:50] Extracting album art...
[2026-06-17 21:11:50] Album art extracted successfully
[2026-06-17 21:11:50] Album art hash unchanged; skipping theme generation (skip_count=193)
[2026-06-17 21:53:35] ========== Song Change Detected ==========
[2026-06-17 21:53:35] File: C418 (FLAC)/Albums/2009 - Bushes and Marshmallows/01. I apologize.flac
[2026-06-17 21:53:35] Artist: C418
[2026-06-17 21:53:35] Title: I apologize
[2026-06-17 21:53:35] Extracting album art...
[2026-06-17 21:53:35] Album art extracted successfully
[2026-06-17 21:53:35] Generating theme (format: image/jpeg)...
Theme written to: /home/vlvin/.config/rmpc/themes/current-song.ron
{
  "version": "1.0.0",
  "clusters": [
    {
      "rgb": {
        "r": 1,
        "g": 2,
        "b": 1
      },
      "hsv": [
        120.0,
        0.5,
        0.007843138
      ],
      "lab": [
        0.47025108,
        -0.4005581,
        0.28631687
      ],
      "count": 5139,
      "share": 0.16780408163265306
    },
    {
      "rgb": {
        "r": 55,
        "g": 110,
        "b": 4
      },
      "hsv": [
        91.13208,
        0.96363634,
        0.43137255
      ],
      "lab": [
        41.17219,
        -35.13384,
        45.38605
      ],
      "count": 1867,
      "share": 0.06096326530612245
    },
    {
      "rgb": {
        "r": 41,
        "g": 99,
        "b": 2
      },
      "hsv": [
        95.87629,
        0.97979796,
        0.3882353
      ],
      "lab": [
        36.741512,
        -35.272106,
        42.07181
      ],
      "count": 1712,
      "share": 0.05590204081632653
    },
    {
      "rgb": {
        "r": 85,
        "g": 133,
        "b": 12
      },
      "hsv": [
        83.80165,
        0.9097744,
        0.52156866
      ],
      "lab": [
        50.37268,
        -33.869595,
        51.94931
      ],
      "count": 1656,
      "share": 0.054073469387755105
    },
    {
      "rgb": {
        "r": 28,
        "g": 87,
        "b": 2
      },
      "hsv": [
        101.64706,
        0.9770115,
        0.34117648
      ],
      "lab": [
        31.959583,
        -34.29748,
        37.982525
      ],
      "count": 1649,
      "share": 0.05384489795918367
    },
    {
      "rgb": {
        "r": 67,
        "g": 122,
        "b": 6
      },
      "hsv": [
        88.44827,
        0.9508197,
        0.47843137
      ],
      "lab": [
        45.804905,
        -35.941525,
        48.958046
      ],
      "count": 1533,
      "share": 0.050057142857142856
    },
    {
      "rgb": {
        "r": 15,
        "g": 76,
        "b": 2
      },
      "hsv": [
        109.459465,
        0.9736842,
        0.29803923
      ],
      "lab": [
        27.502956,
        -33.233078,
        34.14028
      ],
      "count": 1531,
      "share": 0.04999183673469388
    },
    {
      "rgb": {
        "r": 1,
        "g": 14,
        "b": 1
      },
      "hsv": [
        120.0,
        0.92857146,
        0.05490196
      ],
      "lab": [
        2.9149437,
        -5.3947268,
        3.8561165
      ],
      "count": 1530,
      "share": 0.04995918367346939
    },
    {
      "rgb": {
        "r": 6,
        "g": 64,
        "b": 2
      },
      "hsv": [
        116.129036,
        0.96875,
        0.2509804
      ],
      "lab": [
        22.687382,
        -30.598536,
        29.49993
      ],
      "count": 1194,
      "share": 0.03898775510204082
    },
    {
      "rgb": {
        "r": 6,
        "g": 55,
        "b": 2
      },
      "hsv": [
        115.4717,
        0.96363634,
        0.21568628
      ],
      "lab": [
        19.120575,
        -27.312994,
        25.577682
      ],
      "count": 1097,
      "share": 0.03582040816326531
    },
    {
      "rgb": {
        "r": 102,
        "g": 146,
        "b": 33
      },
      "hsv": [
        83.36284,
        0.77397263,
        0.57254905
      ],
      "lab": [
        55.575455,
        -32.248825,
        51.17906
      ],
      "count": 1023,
      "share": 0.033404081632653064
    },
    {
      "rgb": {
        "r": 2,
        "g": 23,
        "b": 1
      },
      "hsv": [
        117.27273,
        0.95652175,
        0.09019608
      ],
      "lab": [
        5.6713676,
        -10.645106,
        7.8881116
      ],
      "count": 978,
      "share": 0.03193469387755102
    },
    {
      "rgb": {
        "r": 4,
        "g": 46,
        "b": 2
      },
      "hsv": [
        117.27273,
        0.95652175,
        0.18039216
      ],
      "lab": [
        15.403379,
        -24.42895,
        21.04099
      ],
      "count": 942,
      "share": 0.030759183673469387
    },
    {
      "rgb": {
        "r": 4,
        "g": 37,
        "b": 2
      },
      "hsv": [
        116.57143,
        0.945946,
        0.14509805
      ],
      "lab": [
        11.642921,
        -20.586222,
        16.061249
      ],
      "count": 802,
      "share": 0.026187755102040817
    },
    {
      "rgb": {
        "r": 3,
        "g": 30,
        "b": 2
      },
      "hsv": [
        117.85715,
        0.93333334,
        0.11764706
      ],
      "lab": [
        8.586996,
        -16.00842,
        11.741408
      ],
      "count": 784,
      "share": 0.0256
    },
    {
      "rgb": {
        "r": 76,
        "g": 121,
        "b": 15
      },
      "hsv": [
        85.4717,
        0.87603307,
        0.4745098
      ],
      "lab": [
        45.968403,
        -31.820208,
        47.30266
      ],
      "count": 724,
      "share": 0.023640816326530614
    },
    {
      "rgb": {
        "r": 108,
        "g": 151,
        "b": 20
      },
      "hsv": [
        79.69466,
        0.86754966,
        0.5921569
      ],
      "lab": [
        57.435577,
        -32.750904,
        56.738396
      ],
      "count": 717,
      "share": 0.023412244897959185
    },
    {
      "rgb": {
        "r": 3,
        "g": 1,
        "b": 6
      },
      "hsv": [
        264.0,
        0.8333334,
        0.023529412
      ],
      "lab": [
        0.48973656,
        1.2182817,
        -1.7079979
      ],
      "count": 686,
      "share": 0.0224
    },
    {
      "rgb": {
        "r": 242,
        "g": 240,
        "b": 245
      },
      "hsv": [
        264.0,
        0.020408163,
        0.9607843
      ],
      "lab": [
        95.07246,
        1.5535057,
        -2.1700144
      ],
      "count": 678,
      "share": 0.022138775510204083
    },
    {
      "rgb": {
        "r": 114,
        "g": 155,
        "b": 56
      },
      "hsv": [
        84.84849,
        0.6387097,
        0.60784316
      ],
      "lab": [
        59.255753,
        -30.11632,
        46.018185
      ],
      "count": 630,
      "share": 0.02057142857142857
    },
    {
      "rgb": {
        "r": 129,
        "g": 166,
        "b": 52
      },
      "hsv": [
        79.47368,
        0.686747,
        0.6509804
      ],
      "lab": [
        63.4973,
        -29.691965,
        52.492268
      ],
      "count": 629,
      "share": 0.020538775510204083
    },
    {
      "rgb": {
        "r": 88,
        "g": 134,
        "b": 42
      },
      "hsv": [
        90.0,
        0.6865672,
        0.5254902
      ],
      "lab": [
        51.02662,
        -31.508356,
        42.85944
      ],
      "count": 590,
      "share": 0.01926530612244898
    },
    {
      "rgb": {
        "r": 140,
        "g": 173,
        "b": 82
      },
      "hsv": [
        81.75824,
        0.5260116,
        0.6784314
      ],
      "lab": [
        66.57452,
        -26.10144,
        42.625652
      ],
      "count": 477,
      "share": 0.015575510204081633
    },
    {
      "rgb": {
        "r": 63,
        "g": 104,
        "b": 21
      },
      "hsv": [
        89.63855,
        0.7980769,
        0.40784314
      ],
      "lab": [
        39.599358,
        -28.725729,
        39.330776
      ],
      "count": 406,
      "share": 0.013257142857142858
    },
    {
      "rgb": {
        "r": 113,
        "g": 152,
        "b": 73
      },
      "hsv": [
        89.620255,
        0.5197368,
        0.59607846
      ],
      "lab": [
        58.45965,
        -27.364046,
        36.975704
      ],
      "count": 357,
      "share": 0.011657142857142857
    },
    {
      "rgb": {
        "r": 150,
        "g": 179,
        "b": 110
      },
      "hsv": [
        85.217384,
        0.38547486,
        0.7019608
      ],
      "lab": [
        69.36234,
        -21.88319,
        32.027126
      ],
      "count": 353,
      "share": 0.011526530612244897
    },
    {
      "rgb": {
        "r": 195,
        "g": 199,
        "b": 186
      },
      "hsv": [
        78.46154,
        0.06532663,
        0.78039217
      ],
      "lab": [
        79.61049,
        -3.7248135,
        6.025064
      ],
      "count": 346,
      "share": 0.011297959183673469
    },
    {
      "rgb": {
        "r": 39,
        "g": 74,
        "b": 12
      },
      "hsv": [
        93.870964,
        0.8378379,
        0.2901961
      ],
      "lab": [
        27.7238,
        -24.500624,
        30.81857
      ],
      "count": 314,
      "share": 0.010253061224489796
    },
    {
      "rgb": {
        "r": 166,
        "g": 182,
        "b": 144
      },
      "hsv": [
        85.26316,
        0.2087912,
        0.7137255
      ],
      "lab": [
        71.94442,
        -12.392849,
        17.535187
      ],
      "count": 199,
      "share": 0.006497959183673469
    },
    {
      "rgb": {
        "r": 106,
        "g": 129,
        "b": 82
      },
      "hsv": [
        89.36171,
        0.3643411,
        0.5058824
      ],
      "lab": [
        51.12155,
        -17.22625,
        22.823364
      ],
      "count": 82,
      "share": 0.0026775510204081632
    }
  ],
  "roleAssignments": [
    {
      "role": "Background",
      "rgb": {
        "r": 150,
        "g": 179,
        "b": 110
      },
      "hsv": [
        85.217384,
        0.38547486,
        0.7019608
      ],
      "lab": [
        69.36234,
        -21.88319,
        32.027126
      ],
      "hex": "#96b36e",
      "sourceClusterIndex": 25,
      "confidence": 0.9,
      "origin": "cluster"
    },
    {
      "role": "Text",
      "rgb": {
        "r": 1,
        "g": 2,
        "b": 1
      },
      "hsv": [
        120.0,
        0.5,
        0.007843138
      ],
      "lab": [
        0.47025108,
        -0.4005581,
        0.28631687
      ],
      "hex": "#010201",
      "sourceClusterIndex": 0,
      "confidence": 0.9,
      "contrastAgainstBackground": 8.87757,
      "origin": "cluster"
    },
    {
      "role": "Accent",
      "rgb": {
        "r": 169,
        "g": 169,
        "b": 169
      },
      "hsv": [
        0.0,
        0.0,
        0.6627451
      ],
      "lab": [
        69.23781,
        -0.000029802322,
        0.000011920929
      ],
      "hex": "#a9a9a9",
      "confidence": 0.45,
      "contrastAgainstBackground": 1.0039059,
      "contrastAgainstText": 8.84303,
      "origin": "synthetic:bg-neutral"
    },
    {
      "role": "Border",
      "rgb": {
        "r": 3,
        "g": 1,
        "b": 6
      },
      "hsv": [
        264.0,
        0.8333334,
        0.023529412
      ],
      "lab": [
        0.48973656,
        1.2182817,
        -1.7079979
      ],
      "hex": "#030106",
      "sourceClusterIndex": 17,
      "confidence": 0.8,
      "origin": "cluster"
    },
    {
      "role": "ActiveItem",
      "rgb": {
        "r": 2,
        "g": 2,
        "b": 2
      },
      "hsv": [
        0.0,
        0.0,
        0.007843138
      ],
      "lab": [
        0.5483494,
        0.0,
        0.0
      ],
      "hex": "#020202",
      "confidence": 0.45,
      "contrastAgainstBackground": 8.862406,
      "contrastAgainstText": 1.0017111,
      "origin": "synthetic:text-neutral"
    },
    {
      "role": "HighlightText",
      "rgb": {
        "r": 213,
        "g": 213,
        "b": 213
      },
      "hsv": [
        0.0,
        0.0,
        0.8352941
      ],
      "lab": [
        85.27048,
        -0.000029802322,
        0.000011920929
      ],
      "hex": "#d5d5d5",
      "confidence": 0.65,
      "contrastAgainstBackground": 14.13612,
      "origin": "accent_adjusted:+16.0"
    },
    {
      "role": "Frame",
      "rgb": {
        "r": 58,
        "g": 86,
        "b": 23
      },
      "hsv": [
        86.66667,
        0.7325582,
        0.3372549
      ],
      "lab": [
        33.171783,
        -21.802813,
        31.963074
      ],
      "hex": "#3a5617",
      "confidence": 0.65,
      "contrastAgainstBackground": 3.554735,
      "contrastAgainstText": 2.497393,
      "origin": "background_adjusted:-36.0"
    },
    {
      "role": "HeaderAccent",
      "rgb": {
        "r": 0,
        "g": 0,
        "b": 0
      },
      "hsv": [
        0.0,
        0.0,
        0.0
      ],
      "lab": [
        0.0,
        0.0,
        0.0
      ],
      "hex": "#000000",
      "confidence": 0.6,
      "contrastAgainstBackground": 8.970005,
      "contrastAgainstText": 1.0104122,
      "origin": "header_accent:black"
    },
    {
      "role": "InactiveItem",
      "rgb": {
        "r": 3,
        "g": 1,
        "b": 6
      },
      "hsv": [
        264.0,
        0.8333334,
        0.023529412
      ],
      "lab": [
        0.48973656,
        1.2182817,
        -1.7079979
      ],
      "hex": "#030106",
      "sourceClusterIndex": 17,
      "confidence": 0.7,
      "origin": "cluster"
    },
    {
      "role": "ProgressBar",
      "rgb": {
        "r": 169,
        "g": 169,
        "b": 169
      },
      "hsv": [
        0.0,
        0.0,
        0.6627451
      ],
      "lab": [
        69.23781,
        -0.000029802322,
        0.000011920929
      ],
      "hex": "#a9a9a9",
      "confidence": 0.45,
      "contrastAgainstBackground": 1.0039059,
      "contrastAgainstText": 8.84303,
      "origin": "synthetic:bg-neutral"
    },
    {
      "role": "Scrollbar",
      "rgb": {
        "r": 2,
        "g": 2,
        "b": 2
      },
      "hsv": [
        0.0,
        0.0,
        0.007843138
      ],
      "lab": [
        0.5483494,
        0.0,
        0.0
      ],
      "hex": "#020202",
      "confidence": 0.45,
      "contrastAgainstBackground": 8.862406,
      "contrastAgainstText": 1.0017111,
      "origin": "synthetic:text-neutral"
    }
  ],
  "totalSamples": 30625,
  "iterations": 40,
  "durationMs": 86.07418899999999,
  "colorSpace": "CIELAB",
  "scrollbarEnabled": true
}
[2026-06-17 21:53:36] Theme generated successfully: /home/vlvin/.config/rmpc/themes/current-song.ron
[2026-06-17 21:53:36] ========== Theme Update Complete ==========

[2026-06-17 21:54:28] ========== Song Change Detected ==========
[2026-06-17 21:54:28] File: C418 (FLAC)/Albums/2009 - Bushes and Marshmallows/02. Incredible.flac
[2026-06-17 21:54:28] Artist: C418
[2026-06-17 21:54:28] Title: Incredible
[2026-06-17 21:54:28] Extracting album art...
[2026-06-17 21:54:28] Album art extracted successfully
[2026-06-17 21:54:28] Album art hash unchanged; skipping theme generation (skip_count=194)
[2026-06-17 22:09:01] ========== Song Change Detected ==========
[2026-06-17 22:09:01] File: C418 (FLAC)/Albums/2009 - Bushes and Marshmallows/03. Unreasonable.flac
[2026-06-17 22:09:01] Artist: C418
[2026-06-17 22:09:01] Title: Unreasonable
[2026-06-17 22:09:01] Extracting album art...
[2026-06-17 22:09:01] Album art extracted successfully
[2026-06-17 22:09:01] Album art hash unchanged; skipping theme generation (skip_count=195)
[2026-06-17 22:13:02] ========== Song Change Detected ==========
[2026-06-17 22:13:02] File: C418 (FLAC)/Albums/2009 - Bushes and Marshmallows/04. Question.flac
[2026-06-17 22:13:02] Artist: C418
[2026-06-17 22:13:02] Title: Question
[2026-06-17 22:13:02] Extracting album art...
[2026-06-17 22:13:02] Album art extracted successfully
[2026-06-17 22:13:02] Album art hash unchanged; skipping theme generation (skip_count=196)
[2026-06-17 22:14:48] ========== Song Change Detected ==========
[2026-06-17 22:14:48] File: C418 (FLAC)/Albums/2009 - Bushes and Marshmallows/05. I believe I can fly.flac
[2026-06-17 22:14:48] Artist: C418
[2026-06-17 22:14:48] Title: I believe I can fly
[2026-06-17 22:14:48] Extracting album art...
[2026-06-17 22:14:48] Album art extracted successfully
[2026-06-17 22:14:48] Album art hash unchanged; skipping theme generation (skip_count=197)
[2026-06-17 22:18:15] ========== Song Change Detected ==========
[2026-06-17 22:18:15] File: C418 (FLAC)/Albums/2009 - Bushes and Marshmallows/06. Yes.flac
[2026-06-17 22:18:15] Artist: C418
[2026-06-17 22:18:15] Title: Yes
[2026-06-17 22:18:15] Extracting album art...
[2026-06-17 22:18:16] Album art extracted successfully
[2026-06-17 22:18:16] Album art hash unchanged; skipping theme generation (skip_count=198)
[2026-06-17 22:26:14] ========== Song Change Detected ==========
[2026-06-17 22:26:14] File: C418 (FLAC)/Albums/2009 - Bushes and Marshmallows/07. Phaos.flac
[2026-06-17 22:26:14] Artist: C418
[2026-06-17 22:26:14] Title: Phaos
[2026-06-17 22:26:14] Extracting album art...
[2026-06-17 22:26:14] Album art extracted successfully
[2026-06-17 22:26:14] Album art hash unchanged; skipping theme generation (skip_count=199)
[2026-06-17 22:28:33] ========== Song Change Detected ==========
[2026-06-17 22:28:33] File: C418 (FLAC)/Albums/2009 - Bushes and Marshmallows/08. Boygames.flac
[2026-06-17 22:28:33] Artist: C418
[2026-06-17 22:28:33] Title: Boygames
[2026-06-17 22:28:33] Extracting album art...
[2026-06-17 22:28:33] Album art extracted successfully
[2026-06-17 22:28:33] Album art hash unchanged; skipping theme generation (skip_count=200)
[2026-06-17 22:30:56] ========== Song Change Detected ==========
[2026-06-17 22:30:56] File: C418 (FLAC)/Albums/2009 - Bushes and Marshmallows/09. Monkey Park.flac
[2026-06-17 22:30:56] Artist: C418
[2026-06-17 22:30:56] Title: Monkey Park
[2026-06-17 22:30:56] Extracting album art...
[2026-06-17 22:30:56] Album art extracted successfully
[2026-06-17 22:30:56] Album art hash unchanged; skipping theme generation (skip_count=201)
[2026-06-17 22:39:12] ========== Song Change Detected ==========
[2026-06-17 22:39:12] File: C418 (FLAC)/Albums/2009 - Bushes and Marshmallows/10. Chant.flac
[2026-06-17 22:39:12] Artist: C418
[2026-06-17 22:39:12] Title: Chant
[2026-06-17 22:39:12] Extracting album art...
[2026-06-17 22:39:12] Album art extracted successfully
[2026-06-17 22:39:12] Album art hash unchanged; skipping theme generation (skip_count=202)
[2026-06-17 22:43:06] ========== Song Change Detected ==========
[2026-06-17 22:43:06] File: C418 (FLAC)/Albums/2009 - Bushes and Marshmallows/11. Uzick.flac
[2026-06-17 22:43:06] Artist: C418
[2026-06-17 22:43:06] Title: Uzick
[2026-06-17 22:43:06] Extracting album art...
[2026-06-17 22:43:06] Album art extracted successfully
[2026-06-17 22:43:06] Album art hash unchanged; skipping theme generation (skip_count=203)
[2026-06-17 22:43:59] ========== Song Change Detected ==========
[2026-06-17 22:43:59] File: C418 (FLAC)/Albums/2009 - Bushes and Marshmallows/12. Höre.flac
[2026-06-17 22:43:59] Artist: C418
[2026-06-17 22:43:59] Title: Höre
[2026-06-17 22:43:59] Extracting album art...
[2026-06-17 22:44:00] Album art extracted successfully
[2026-06-17 22:44:00] Album art hash unchanged; skipping theme generation (skip_count=204)
[2026-06-17 23:06:29] ========== Song Change Detected ==========
[2026-06-17 23:06:29] File: C418 (FLAC)/Albums/2009 - Bushes and Marshmallows/13. A big thank you to.flac
[2026-06-17 23:06:29] Artist: C418
[2026-06-17 23:06:29] Title: A big thank you to
[2026-06-17 23:06:29] Extracting album art...
[2026-06-17 23:06:29] Album art extracted successfully
[2026-06-17 23:06:29] Album art hash unchanged; skipping theme generation (skip_count=205)
[2026-06-17 23:06:45] ========== Song Change Detected ==========
[2026-06-17 23:06:45] File: C418 (FLAC)/Albums/2009 - Bushes and Marshmallows/14. But I love you.flac
[2026-06-17 23:06:45] Artist: C418
[2026-06-17 23:06:45] Title: But I love you
[2026-06-17 23:06:45] Extracting album art...
[2026-06-17 23:06:45] Album art extracted successfully
[2026-06-17 23:06:45] Album art hash unchanged; skipping theme generation (skip_count=206)
[2026-06-17 23:08:51] ========== Song Change Detected ==========
[2026-06-17 23:08:51] File: C418 (FLAC)/Albums/2009 - Bushes and Marshmallows/15. Turn.flac
[2026-06-17 23:08:51] Artist: C418
[2026-06-17 23:08:51] Title: Turn
[2026-06-17 23:08:51] Extracting album art...
[2026-06-17 23:08:51] Album art extracted successfully
[2026-06-17 23:08:51] Album art hash unchanged; skipping theme generation (skip_count=207)
[2026-06-17 23:09:19] ========== Song Change Detected ==========
[2026-06-17 23:09:19] File: C418 (FLAC)/Albums/2009 - Bushes and Marshmallows/16. Edward.flac
[2026-06-17 23:09:19] Artist: C418
[2026-06-17 23:09:19] Title: Edward
[2026-06-17 23:09:19] Extracting album art...
[2026-06-17 23:09:19] Album art extracted successfully
[2026-06-17 23:09:19] Album art hash unchanged; skipping theme generation (skip_count=208)
[2026-06-17 23:16:21] ========== Song Change Detected ==========
[2026-06-17 23:16:21] File: C418 (FLAC)/Albums/2009 - Bushes and Marshmallows/17. What.flac
[2026-06-17 23:16:21] Artist: C418
[2026-06-17 23:16:21] Title: What
[2026-06-17 23:16:21] Extracting album art...
[2026-06-17 23:16:21] Album art extracted successfully
[2026-06-17 23:16:21] Album art hash unchanged; skipping theme generation (skip_count=209)
[2026-06-17 23:29:04] ========== Song Change Detected ==========
[2026-06-17 23:29:04] File: C418 (FLAC)/Albums/2010 - A Cobblers Tee Thug/01. klack.flac
[2026-06-17 23:29:04] Artist: smn and C418
[2026-06-17 23:29:04] Title: klack
[2026-06-17 23:29:04] Extracting album art...
[2026-06-17 23:29:04] Album art extracted successfully
[2026-06-17 23:29:04] Generating theme (format: image/jpeg)...
Theme written to: /home/vlvin/.config/rmpc/themes/current-song.ron
{
  "version": "1.0.0",
  "clusters": [
    {
      "rgb": {
        "r": 1,
        "g": 1,
        "b": 1
      },
      "hsv": [
        0.0,
        0.0,
        0.003921569
      ],
      "lab": [
        0.27417564,
        0.0,
        0.0
      ],
      "count": 10430,
      "share": 0.3405714285714286
    },
    {
      "rgb": {
        "r": 247,
        "g": 254,
        "b": 249
      },
      "hsv": [
        137.14287,
        0.027559053,
        0.99607843
      ],
      "lab": [
        99.023994,
        -3.1815767,
        1.5839338
      ],
      "count": 3027,
      "share": 0.0988408163265306
    },
    {
      "rgb": {
        "r": 230,
        "g": 254,
        "b": 214
      },
      "hsv": [
        96.0,
        0.1574803,
        0.99607843
      ],
      "lab": [
        97.049164,
        -14.781952,
        16.53713
      ],
      "count": 2638,
      "share": 0.08613877551020409
    },
    {
      "rgb": {
        "r": 12,
        "g": 15,
        "b": 6
      },
      "hsv": [
        79.99999,
        0.59999996,
        0.05882353
      ],
      "lab": [
        3.9108963,
        -2.302222,
        3.3514051
      ],
      "count": 1595,
      "share": 0.052081632653061226
    },
    {
      "rgb": {
        "r": 234,
        "g": 254,
        "b": 232
      },
      "hsv": [
        114.545456,
        0.08661417,
        0.99607843
      ],
      "lab": [
        97.71313,
        -10.438413,
        8.298265
      ],
      "count": 1563,
      "share": 0.05103673469387755
    },
    {
      "rgb": {
        "r": 215,
        "g": 242,
        "b": 254
      },
      "hsv": [
        198.46153,
        0.1535433,
        0.99607843
      ],
      "lab": [
        93.92849,
        -6.390005,
        -8.73822
      ],
      "count": 1416,
      "share": 0.046236734693877554
    },
    {
      "rgb": {
        "r": 192,
        "g": 234,
        "b": 249
      },
      "hsv": [
        195.78947,
        0.22891565,
        0.9764706
      ],
      "lab": [
        90.2706,
        -10.313124,
        -11.729586
      ],
      "count": 1261,
      "share": 0.04117551020408163
    },
    {
      "rgb": {
        "r": 162,
        "g": 214,
        "b": 235
      },
      "hsv": [
        197.26027,
        0.31063828,
        0.92156863
      ],
      "lab": [
        82.79097,
        -11.867195,
        -15.728164
      ],
      "count": 1244,
      "share": 0.04062040816326531
    },
    {
      "rgb": {
        "r": 22,
        "g": 39,
        "b": 15
      },
      "hsv": [
        102.5,
        0.61538464,
        0.15294118
      ],
      "lab": [
        13.567581,
        -12.907431,
        13.218432
      ],
      "count": 555,
      "share": 0.018122448979591838
    },
    {
      "rgb": {
        "r": 27,
        "g": 68,
        "b": 14
      },
      "hsv": [
        105.55556,
        0.7941177,
        0.26666668
      ],
      "lab": [
        24.948177,
        -25.879696,
        27.007368
      ],
      "count": 504,
      "share": 0.016457142857142858
    },
    {
      "rgb": {
        "r": 18,
        "g": 26,
        "b": 10
      },
      "hsv": [
        90.0,
        0.6153846,
        0.101960786
      ],
      "lab": [
        8.032869,
        -7.0299506,
        7.795665
      ],
      "count": 504,
      "share": 0.016457142857142858
    },
    {
      "rgb": {
        "r": 29,
        "g": 85,
        "b": 13
      },
      "hsv": [
        106.666664,
        0.84705883,
        0.33333334
      ],
      "lab": [
        31.316807,
        -32.56841,
        33.753666
      ],
      "count": 477,
      "share": 0.015575510204081633
    },
    {
      "rgb": {
        "r": 24,
        "g": 51,
        "b": 13
      },
      "hsv": [
        102.631584,
        0.74509805,
        0.2
      ],
      "lab": [
        18.324371,
        -18.928333,
        20.22658
      ],
      "count": 471,
      "share": 0.015379591836734693
    },
    {
      "rgb": {
        "r": 88,
        "g": 158,
        "b": 190
      },
      "hsv": [
        198.82353,
        0.5368421,
        0.74509805
      ],
      "lab": [
        61.86412,
        -12.962789,
        -23.272587
      ],
      "count": 461,
      "share": 0.015053061224489796
    },
    {
      "rgb": {
        "r": 216,
        "g": 249,
        "b": 193
      },
      "hsv": [
        95.35715,
        0.22489959,
        0.9764706
      ],
      "lab": [
        94.39767,
        -20.44192,
        23.423016
      ],
      "count": 444,
      "share": 0.01449795918367347
    },
    {
      "rgb": {
        "r": 20,
        "g": 39,
        "b": 37
      },
      "hsv": [
        173.6842,
        0.4871795,
        0.15294118
      ],
      "lab": [
        14.020012,
        -8.373804,
        -1.1291683
      ],
      "count": 443,
      "share": 0.014465306122448979
    },
    {
      "rgb": {
        "r": 118,
        "g": 184,
        "b": 201
      },
      "hsv": [
        192.28915,
        0.41293532,
        0.7882353
      ],
      "lab": [
        71.10961,
        -16.577065,
        -15.196109
      ],
      "count": 443,
      "share": 0.014465306122448979
    },
    {
      "rgb": {
        "r": 17,
        "g": 2,
        "b": 17
      },
      "hsv": [
        300.0,
        0.88235295,
        0.06666667
      ],
      "lab": [
        1.8344307,
        6.5962,
        -4.7149153
      ],
      "count": 401,
      "share": 0.013093877551020408
    },
    {
      "rgb": {
        "r": 45,
        "g": 111,
        "b": 25
      },
      "hsv": [
        106.04651,
        0.7747748,
        0.43529412
      ],
      "lab": [
        41.21034,
        -37.595467,
        39.122772
      ],
      "count": 352,
      "share": 0.011493877551020408
    },
    {
      "rgb": {
        "r": 214,
        "g": 241,
        "b": 236
      },
      "hsv": [
        168.88889,
        0.11203319,
        0.94509804
      ],
      "lab": [
        93.128784,
        -9.737879,
        -0.5782008
      ],
      "count": 310,
      "share": 0.010122448979591837
    },
    {
      "rgb": {
        "r": 105,
        "g": 163,
        "b": 74
      },
      "hsv": [
        99.10113,
        0.5460123,
        0.6392157
      ],
      "lab": [
        61.38684,
        -35.38567,
        39.866955
      ],
      "count": 282,
      "share": 0.009208163265306123
    },
    {
      "rgb": {
        "r": 172,
        "g": 217,
        "b": 141
      },
      "hsv": [
        95.52631,
        0.3502304,
        0.8509804
      ],
      "lab": [
        82.010994,
        -28.105736,
        32.794605
      ],
      "count": 272,
      "share": 0.008881632653061225
    },
    {
      "rgb": {
        "r": 27,
        "g": 67,
        "b": 43
      },
      "hsv": [
        144.0,
        0.59701496,
        0.2627451
      ],
      "lab": [
        25.018604,
        -20.655542,
        10.409969
      ],
      "count": 267,
      "share": 0.008718367346938776
    },
    {
      "rgb": {
        "r": 59,
        "g": 107,
        "b": 55
      },
      "hsv": [
        115.38461,
        0.48598132,
        0.41960785
      ],
      "lab": [
        40.76849,
        -27.870537,
        24.090528
      ],
      "count": 227,
      "share": 0.007412244897959184
    },
    {
      "rgb": {
        "r": 43,
        "g": 96,
        "b": 96
      },
      "hsv": [
        180.0,
        0.5520833,
        0.3764706
      ],
      "lab": [
        37.34096,
        -17.483637,
        -5.3825736
      ],
      "count": 222,
      "share": 0.007248979591836735
    },
    {
      "rgb": {
        "r": 17,
        "g": 60,
        "b": 72
      },
      "hsv": [
        193.09091,
        0.7638889,
        0.28235295
      ],
      "lab": [
        23.061863,
        -10.070682,
        -11.641198
      ],
      "count": 206,
      "share": 0.006726530612244898
    },
    {
      "rgb": {
        "r": 107,
        "g": 158,
        "b": 109
      },
      "hsv": [
        122.352936,
        0.32278484,
        0.61960787
      ],
      "lab": [
        60.500572,
        -27.234524,
        20.34713
      ],
      "count": 171,
      "share": 0.005583673469387755
    },
    {
      "rgb": {
        "r": 98,
        "g": 146,
        "b": 134
      },
      "hsv": [
        165.0,
        0.32876715,
        0.57254905
      ],
      "lab": [
        56.953026,
        -18.96578,
        1.1986732
      ],
      "count": 160,
      "share": 0.005224489795918367
    },
    {
      "rgb": {
        "r": 88,
        "g": 89,
        "b": 88
      },
      "hsv": [
        120.0,
        0.011235954,
        0.34901962
      ],
      "lab": [
        37.70575,
        -0.6107688,
        0.4374802
      ],
      "count": 156,
      "share": 0.005093877551020408
    },
    {
      "rgb": {
        "r": 165,
        "g": 165,
        "b": 165
      },
      "hsv": [
        0.0,
        0.0,
        0.64705884
      ],
      "lab": [
        67.74423,
        -0.000029802322,
        0.000011920929
      ],
      "count": 123,
      "share": 0.004016326530612245
    }
  ],
  "roleAssignments": [
    {
      "role": "Background",
      "rgb": {
        "r": 162,
        "g": 214,
        "b": 235
      },
      "hsv": [
        197.26027,
        0.31063828,
        0.92156863
      ],
      "lab": [
        82.79097,
        -11.867195,
        -15.728164
      ],
      "hex": "#a2d6eb",
      "sourceClusterIndex": 7,
      "confidence": 0.9,
      "origin": "cluster"
    },
    {
      "role": "Text",
      "rgb": {
        "r": 1,
        "g": 1,
        "b": 1
      },
      "hsv": [
        0.0,
        0.0,
        0.003921569
      ],
      "lab": [
        0.27417564,
        0.0,
        0.0
      ],
      "hex": "#010101",
      "sourceClusterIndex": 0,
      "confidence": 0.9,
      "contrastAgainstBackground": 13.273956,
      "origin": "cluster"
    },
    {
      "role": "Accent",
      "rgb": {
        "r": 206,
        "g": 206,
        "b": 206
      },
      "hsv": [
        0.0,
        0.0,
        0.80784315
      ],
      "lab": [
        82.76465,
        0.0,
        0.0
      ],
      "hex": "#cecece",
      "confidence": 0.45,
      "contrastAgainstBackground": 1.0007796,
      "contrastAgainstText": 13.263616,
      "origin": "synthetic:bg-neutral"
    },
    {
      "role": "Border",
      "rgb": {
        "r": 12,
        "g": 15,
        "b": 6
      },
      "hsv": [
        79.99999,
        0.59999996,
        0.05882353
      ],
      "lab": [
        3.9108963,
        -2.302222,
        3.3514051
      ],
      "hex": "#0c0f06",
      "sourceClusterIndex": 3,
      "confidence": 0.8,
      "origin": "cluster"
    },
    {
      "role": "ActiveItem",
      "rgb": {
        "r": 1,
        "g": 1,
        "b": 1
      },
      "hsv": [
        0.0,
        0.0,
        0.003921569
      ],
      "lab": [
        0.27417564,
        0.0,
        0.0
      ],
      "hex": "#010101",
      "confidence": 0.45,
      "contrastAgainstBackground": 13.273956,
      "contrastAgainstText": 1.0,
      "origin": "synthetic:text-neutral"
    },
    {
      "role": "HighlightText",
      "rgb": {
        "r": 251,
        "g": 251,
        "b": 251
      },
      "hsv": [
        0.0,
        0.0,
        0.9843137
      ],
      "lab": [
        98.61815,
        -0.000029802322,
        0.000011920929
      ],
      "hex": "#fbfbfb",
      "confidence": 0.65,
      "contrastAgainstBackground": 20.171274,
      "origin": "accent_adjusted:+16.0"
    },
    {
      "role": "Frame",
      "rgb": {
        "r": 66,
        "g": 118,
        "b": 137
      },
      "hsv": [
        196.05635,
        0.5182482,
        0.5372549
      ],
      "lab": [
        46.86957,
        -11.805952,
        -15.743315
      ],
      "hex": "#427689",
      "confidence": 0.65,
      "contrastAgainstBackground": 3.1916184,
      "contrastAgainstText": 4.1590047,
      "origin": "background_adjusted:-36.0"
    },
    {
      "role": "HeaderAccent",
      "rgb": {
        "r": 0,
        "g": 0,
        "b": 0
      },
      "hsv": [
        0.0,
        0.0,
        0.0
      ],
      "lab": [
        0.0,
        0.0,
        0.0
      ],
      "hex": "#000000",
      "confidence": 0.6,
      "contrastAgainstBackground": 13.354536,
      "contrastAgainstText": 1.0060705,
      "origin": "header_accent:black"
    },
    {
      "role": "InactiveItem",
      "rgb": {
        "r": 12,
        "g": 15,
        "b": 6
      },
      "hsv": [
        79.99999,
        0.59999996,
        0.05882353
      ],
      "lab": [
        3.9108963,
        -2.302222,
        3.3514051
      ],
      "hex": "#0c0f06",
      "sourceClusterIndex": 3,
      "confidence": 0.7,
      "origin": "cluster"
    },
    {
      "role": "ProgressBar",
      "rgb": {
        "r": 206,
        "g": 206,
        "b": 206
      },
      "hsv": [
        0.0,
        0.0,
        0.80784315
      ],
      "lab": [
        82.76465,
        0.0,
        0.0
      ],
      "hex": "#cecece",
      "confidence": 0.45,
      "contrastAgainstBackground": 1.0007796,
      "contrastAgainstText": 13.263616,
      "origin": "synthetic:bg-neutral"
    },
    {
      "role": "Scrollbar",
      "rgb": {
        "r": 1,
        "g": 1,
        "b": 1
      },
      "hsv": [
        0.0,
        0.0,
        0.003921569
      ],
      "lab": [
        0.27417564,
        0.0,
        0.0
      ],
      "hex": "#010101",
      "confidence": 0.45,
      "contrastAgainstBackground": 13.273956,
      "contrastAgainstText": 1.0,
      "origin": "synthetic:text-neutral"
    }
  ],
  "totalSamples": 30625,
  "iterations": 40,
  "durationMs": 133.154092,
  "colorSpace": "CIELAB",
  "scrollbarEnabled": true
}
[2026-06-17 23:29:04] Theme generated successfully: /home/vlvin/.config/rmpc/themes/current-song.ron
[2026-06-17 23:29:04] ========== Theme Update Complete ==========

[2026-06-17 23:32:14] ========== Song Change Detected ==========
[2026-06-17 23:32:14] File: C418 (FLAC)/Albums/2010 - A Cobblers Tee Thug/02. drood.flac
[2026-06-17 23:32:14] Artist: smn and C418
[2026-06-17 23:32:14] Title: drood
[2026-06-17 23:32:14] Extracting album art...
[2026-06-17 23:32:14] Album art extracted successfully
[2026-06-17 23:32:14] Album art hash unchanged; skipping theme generation (skip_count=210)
[2026-06-17 23:35:09] ========== Song Change Detected ==========
[2026-06-17 23:35:09] File: C418 (FLAC)/Albums/2010 - A Cobblers Tee Thug/03. waylong.flac
[2026-06-17 23:35:09] Artist: smn and C418
[2026-06-17 23:35:09] Title: waylong
[2026-06-17 23:35:09] Extracting album art...
[2026-06-17 23:35:09] Album art extracted successfully
[2026-06-17 23:35:09] Album art hash unchanged; skipping theme generation (skip_count=211)
[2026-06-17 23:48:00] ========== Song Change Detected ==========
[2026-06-17 23:48:00] File: C418 (FLAC)/Albums/2010 - A Cobblers Tee Thug/04. acid.flac
[2026-06-17 23:48:00] Artist: smn and C418
[2026-06-17 23:48:00] Title: acid
[2026-06-17 23:48:00] Extracting album art...
[2026-06-17 23:48:00] Album art extracted successfully
[2026-06-17 23:48:00] Album art hash unchanged; skipping theme generation (skip_count=212)
[2026-06-17 23:50:39] ========== Song Change Detected ==========
[2026-06-17 23:50:39] File: C418 (FLAC)/Albums/2010 - A Cobblers Tee Thug/05. hop.flac
[2026-06-17 23:50:39] Artist: smn and C418
[2026-06-17 23:50:39] Title: hop
[2026-06-17 23:50:39] Extracting album art...
[2026-06-17 23:50:39] Album art extracted successfully
[2026-06-17 23:50:39] Album art hash unchanged; skipping theme generation (skip_count=213)
[2026-06-17 23:54:17] ========== Song Change Detected ==========
[2026-06-17 23:54:17] File: C418 (FLAC)/Albums/2010 - A Cobblers Tee Thug/06. dish.flac
[2026-06-17 23:54:17] Artist: smn and C418
[2026-06-17 23:54:17] Title: dish
[2026-06-17 23:54:17] Extracting album art...
[2026-06-17 23:54:17] Album art extracted successfully
[2026-06-17 23:54:17] Album art hash unchanged; skipping theme generation (skip_count=214)
[2026-06-17 23:57:41] ========== Song Change Detected ==========
[2026-06-17 23:57:41] File: C418 (FLAC)/Albums/2010 - A Cobblers Tee Thug/07. sound.flac
[2026-06-17 23:57:41] Artist: smn and C418
[2026-06-17 23:57:41] Title: sound
[2026-06-17 23:57:41] Extracting album art...
[2026-06-17 23:57:41] Album art extracted successfully
[2026-06-17 23:57:41] Album art hash unchanged; skipping theme generation (skip_count=215)
[2026-06-18 00:02:11] ========== Song Change Detected ==========
[2026-06-18 00:02:11] File: C418 (FLAC)/Albums/2010 - A Cobblers Tee Thug/08. goltra.flac
[2026-06-18 00:02:11] Artist: smn and C418
[2026-06-18 00:02:11] Title: goltra
[2026-06-18 00:02:11] Extracting album art...
[2026-06-18 00:02:11] Album art extracted successfully
[2026-06-18 00:02:11] Album art hash unchanged; skipping theme generation (skip_count=216)
[2026-06-18 00:05:45] ========== Song Change Detected ==========
[2026-06-18 00:05:45] File: C418 (FLAC)/Albums/2010 - A Cobblers Tee Thug/09. crowdpleaser.flac
[2026-06-18 00:05:45] Artist: smn and C418
[2026-06-18 00:05:45] Title: crowdpleaser
[2026-06-18 00:05:45] Extracting album art...
[2026-06-18 00:05:45] Album art extracted successfully
[2026-06-18 00:05:45] Album art hash unchanged; skipping theme generation (skip_count=217)
[2026-06-18 00:09:03] ========== Song Change Detected ==========
[2026-06-18 00:09:03] File: C418 (FLAC)/Albums/2010 - A Cobblers Tee Thug/10. shit.flac
[2026-06-18 00:09:03] Artist: smn and C418
[2026-06-18 00:09:03] Title: shit
[2026-06-18 00:09:03] Extracting album art...
[2026-06-18 00:09:03] Album art extracted successfully
[2026-06-18 00:09:03] Album art hash unchanged; skipping theme generation (skip_count=218)
[2026-06-18 00:12:18] ========== Song Change Detected ==========
[2026-06-18 00:12:18] File: C418 (FLAC)/Albums/2010 - A Cobblers Tee Thug/11. test.flac
[2026-06-18 00:12:18] Artist: smn and C418
[2026-06-18 00:12:18] Title: test
[2026-06-18 00:12:18] Extracting album art...
[2026-06-18 00:12:18] Album art extracted successfully
[2026-06-18 00:12:19] Album art hash unchanged; skipping theme generation (skip_count=219)
[2026-06-18 00:15:21] ========== Song Change Detected ==========
[2026-06-18 00:15:21] File: C418 (FLAC)/Albums/2010 - A Cobblers Tee Thug/12. bai.flac
[2026-06-18 00:15:21] Artist: smn and C418
[2026-06-18 00:15:21] Title: bai
[2026-06-18 00:15:21] Extracting album art...
[2026-06-18 00:15:21] Album art extracted successfully
[2026-06-18 00:15:21] Album art hash unchanged; skipping theme generation (skip_count=220)
